make,model,year,variant_trim,drivetrain_config,is_primary,axle_configuration,drive_layout,motor_count,motor_layout,motor_power_front_kw,motor_power_rear_kw,motor_reduction_front,motor_reduction_rear,drivetrain_ratio_lumped,engine_power_kw,final_drive_ratio,gearbox_ratios,gear_count,transmission_type,transfer_ratios,curb_mass_kg,gross_mass_kg,source_url,quote,notes
Audi,e-tron Sportback,2020.0,50 Quattro Business Edition Plus,,TRUE,,,2,1-front+1-rear,135,165,,,,,,,,,,,,https://electrichasgoneaudi.net/models/e-tron/drivetrain/motor/,"Front: 250 (APA250, parallel axle) 125 kW standard / 135 kW boost. Rear: 320 (ATA320, coaxial axle) 140 kW standard / 165 kW boost.","e-tron 50 uses smaller-output APA250 front / ATA320 rear motors vs e-tron 55. Reported boost-mode component ratings (135F/165R); standard-mode ratings are 125F/140R. Component boost sum (300kW) exceeds published system boost cap (230 kW), consistent with motors not both hitting peak simultaneously (battery power limited). No axle reduction ratios found."
Honda,e,2020.0,Advance,,TRUE,,,1,1-rear,,113,,,,,,,,,,,,https://www.evspecifications.com/en/model/26b9f8,113 kW ... 315 Nm ... Rear-wheel drive (RWD) ... single electric motor,Automatic single-speed reduction gear mentioned but exact ratio not disclosed.
Mazda,MX-30,2020.0,First Edition,,TRUE,,,1,1-front,107,,,,,,,,,,,,,https://www.evspecifications.com/en/model/cbccd5,107 kW (143.5 hp / 145.5 ps) ... Front-wheel drive (FWD) ... one electric motor positioned at the front,"A search-engine synthesis cited a 9.986 front reduction ratio (attributed to autoevolution) but the source page could not be fetched directly to confirm, so left blank per rule against using non-fetched figures."
Tesla,Model Y,2021.0,Performance AWD,,TRUE,,,2,1-front+1-rear,137,202,,,,,,,,,,,,https://www.evspecifications.com/en/model/ce7c10e,"Electric motor #1: 202 kW @ 5000 rpm, 404 Nm, Location: Rear. Electric motor #2: 137 kW @ 6380 rpm, 219 Nm, Location: Front.","Rear PMSM, front induction motor. No reduction ratios found."
Ducati,V21L,2023.0,,,TRUE,,,1,1-rear,,110,,,,,,,,,,,,https://hiconsumption.com/motors/ducati-v21l-motoe-prototype-racer/,150hp (110kw) ... single motor,"Motorcycle: single motor, chain final drive to rear wheel (per gpone.com/bennetts search summaries: 'mid-mounted motor, gear reduction, and chain final drive', 'single motor ... single speed transmission') - layout inferred from universal motorcycle rear-chain-drive architecture, not from a specific numeric spec. No numeric gear reduction ratio found via direct fetch."
Ford,C-MAX (PHEV),2016,,,TRUE,,,1,1-front,68,,,,,,,,,,,,,https://www.topspeed.com/cars/ford/2016-ford-c-max-energi/,Charge Sustain Mode: 35 kW peak power. Charge Depletion Mode: 68 kW capable output. ... Front-Wheel Drive ... One electric motor,C-MAX Energi uses HF35 eCVT power-split hybrid transaxle (MG1+MG2); site distinguishes two power modes (35kW sustain vs 68kW depletion) for the single traction motor (MG2) rather than front/rear axles. Reported the higher (charge depletion) figure; the lower 35kW charge-sustain figure is closer to the worklist's known ~65kW context. No axle reduction ratio found.
Kia,Optima Hybrid,2016,,,TRUE,,,1,1-front,35,,,,,,,,,,,,,https://www.kiamedia.com/us/en/models/optima-hybrid/2016/specifications,"46.9 hp (35 kW) @ 1,630-3,000 rpm ... Interior-Permanent Magnet Synchronous Motor ... Front engine, front drive",Matches worklist known value (35.0 kW) exactly. No reduction ratio found.
Tesla,Model S60 2WD,2016,,,TRUE,,,1,1-rear,,285,,9.73,,,,,,,,,,https://www.evspecifications.com/en/model/87444d,"285 kW (382.2 hp) ... Single motor, located at the rear axle ... Gear Reduction Ratio: 9.73 (axle ratio) ... 3-phase 4-pole AC induction motor with a copper rotor",Matches worklist known value (285.0 kW) exactly.
Prius,Prime,2017,,,TRUE,,,1,1-front,53,,,,,,,,,,,,,https://en.wikipedia.org/wiki/Prius_Prime,"MG2 (Motor-Generator 2): 53 kW (71 hp) ... MG1 (Motor-Generator 1): 23 kW (31 hp) ... Front-engine, front-wheel-drive","Power-split hybrid transaxle: MG2 (53kW) is the primary front traction motor, MG1 (23kW) is mainly a generator/starter that can also add torque through the planetary power-split device - both integrated in the front transaxle, not a separate axle. Reported MG2 only as front traction power. Matches worklist known value (53.0 kW) exactly. No gear reduction ratio confirmed for this generation via direct fetch."
Ford,F-150 Lightning 4WD,2022,,,TRUE,,,2,1-front+1-rear,,,,,,,,,,,,,,https://en.wikipedia.org/wiki/Ford_F-150_Lightning,"Dual-motor, four-wheel-drive ... permanent magnet motors ... Standard battery: 452 hp (337 kW) ... Extended battery: 580 hp (433 kW) ... does not specify individual motor power distribution between front and rear axles","Only combined system power found (337kW standard-range, close to worklist known 317.67kW); no per-axle breakdown located in any directly-fetched source (Ford press PDF and Munro teardown forum page did not yield fetchable per-motor kW figures), so left blank per rule 6."
Tesla,Model 3 RWD,2022,,,TRUE,,,1,1-rear,,180,,9,,,,,,,,,,https://www.evspecifications.com/en/model/935f298,180 kW (kilowatts) operating at 6000 rpm ... Location of the motor: Rear ... axle ratio is specified as 9 ... Permanent Magnet Synchronous Motor (PMSM),"Other sources (ev-database.org, search synthesis) cite differing combined/peak figures (194-239 kW range) for this trim/battery variant; used the directly-fetched evspecifications figure (180kW) which differs from worklist known value (239.0 kW) - likely different measurement basis (peak vs continuous, or different market/software version). Axle ratio given only as rounded '9' on the source page."
Volvo,XC40 Recharge twin,2022,,,TRUE,,,2,1-front+1-rear,150,150,,,,,,,,,,,,https://www.evspecifications.com/en/model/ea562a3,Front Motor Power: 150 kW. Rear Motor Power: 150 kW. ... one motor at each axle ... identical Permanent Magnet Synchronous Motors (PMSM) model E400V6 (EAD3.1) ... combined system delivers 300 kW total power,"150+150=300kW matches worklist known combined value (299.77 kW) closely. Reduction gear stated only as 'automatic single-speed reduction gear', no numeric ratio given. Twin Motor identification CONFIRMED against the dataset row's own motor_power_kw of 299.77 kW, which matches 150+150 kW Twin Motor and rules out the 170 kW Single Motor FWD trim."
VinFast,VF e34,2024,,,TRUE,,,1,1-front,110,,,,,,,,,,,,,https://en.wikipedia.org/wiki/VinFast_VF_e34,"110 kW (148 hp; 150 PS) ... permanent magnet design ... Front-motor, front-wheel-drive",Matches worklist known value (110.0 kW) exactly. No reduction ratio found.
Chevy,Volt,2017.0,Unknown,,TRUE,,,2,2-front,135,,,,,,,,,,,,,https://en.wikipedia.org/wiki/Chevrolet_Volt_(second_generation),"1x 87 kW (117 hp) and 1x 48 kW (64 hp) ... Combined Peak Power: 135 kW (181 hp total) ... Two permanent magnet motor/generators ... Front-engine, front-wheel drive layout ... Voltec 5ET50 multi-mode electric transaxle","Voltec transaxle has two motor-generators (87kW + 48kW) BOTH driving the front wheels via a shared planetary/clutch transaxle - there is no rear motor, so none of the prescribed layout tokens (1-front, 1-rear, etc.) fit exactly. Used custom token '2-front' to convey two motors, one axle. front_kw = combined peak (135kW, i.e. 87+48). Worklist known value is 115.2 kW, which does not match either individual motor rating or the 135kW combined peak found - flagging as a possible different measurement basis (e.g. continuous vs peak)."
Tesla,ModelS,2022.0,Long Range,,TRUE,,,2,1-front+1-rear,250,250,7.56,9.04,,,,,,,,,,https://www.evspecifications.com/en/model/6042291,"Electric motor #1: 250 kW, Location: Rear. Electric motor #2: 250 kW, Location: Front. ... Rear axle: 9.04. Front axle: 7.56. ... combined system produces 500 kW (kilowatts) 670.5 hp","Worklist known value is 205.0 kW, notably lower than the 250kW per-motor figure found here - possible different rating basis; reporting the directly-fetched per-axle figures as instructed."
Tesla,ModelY,2022.0,Performance AWD,,TRUE,,,2,1-front+1-rear,137,202,,,,,,,,,,,,https://www.evspecifications.com/en/model/c06b113,"Front Motor Power: 137 kW (front location). Rear Motor Power: 202 kW (rear location). ... Axle ratio of 9.1, though this appears to be a combined specification rather than separate front/rear ratios. The document does not distinguish between front and rear axle reduction ratios individually.","Single combined axle ratio (9.1) given without specifying which axle it applies to, so left both reduction fields blank per rule 5. Worklist known value 235.0 kW does not directly match front, rear, or sum (339 total); reporting per-axle figures as sourced."
Audi,e-tron Sportback,2020.0,50 Quattro Business Edition,,TRUE,,,2,1-front+1-rear,,,,,,,,,,,,,,https://www.auto-data.net/en/audi-e-tron-sportback-50-71-kwh-313hp-quattro-38072,"One electric motor drives the front wheels, one electric motor drives the rear wheels; System power 313 Hp; 1 gears, automatic transmission","Combined system power 230 kW (312 PS) per carfolio fetch; per-axle kW split not confirmed on any fetched page (only unverified search-snippet claims of 100/130 kW front/rear, not used). carfolio.com listed a single 'final drive ratio 9.21' without specifying axle, so left blank per rule 5."
Honda,e,2020.0,specs,,TRUE,,,1,1-rear,,100,,,,,,,,,,,,https://www.evspecifications.com/en/model/0000f6,"Motor Power: 100 kW (134.1 hp); Layout: Rear-mounted, providing rear-wheel drive (RWD); Automatic single-speed reduction gear",Reduction gear present but no numeric ratio given on fetched page.
Mazda,MX-30,2020.0,Luxury,,TRUE,,,1,1-front,105,,,,,,,,,,,,,https://ev-database.org/car/1241/Mazda-MX-30,105 kW (143 PS) total power output; Front drive configuration,No numeric reduction ratio found on fetched page.
Volkswagen,Golf,2020.0,1.4 EHybrid 245hp GTE,,TRUE,,,1,1-front,80,,,,,,,,,,,,,https://www.volkswagen-newsroom.com/en/golf-etsi-golf-ehybrid-and-golf-gte-international-media-drive-6336/golf-ehybrid-and-golf-gte-the-plug-in-hybrid-in-detail-6339,a peak power output of up to 80 kW (110 PS); Only the front axle is driven in each case; automatic 6-speed dual-clutch gearbox (DQ400E),"80 kW is the electric motor's own peak power (part of a combined 180 kW/245 PS system with 1.4 TSI engine), not the ICE. No reduction ratio given."
BMW,i3 REx PHEV,2016,,,TRUE,,,1,1-rear,,125,,9.665,,,,,,,,,,https://www.evspecifications.com/en/model/02757e,Motor Power: 125 kW (kilowatts) 167.6 hp; Rear-mounted... Rear-wheel drive (RWD); axle ratio is specified as 9.665,Fetched page's 125 kW differs slightly from worklist known value of 127.0 kW; reporting the sourced figure as read.
Ford,C-MAX HEV,2016,,,TRUE,,,1,1-front,,,,,,,,,,,,,,https://www.cars.com/research/ford-c_max_hybrid-2016/,2.0-liter four-cylinder engine and electric motor make 188 horsepower total; Front-wheel drive,"Front-wheel drive layout confirmed by fetch; motor kW figure (35 kW) only appeared in unfetched search snippets, so left blank per rule 1."
BMW,5 series,2020.0,530e,,TRUE,,,1,1-rear,,80.2,,,,,,,,,,,,https://www.carfolio.com/bmw-530e-675114,"109.0 PS (108 bhp, 80.2 kW) @ 3140 rpm","Single eDrive motor integrated in 8-speed transmission; 530e (non-xDrive) is RWD so motor drives rear axle (location inferred from RWD layout, not explicitly stated on page). No reduction ratio published on source."
Lexus,RX,2019.0,450h Business Line,,TRUE,,,2,1-front+1-rear,123,50,,,,,,,,,,,,https://www.ultimatespecs.com/car-specs/Lexus/74254/Lexus-RX-(AL20)-450h-AWD.html,Front Electric Motor Power: 167 PS / 165 HP / 123 kW; Rear Electric Motor Power: 68 PS / 67 HP / 50 kW,"AL20 generation RX 450h AWD (2015-2022), covers 2019 model year. Rear motor drives rear wheels independently (no mechanical driveshaft). No reduction ratio published on source."
Subaru,Forester,2019.0,2.0i E-BOXER Comfort,,TRUE,,,1,1-front,12,,,,,,,,,,,,,https://www.ultimatespecs.com/car-specs/Subaru/117644/Subaru-Forester-5-20i-e-BOXER.html,Total electric power: 16 PS / 16 HP / 12 kW,e-BOXER mild hybrid motor integrated with engine/CVT ahead of AWD transfer case; treated as front-mounted (page does not explicitly state axle location). No reduction ratio published on source.
Volvo,V90,2020.0,T8 Recharge AWD Inscription,,TRUE,,,1,1-rear,,64.7,,,,,,,,,,,,https://www.carfolio.com/volvo-v90-t8-twinengine-644083,"Secondary power: 88.0 PS (87 bhp, 64.7 kW)","Twin Engine PHEV: 2.0L engine drives front wheels, electric motor drives rear wheels with no mechanical connection between axles (Volvo AWD system). No reduction ratio published on source."
Chevrolet,Spark EV,2016,,,TRUE,,,1,1-front,105,,,,,,,,,,,,,https://insideevs.com/news/321595/exclusive-2015-chevy-spark-ev-final-drive-ratio-moves-up-to-387-battery-capacity-drops-to-19-kwh/,electric motor produces 105 kW and 444 Nm of torque; front-wheel drive (FWD),"Motor power/layout from WebSearch results, not a directly fetched page (fetch of insideevs article itself returned HTTP 403, so treat with caution). A 3.17 vs 3.87 gear-reduction ratio distinction between 2014 and 2015/2016 model years was reported in search snippets only, not confirmed via a fetched page, so left blank per rule against inferring."
Ferrari,SF90 Stradale,2020.0,specs,,TRUE,,,3,2-front+1-rear,198,150,,,,,,,,,,,,https://evcentral.com.au/secrets-of-the-electric-ferrari-sf90-stradale/,Combined output: 198 kW (two motors x 99 kW each); two electric motors for the front wheels and a third axial flux motor assisting the V8 twin-turbo engine at the rear; Power output: 150kW and 266Nm peak power and torque (rear MGU-K),Rear motor (Yasa axial-flux) assists ICE at rear axle rather than acting as an independent traction motor; no gear reduction ratios published in source.
Lexus,RX,2019.0,450h Executive Line,,TRUE,,,2,1-front+1-rear,123,50,,,,,,,,,,,,https://www.ultimatespecs.com/car-specs/Lexus/74254/Lexus-RX-(AL20)-450h-Executive.html,Front Electric Motor: 167 PS / 165 HP / 123 kW; Rear Electric Motor: 68 PS / 67 HP / 50 kW,"Total system power (227 kW) is combined engine+motors figure, not used; front/rear are individual e-motor figures. No reduction ratios given."
Tesla,Model Y,2021.0,Long Range AWD,,TRUE,,,2,1-front+1-rear,137,180,,,,,,,,,,,,https://www.evspecifications.com/en/model/a8dc10d,Front Motor Power: 137 kW; Rear Motor Power: 180 kW; Axle ratio: 9.1 (not differentiated by axle),"Source gives a single 'axle ratio' of 9.1 without stating which axle it applies to, so both reduction columns left blank per rule against attributing an undifferentiated ratio."
Volvo,V90,2020.0,T8 Recharge AWD R-Design,,TRUE,,,1,1-rear,,65,,,,,,,,,,,,https://www.volvoclub.org.uk/press/volvo2018/173584_Drive_E_Factsheet_T8_Twin_Engine.pdf,"Electric Rear Axle Drive (ERAD): Permanent Magnet Synchronous Machine, Peak power: 65 kW, Peak torque 240 Nm","Front axle is ICE-driven (T6 petrol) only; the Crank-Integrated Starter Generator (C-ISG, 34 kW) assists the engine on the crankshaft and is not an independent traction motor, so front traction power left blank. Source is a generic Volvo T8 Twin Engine AWD tech factsheet (2016) depicting a V90, describing the ERAD shared across T8 models. No reduction ratio given."
Hyundai,Tucson Fuel Cell,2016,,,TRUE,,,1,1-front,99,,,,,,,,,,,,,https://www.autodata1.com/en/car/hyundai/tucson/tucson-iii-095-kwh-134-hp-fuel-cell,134 hp | 99 kW (system power); Front wheel drive; Number of Gears (automatic transmission): 1,"Worklist known figure of 134.0 appears to be hp, not kW; the actual electric traction motor power is ~99 kW (100 kW in other rounded sources). Single-speed transmission; no numeric reduction ratio disclosed."
Nissan,Leaf 30 kWh,2016,,,TRUE,,,1,1-front,80,,7.9377,,,,,,,,,,,https://www.evspecifications.com/en/model/077ef,Motor Power: 80 kW; Drive Axle: Front-wheel drive (FWD); axle ratio of 7.9377,Confirms worklist known motor_power_kw=80.0.
Chevrolet,Volt,2016,,,TRUE,,,2,2-front,135,,,,,,,,,,,,,https://en.wikipedia.org/wiki/Chevrolet_Volt_(second_generation),"1x 87 kW (117 hp) and 1x 48 kW (64 hp) ... Combined Peak Power: 135 kW (181 hp total) ... Two permanent magnet motor/generators ... Front-engine, front-wheel drive layout ... Voltec 5ET50 multi-mode electric transaxle","Same second-generation Volt platform/powertrain as the 2017 model year already researched in part-1 (2016-2019 shared Voltec 5ET50 transaxle). Two motor-generators (87kW+48kW) both drive the front wheels only, no rear motor - used custom '2-front' token as in the 2017 Volt row. front_kw = combined peak (87+48=135kW)."
Hyundai,Sonata PHEV,2016,,,TRUE,,,1,1-front,50,,,,,,,,,,,,,https://www.electricvehiclewiki.com/hyundai-sonata-phev-specifications/,2.0-liter Nu four-cylinder GDI engine coupled with a 50kW electric motor ... 50kW electric motor is 32 percent more powerful than the electric motor applied on the Sonata Hybrid (38 kW) ... 6-speed automatic transmission,"Source doesn't explicitly state 'front-wheel drive' but the Sonata (all trims/generations) is a FWD-only sedan platform, so front-axle placement is a structural certainty rather than an inferred spec figure. No gear reduction ratio found."
Leaf,24 kWh,2016,,,TRUE,,,1,1-front,80,,7.9377,,,,,,,,,,,https://www.evspecifications.com/en/model/96bbe,80 kW (kilowatts) ... equivalent to 107.3 hp ... Single motor configuration located at the front ... axle ratio (final drive): 7.9377 ... Front-wheel drive (FWD),Source is the 2016 Nissan Leaf S (24 kWh) trim.
Mitsubishi,i-MiEV,2016,,,TRUE,,,1,1-rear,,49,,,,,,,,,,,,https://en.wikipedia.org/wiki/Mitsubishi_i-MiEV,a rated peak power output of 49 kW (66 hp) ... a continuous power rating is 35 kW (47 hp) ... a single permanent magnet synchronous motor mounted on the rear axle ... a single-speed reduction gear transmission driving the rear wheels,Reported the peak (49kW) rating; continuous rating is 35kW. Gear ratio number not given by source.
Toyota,Highlander Hybrid,2016,,,TRUE,,,2,1-front+1-rear,123,50,,6.8,,,,,,,,,,https://www.new-cars.com/2016/toyota/specs/highlander-hybrid.html,Front Motor (MG2): Max. Output: 167 hp (123 kw). Rear Motor (MGR): Max. Output: 68 hp (50 kw).,"E-Four AWD system: front eCVT transaxle (MG2, 123kW) plus separate rear electric motor (50kW) engaged for AWD traction. Rear reduction ratio (6.8:1) sourced from a forum thread (endless-sphere.com) describing the shared Toyota AWD rear e-drive unit (Q211-2FM) used in RAV4/Highlander hybrids of this era - not Highlander-specific confirmation, flagged as possibly-shared-component data. Front reduction ratio not found."
Toyota,Prius Two FWD,2016,,,TRUE,,,1,1-front,53,,,,,,,,,,,,,https://en.wikipedia.org/wiki/Toyota_Prius_(XW50),"MG1: 23 kW (31 hp). MG2: 53 kW (71 hp). ... Front-engine, front-wheel-drive ... Power-split hybrid configuration using Toyota's Hybrid Synergy Drive","Power-split hybrid: MG2 (53kW) is the primary front traction motor; MG1 (23kW) is mainly generator/starter. Reported MG2 only, consistent with how the Prius Prime (same generation) was reported in part-1. No gear reduction ratio found."
Chevrolet,Bolt,2017,,,TRUE,,,1,1-front,150,,7.05,,,,,,,,,,,https://www.evspecifications.com/en/model/50ab8e,150 kW with 201.2 hp (mechanical horsepower) ... Front-wheel drive (FWD) ... Permanent Magnet Synchronous Motor (PMSM) ... axle ratio is 7.05 ... Automatic single-speed reduction gear,
BMW,iX xDrive40,2021,,,TRUE,,,2,1-front+1-rear,,,,,,,,,,,,,,https://www.evspecifications.com/en/model/4759143,"Dual motor all-wheel drive (one front, one rear) ... 240 kW (kilowatts) combined output ... Electrically Excited Synchronous Motor (EESM) technology at both front and rear ... axle ratio 8.774","Directly-fetched source gives only combined system power (240kW), not per-axle split, so power columns left blank per rule 6. A search-engine synthesis (not independently fetched) cited 190kW front / 200kW rear - not used since it wasn't confirmed on a page I fetched. The 8.774 axle ratio is given as a single figure not attributed to front or rear, so left both reduction columns blank per rule 5."
Cupra,Born,2021,,,TRUE,,,1,1-rear,,150,,,,,,,,,,,,https://ev-database.org/car/1516/CUPRA-Born-150-kW---58-kWh,"150 kW (204 PS) ... 310 Nm ... Rear drive configuration, indicating a single rear-mounted motor design",This is the base 150kW/58kWh 2021 launch variant; a higher-output 170kW E-Boost variant also exists. No reduction ratio found.
Fiat,Panda Mild Hybrid,2021,,,TRUE,,,1,1-front,3.6,,,,,,,,,,,,,https://www.media.stellantis.com/em-en/fiat/press/fiat-panda-hybrid-the-most-democratic-mild-hybrid-on-the-market,"a BSG (Belt-integrated Starter Generator) electric motor...uses it, at a peak output of 3.6 kW, to restart the engine in Stop&Start mode and to assist acceleration.","12V mild-hybrid BSG (belt-driven starter-generator) bolted to the FireFly 1.0L engine - not an independent traction motor and cannot propel the car alone; power reported is the boost-assist peak (3.6 kW), not a standalone axle drive rating. Layout assumed front (engine-mounted, FWD car) but source doesn't explicitly state motor placement, only that it's belt-integrated with the engine."
Mini,Cooper SE Hardtop 2 door,2022,,,TRUE,,,1,1-front,135,,,,,,,,,,,,,https://en.wikipedia.org/wiki/Mini_Electric,"135 kW (181 hp) synchronous electric motor ... Front-motor, front-wheel-drive ... Single speed with fixed ratio",Gear ratio not disclosed numerically by source.
Renault,Megane E-Tech,2022,,,TRUE,,,1,1-front,160,,,,,,,,,,,,,https://www.renault.co.uk/electric-vehicles/megane-electric/engine-specifications-grade-page.html,"With its electric motor producing up to 160 kW of power, the equivalent of 220 hp, Megane E-Tech electric delivers high-performance and responsive driving.",This is the EV60 220hp variant (160kW); a lower-power EV40 130hp (96kW) variant also exists and worklist gives no variant_trim to disambiguate - flagging the ambiguity. Front-wheel drive confirmed via other sources (Wikipedia/Motor1) but not directly quoted from this fetch. No reduction ratio found.
Renault,Zoe ZE50 R135,2022,,,TRUE,,,1,1-front,100,,,,,,,,,,,,,https://www.evspecifications.com/en/model/d323ad,100 kW (kilowatts) with 134.1 hp (mechanical horsepower) ... Location: Front ... Front-wheel drive (FWD) ... Automatic single-speed reduction gear,No numeric gear reduction ratio disclosed.
Tesla,Model Y RWD,2022,,,TRUE,,,1,1-rear,,220,,,,,,,,,,,,https://www.evspecifications.com/en/model/102829e,220 kW (kilowatts) with 295.0 hp (mechanical horsepower) ... Rear-wheel drive (RWD) with the motor located at the rear ... Permanent Magnet Synchronous Motor (PMSM) model 3D7 ... Automatic single-speed reduction gear,No numeric gear ratio disclosed.
Toyota,RAV4 Hybrid LE,2022,,,TRUE,,,2,1-front+1-rear,88,40,,,,,,,,,,,,https://newsroom.toyota.eu/the-new-toyota-rav4-plug-in-hybrid/,The front electric motor produces 134 kW (compared to 88 kW in RAV4 Hybrid); the rear motor's output is unchanged at 40 kW.,Figures sourced from a Toyota EU newsroom article about the Plug-in Hybrid that explicitly quotes the standard RAV4 Hybrid's front (88kW) and rear (40kW) motor outputs for comparison. AWD-i system: rear motor is a separate electrically-driven axle (no mechanical driveshaft to rear). No reduction ratios found.
Toyota,Yaris Hybrid Mid,2022,,,TRUE,,,1,1-front,59,,,,,,,,,,,,,https://mag.toyota.co.uk/new-toyota-yaris-hybrid-powertrain/,"MG2 can deliver 59kW of power and 141Nm of torque at a maximum of 17,000rpm. ... MG2 is used to drive the vehicle through the front wheels ... dual-axis structure where MG1 and MG2 now sit on their own shaft",Power-split hybrid transaxle; MG2 (59kW) reported as the front traction motor. MG1 (generator) power not given by this source. No gear reduction ratio found.
Polestar,2 Long range Dual motor,2023,,,TRUE,,,2,1-front+1-rear,150,150,,,,,,,,,,,,https://www.evspecifications.com/en/model/e683419,Front motor power: 150 kW. Rear motor power: 150 kW. ... Dual motor all-wheel drive configuration ... combined system output totaling 300 kW and 660 Nm.,"A search-engine synthesis (not independently fetched) suggested an asymmetric 110kW front/200kW rear split, but the directly-fetched evspecifications page gives a symmetric 150/150 split matching the combined 300kW total - used the directly-fetched figures. No reduction ratio disclosed."
Volvo,C40 Recharge,2023,,,TRUE,,,2,1-front+1-rear,150,150,,,,,,,,,,,,https://www.evspecifications.com/en/model/e7c72ab,Front Motor Power: 150 kW. Rear Motor Power: 150 kW. ... Dual motor all-wheel drive (AWD) with Electric motor #1 at the rear and Electric motor #2 at the front ... combined system output of 300 kW,"Worklist gives no variant_trim; C40 Recharge 2023 was also offered as a Single Motor (170kW, FWD, 67kWh) variant - reported the Twin Motor (dual-motor AWD) spec here since it was the first/most prominent result, but this is a guess as to which trim the row refers to; flagging the ambiguity explicitly. No reduction ratio disclosed. Twin Motor identification CONFIRMED against the dataset row's own motor_power_kw of 299.77 kW, which matches 150+150 kW Twin Motor and rules out the 170 kW Single Motor FWD trim."
BYD,Dolphin Active,2024,,,TRUE,,,1,1-front,70,,,,,,,,,,,,,https://www.autoexpress.co.uk/byd/dolphin/prices-specs/103784/70kw-active-44.9kwh-5dr-auto,Motor Power: 70 kW (95 BHP) ... '1 SPEED' automatic transmission ... 180 Nm torque,"Corroborated by ev-database.org (UK spec page for BYD DOLPHIN 44.9 kWh Active): 'Total Power 70 kW (94 hp)', Front drive. Front-wheel-drive/front motor placement stated explicitly by ev-database and by search-summarized dealer listings (Lookers/Lloyd/Vertu) describing a single front-mounted PMSM; not itself stated in the autoexpress fetch. Worklist row has no known motor_power_kw/battery figure to cross-check against, so the 44.9kWh 'Active' trim (as opposed to the 'Boost' or 60.4kWh trims) was selected based on it being the entry-level trim matching the bare 'Active' name; unconfirmed against a numeric worklist value. No gear reduction ratio found."
BYD,ATTO 3,2023.0,,,TRUE,,,1,1-front,150,,,,,,,,,,,,,https://www.evspecifications.com/en/model/4ee03a5,"Front Motor Power: 150 kW (kilowatts) / 201.2 hp ... Single front-mounted motor ... Front-wheel drive (FWD) ... Motor model: TZ200XSQ, Permanent Magnet Synchronous Motor (PMSM), Torque: 310 Nm ... Automatic single-speed reduction gear","Source page fetched is listed as the '2025 BYD Atto 3' model, not a 2023-specific page - the ATTO 3's 150kW/310Nm single front-motor spec has been consistent since its 2022 launch across model years per corroborating search-summary results (e.g. evsearch.ca, evkx.net describing the same 150kW/310Nm front motor for the 2023 model), but no 2023-dated primary page was directly fetched to confirm the year-specific figure. No numeric gear reduction ratio found. Cross-year assumption RESOLVED: the dataset's own 2023 fastsim row carries motor_power_kw 150.0 kW, matching the 150 kW front motor on the 2025-dated page, so the spec is unchanged across those years."
Toyota,Mirai,,,,TRUE,,,1,1-front,113,,,,,,,,,,,,,https://en.wikipedia.org/wiki/Toyota_Mirai,"First Generation (JPD10; 2014-2020): 'The first generation of Toyota FC Stack achieved a maximum output of 114 kW' ... 'The electric traction motor delivers 113 kilowatts (152 hp; 154 PS)' ... '245V (1.6 kWh) sealed nickel-metal hydride (NiMH) traction rechargeable battery' ... 'Front-motor, front-wheel-drive' layout","GENERATION IDENTIFICATION (per task instructions): worklist row has no year, so the FASTSim source figures (fuel cell 114.0 kW, motor 113.0 kW, buffer battery 1.6 kWh) were used to identify which Mirai generation this row represents. All three figures match the FIRST-GENERATION Mirai (JPD10, sold model years ~2014/2015-2020) exactly, per the directly-fetched Wikipedia page: fuel cell 114 kW, motor 113 kW, 1.6 kWh NiMH battery. The second-generation Mirai (JPD20, 2020+) has different figures (136 kW fuel cell/motor, 1.2 kWh Li-ion battery, RWD) and does NOT match, so this row is the 1st-gen Mirai. Year intentionally left blank in the year column per instructions (join key must stay verbatim); the established generation is JPD10 / model years 2014-2020, front-wheel drive, single front motor (113 kW). No gear reduction ratio found - source states 'single-speed transmission' without a numeric ratio."
Toyota,Corolla Cross Hybrid,2022.0,,,TRUE,,,1,1-front,71,,,,,,,,,,,,,https://www.auto-data.net/en/toyota-corolla-cross-1.8-140hp-hybrid-e-cvt-47171,"Electric Motor Power: 95 horsepower (approximately 71 kW) ... One electric motor, 'Integrated into the transmission' ... 'The Internal combustion engine (ICE) and electric motor drive the front wheels of the car with the ability to work in full electric or mixed mode.' ... Front-wheel drive, full hybrid system (FHEV) without all-wheel drive capability","Determined FWD-only vs E-Four (rear motor) per coordinator instruction, from a fetched page rather than assuming: this is the 1.8L 2ZR-FXE Hybrid variant (98PS engine + ~70-71kW MG2), sold in Southeast Asian/Taiwan markets from 2020, explicitly stated as FWD-only ('without all-wheel drive capability') with the single motor 'integrated into the transmission' driving the front wheels. A separate E-Four AWD Corolla Cross Hybrid variant DOES exist (confirmed via search: Australia/US market, rear motor adds 30kW, system total 146kW) but per search context (a 'whichcar.com.au' review titled '2023 Corolla Cross GXL Hybrid E-Four') that AWD/E-Four version appears to have launched for MY2023, i.e. after the 2022 model year this worklist row specifies - so the FWD-only 1.8L variant is judged the correct match for year 2022.0, though the AWD launch-timing claim itself was not independently confirmed via a direct fetch (whichcar.com.au returned 403 Forbidden). Worklist's motor_power_kw (20.0, lumped FASTSim figure) was not reconciled against researched 71kW MG2 rating, per instructions. No gear reduction ratio found. Controller check: the dataset's own fastsim row does NOT disambiguate FWD vs E-Four — its power_kw 126 and motor_power_kw 20 are calibration parameters that do not match the real vehicle's ~72 kW engine / ~70 kW motor, and its 4.1 kWh battery far exceeds a Toyota HEV's ~1 kWh. FWD rests on the fetched auto-data.net variant page alone; the possibility that a 2022 E-Four AWD existed is UNRESOLVED."
Tesla,Model 3,2022.0,Long Range AWD,,TRUE,,,2,1-front+1-rear,137,194,,,,,,,,,,,,https://www.evspecifications.com/en/model/df46299,"Front Motor Power: 137 kW at 6380 rpm. Rear Motor Power: 194 kW @ 5400 rpm. ... Dual motor setup with front and rear electric motors for all-wheel drive ... rear uses a permanent magnet synchronous motor (PMSM), while the front employs a 3-phase 4-pole AC induction motor ... Axle ratio of 9","Put significant additional effort into finding distinct front vs rear reduction ratios (searched Tesla service manual pages, teslamotorsclub, insideevs drive-unit teardown article, Tesla owner's manual, ANL dyno report) - all either 403'd on fetch or, where fetchable, gave only a single undifferentiated axle ratio (~9 or 9.03-9.04) without stating which axle it applies to. Per rule, left both reduction columns blank rather than guess which axle. A separate evspecifications page for the '2022 Tesla Model 3 Long Range AWD EU' (model/98733b4) gives different, higher motor power figures (158kW front / 208kW rear) for what is presumably the same nameplate/year in a different market or with a running running-change - used the non-EU-labeled page's figures (137F/194R) as primary since the worklist row doesn't specify market, but flagging the EU-page discrepancy as unresolved. Worklist's motor_power_kw (276.5, lumped ev_sim figure) not used as a cross-check per instructions. Controller check: the market discrepancy is NOT resolvable from local data — the row's lumped ev_sim motor_power_kw is 276.5 kW, matching neither 137+194=331 nor 158+208=366. The 137/194 figures are recorded; the EU-labelled 158/208 alternative remains an open question for this unspecified-market row."
Tesla,Model 3,2022.0,Performance AWD,,TRUE,,,2,1-front+1-rear,137,220,,,,,,,,,,,,https://www.evspecifications.com/en/model/e28329a,"Electric motor #1: 220 kW @ 5000 rpm, Location: Rear. Electric motor #2: 137 kW @ 6380 rpm, Location: Front. Dual motor all-wheel drive (AWD) configuration ... Axle ratio: 9","Verified this page is specifically the Performance AWD trim (not a Long Range AWD default): front motor power (137kW) matches the shared front induction unit seen on the Long Range AWD row, but rear motor power (220kW) is distinctly higher than the Long Range's 194kW rear PMSM, consistent with Performance trim's higher-output rear motor - so this is genuinely different data, not a copy of the LR row. Hit the same 'single undifferentiated axle ratio' wall as the Long Range AWD (page states axle ratio '9' without front/rear attribution); per guidance, did not spend further fetches chasing a per-axle split - Tesla's per-axle gearset ratios appear to be genuinely unpublished/inaccessible for the Model 3, same finding as the LR AWD row. Both reduction columns left blank. Worklist's motor_power_kw (377.0, lumped ev_sim figure) not used as a cross-check per standing instructions."
Tesla,Model S,2022.0,Plaid Tri Motor,,TRUE,,,3,1-front+2-rear,250,500,7.56,7.56,,,,,,,,,,https://www.evspecifications.com/en/model/34d0290,Single front AC Permanent Magnet Synchronous Reluctance Motor producing 250 kW ... Dual rear AC Permanent Magnet Synchronous Reluctance Motors totaling 500 kW ... Total system: 750 kW (1005.8 hp) ... 'Axle ratio: 7.56' ... 'Axle ratio of the second electric motor: 7.56' - both the rear and front motors share the same final drive ratio of 7.56.,"Confirmed tri-motor layout (1-front+2-rear) directly from a fetched page, not assumed: source explicitly describes 'Single front ... Motor' (250kW) plus 'Dual rear ... Motors totaling 500 kW'. Did NOT sum individual rear-motor figures myself - the source already gives the rear pair as a combined total (500kW); no per-motor rear breakdown (e.g. 250+250) was published on this page, so motor_power_rear_kw=500 is the source's own combined figure, not my calculation. Front (250) + rear (500) = 750kW total, internally consistent with the page's own stated 'Total system: 750 kW' - this is close to, but not identical to, the ~760kW/1020hp headline figure quoted elsewhere for Plaid, a minor cross-source variance not reconciled. Reduction ratio: unlike the Model 3 rows, this page explicitly labels TWO separate axle-ratio fields ('Axle ratio' and 'Axle ratio of the second electric motor') and states both equal 7.56 - this is axle-attributed (not a single undifferentiated figure), so both front and rear reduction were filled at 7.56 per the source's explicit claim that front and rear share the same final drive ratio. Worklist's motor_power_kw (205.0, lumped ev_sim figure, clearly not a system total for a ~750kW car) was ignored entirely per instructions."
Tesla,ModelX,2022.0,,,TRUE,,,2,1-front+1-rear,250,250,7.56,9.04,,,,,,,,,,https://www.evspecifications.com/en/model/cc3c292,"Electric motor #1: 250 kW, Location: Rear. Electric motor #2: 250 kW, Location: Front. ... Axle ratio: 9.04. Axle ratio of the second electric motor: 7.56.","Determined this is the dual-motor Long Range/AWD Model X, NOT the Plaid (line 6 of worklist), by motor count: this page lists exactly 2 motors (250kW front + 250kW rear = 500kW total), matching the well-documented Long Range AWD spec, versus the tri-motor Plaid's ~1020hp/760kW-class three-motor system. The page itself carries no explicit 'Long Range' vs 'Plaid' label, so the motor-count/total-power signature was used as the disambiguator rather than a text label. Both reduction ratios ARE axle-attributed (per coordinator's standard from the Plaid row): 'Axle ratio' (9.04) is paired with Electric motor #1 = Rear, and 'Axle ratio of the second electric motor' (7.56) is paired with Electric motor #2 = Front - so front=7.56, rear=9.04. These numbers exactly match the Tesla Model S Long Range figures already in the dataset (front 7.56 / rear 9.04, both 250kW/250kW), consistent with Tesla's S/X platform sharing the same front and rear drive units. Dataset's own lumped ev_sim figure (499.6 kW) closely matches the researched 250+250=500kW combined total, though per instructions this was not used to derive or validate the per-axle figures - only noted as corroborating that this is indeed the non-Plaid variant (vs. 894.8kW lumped figure on the Plaid row). Controller corroboration: EV_sim's lumped gear_ratio for this row is 9.04 and for the Model X Plaid row is 7.56 — the same two values researched here as this car's rear (9.04) and front (7.56) gearsets. EV_sim evidently adopts one axle's ratio as its single lumped equivalent per vehicle, which independently confirms why lumped ratios must not be read as per-axle data."
Tesla,ModelX,2022.0,Plaid,,TRUE,,,3,1-front+2-rear,250,500,7.56,7.56,,,,,,,,,,https://www.evspecifications.com/en/model/ada1293,"Motor #1 (Rear): 'Power: 500 kW ... Location: Rear', described as 'Dual rear AC Permanent Magnet Synchronous Reluctance Motors'. Motor #2 (Front): 'Power: 250 kW ... Location: Front'. Axle ratio: 7.56. Axle ratio of the second electric motor: 7.56.","Confirmed tri-motor layout independently (not reused from the Model S Plaid row): the page's rear entry is explicitly labelled 'Dual rear AC Permanent Magnet Synchronous Reluctance Motors' (i.e. two physical rear motors) alongside a single front motor entry, so physical motor_count=3 even though the page only lists two power FIELDS (front, rear-combined). Rear figure (500kW) is the source's own published combined total for the rear pair - not something I summed myself; no individual per-rear-motor split was published. Verified these figures independently rather than assuming they matched the Model S Plaid: front (250kW) and rear-combined (500kW) happen to come out numerically identical to the Model S Plaid Tri Motor row researched earlier, and total system power (750kW) is likewise the same - plausible given Tesla's known S/X platform-sharing of drive units (confirmed separately by the Model X Long Range row matching the Model S Long Range row's 250/250kW and 7.56/9.04 ratios), but this identity was independently verified on this page rather than copy-pasted. Ratios: both entries labelled and both equal 7.56 (front axle ratio and 'axle ratio of the second electric motor'), satisfying the axle-attribution bar, so both filled. Worklist's lumped ev_sim motor_power_kw (894.8) was not used as a cross-check, consistent with prior Plaid handling. Controller check: the S/X match is now SYSTEMATIC, not a one-off coincidence — both Long Range cars share 250/250 kW with 7.56 front / 9.04 rear, and both Plaids share 250 kW front / 500 kW rear with 7.56 on both axles. Two independent trim-level matches across the shared S/X platform corroborate each other."
Tesla,ModelY,2022.0,Long Range AWD,,TRUE,,,2,1-front+1-rear,137,180,,,,,,,,,,,,https://www.evspecifications.com/en/model/b5be112,"Front Motor Power: 137 kW (kilowatts), Location: Front. Rear Motor Power: 180 kW (kilowatts), Location: Rear. Dual motor all-wheel drive configuration. Axle Ratio: 9.1 (single value, no separate front/second-motor field).","Verified independently rather than assuming the Model 3 Long Range AWD's 137/194 pattern (different platform's rear unit) or the S/X pattern (not shared with Y) - result (137F/180R) happens to match a Model Y row already present in the dataset from an earlier research batch, which is a useful independent corroboration rather than something I copied. Also cross-checked a WebSearch-only (not independently fetched) 'EU spec' figure of 158F/220R for the same nameplate/year - not used, flagged as an unresolved market-variant alternative, same pattern seen on the Model 3 LR AWD row. Ratio: page gives only a single undifferentiated 'Axle ratio: 9.1' with no paired 'axle ratio of the second electric motor' field (unlike the S/X pages), so this does NOT meet the axle-attribution bar - both reduction columns left blank. Worklist's lumped ev_sim motor_power_kw (220.0) not used as a cross-check per standing instructions. Controller note: this is the SECOND Tesla row to surface an unconfirmed higher-output 'EU spec' alternative (Model 3 LR: 158/208 vs 137/194; Model Y LR: 158/220 vs 137/180). The pattern suggests Tesla's EU-market ratings differ systematically from the figures on the non-EU-labelled pages used here. Unresolved for both rows; the recorded values are the non-EU-labelled ones in each case, so they are at least mutually consistent."
Audi,e-tron 55 quattro,2021.0,,,TRUE,,,2,1-front+1-rear,125,140,9.205,9.205,,,,,,,,,,https://www.evspecifications.com/en/model/fd3c198,"Rear Motor (Primary): Continuous 140 kW, 314 Nm; Boost Mode 165 kW, 355 Nm. Front Motor (Secondary): Continuous 125 kW, 247 Nm; Boost Mode 135 kW, 309 Nm. Combined System: Continuous 265 kW, 561 Nm; Boost Mode 300 kW, 664 Nm. 'Axle ratio': 9.205. 'Axle ratio of the second electric motor': 9.205. Two-stage planetary gearbox with single gear.","Used the CONTINUOUS/normal-mode per-axle figures (125F/140R=265kW combined) for the power columns, per instruction, NOT the 8-second boost figures (135F/165R=300kW combined) - boost figures recorded here only. Both normal and boost combined totals are internally consistent with the per-axle sums (125+140=265; 135+165=300), so there's no cross-axle mixing. Two motors are NOT identical units (front and rear have different continuous/boost ratings, 125/135 vs 140/165), consistent with Audi's known asymmetric front APA250 / rear ATA320 e-tron drive units. Ratios: page has two explicitly labelled fields ('Axle ratio' tied to the rear/primary motor, 'Axle ratio of the second electric motor' tied to the front/secondary motor) - same attribution pattern as the Tesla S/X Plaid pages - so both were filled; both happen to carry the identical value 9.205 for this car (unlike the Model X Long Range's differing 7.56/9.04), which the source states explicitly rather than leaving ambiguous. Worklist's lumped ev_sim motor_power_kw (140.0) coincidentally matches the rear motor's continuous rating exactly, but was not used to derive or validate this figure - the match is likely because ev_sim's lumped model happens to use the rear motor's own rating as its single-motor equivalent (same phenomenon flagged on the Model X Long Range vs Plaid rows)."
Porsche,Taycan,2020.0,4S,,TRUE,,,2,1-front+1-rear,160,160,8.05,16;8.05,,,,,,,,,,https://www.evspecifications.com/en/model/0c44ce,"Front Motor (Normal): 160 kW, 300 Nm, PMSM. Rear Motor (Normal): 160 kW, 300 Nm, PMSM. Overboost/Launch Control: Combined maximum power 390 kW, 640 Nm. Front: single-speed automatic transmission. Rear: two-speed dog-ring automatic transmission.","APPROXIMATE FIRST GEAR — READ BEFORE USING motor_reduction_rear. The rear value '16;8.05' is first;second gear. SECOND gear 8.05 is precisely sourced and matches the front ratio (Porsche designed 2nd to match front-unit speed at cruise). FIRST gear 16 is NOT precise: the three fetched sources give 'roughly 16:1' (Jalopnik), 'about 16:1' (Excellence), and '~15 revolutions to one wheel revolution' (Porsche newsroom) — a 15-16 spread, not a stated value. Do not cite 16 as a manufacturer figure. The 2-speed rear architecture itself IS firmly sourced. Used the NORMAL/continuous per-axle figures (160F/160R) for the power columns per instruction; overboost/Launch Control combined maximum (390 kW / 640 Nm) recorded here only, not mixed into the columns. Front and rear motors both rated 160kW/300Nm on this source (i.e. genuinely identical normal ratings, unlike the Audi e-tron 55's asymmetric units) - confirmed dual motor AWD. GEAR RATIOS (sourced from a different page than source_url, since evspecifications gave no numeric ratios - only 'single-speed' front / 'two-speed dog-ring' rear labels): front = 8.05:1, precisely stated by excellence-mag.com ('a single-speed transmission (with a gear reduction ratio of 8.05:1)') and independently corroborated by Porsche's own newsroom.porsche.com ('overall ratio of approx. 8:1'). Rear = two ratios recorded as '16;8.05' (first gear;second gear): second gear is precisely 8.05:1 (jalopnik.com, matching the front ratio as expected since Porsche designed 2nd gear to match the front unit's speed at cruise); first gear is only ever given as an APPROXIMATION across every source checked - 'roughly 16:1' (jalopnik.com), 'about 16:1' (excellence-mag.com), and Porsche's own newsroom phrasing 'roughly 15 revolutions of the motor represent one revolution of the wheel' (~15:1). The commonly-quoted precise figure of 15.56:1 for first gear was NOT found on any page I fetched directly - recorded 16 (the more frequently and consistently stated approximate figure across three independently-fetched sources) rather than 15.56, and flagging this as an approximation, not a precise sourced number. Worklist's lumped ev_sim motor_power_kw (160.0) matches both motors' normal rating exactly (same 'lumped=one axle's rating' pattern noted on prior rows), not used to derive the figure."
Porsche,Taycan,2020.0,4S Plus,,TRUE,,,2,1-front+1-rear,160,200,8.05,16;8.05,,,,,,,,,,https://www.evspecifications.com/en/model/0047cd,"Front Motor: Continuous Power 160 kW, 300 Nm, PMSM. Rear Motor: Continuous Power 200 kW, 350 Nm, PMSM. Overboost total maximum power with Launch Control - 420 kW. Front-axle - single-speed automatic transmission. Rear-axle - two-speed dog-ring automatic transmission.","TWO CAVEATS ON THE RATIOS OF THIS ROW. (1) CARRIED OVER: neither ratio was confirmed by a fetch specific to the 4S Plus trim — Porsche's 4S-Plus technical PDF failed to parse. Both are carried from the base 4S row on architecture-level corroboration that the Taycan range shares the transmission. Weaker than the 4S row. (2) APPROXIMATE FIRST GEAR: rear '16;8.05' is first;second. Second (8.05) is precisely sourced; first (16) is only ever 'roughly 16:1' / '~15 revolutions' across sources — a 15-16 spread, not a stated value. Do not cite 16 as a manufacturer figure. The MOTOR POWERS here are directly fetched and trim-specific: rear 200 kW continuous genuinely differs from the base 4S's 160 kW, so these are distinct cars. CHECKED rather than assumed whether motor outputs differ from the base 4S: they DO differ, and not only in overboost. Continuous/normal rear power is 200kW here vs 160kW on the base 4S (front continuous stays the same at 160kW both cars) - so the Performance Battery Plus upgrade comes with a genuinely higher-output rear motor winding/inverter, not just a bigger battery and a higher overboost ceiling. Overboost also differs as expected (420kW here vs 390kW on base 4S, both directly confirmed via evspecifications fetches) - overboost recorded here in notes only, continuous 160F/200R used in the power columns. GEAR RATIOS: front=8.05 and rear=16;8.05 were NOT independently re-confirmed via a page fetched specifically for the '4S Plus' trim (the official Porsche 4S-Plus technical-data PDF fetch failed - binary/unparseable), so these values are carried over from the base-4S row's fetched sources (excellence-mag.com, jalopnik.com, newsroom.porsche.com), on the strength of WebSearch-synthesis text stating the 4S and 4S Plus 'use the same type of transmission' / share the same two-speed rear gearbox and that its second gear ratio is 8.05:1 for the Performance-Battery-Plus car specifically. This is weaker sourcing than the base 4S row (architecture-level corroboration rather than a trim-specific direct fetch of the numbers), and is flagged as such. As with the base 4S, the rear first-gear figure (16) is only ever an approximation ('roughly/about 16:1') across sources, not a precise manufacturer number - same caveat applies here. Worklist's lumped ev_sim motor_power_kw (200.0) exactly matches the researched rear motor's continuous rating - not used to derive the figure, but a fourth instance of the 'lumped value = one axle's rating' pattern."
ВАЗ,ВАЗ-2329,,,fd-3.9,FALSE,,,,,,,,,,,3.9,,,,,,,,"3,9 или 4,1",
ВАЗ,ВАЗ-2329,,,fd-4.1,FALSE,,,,,,,,,,,4.1,,,,,,,,"3,9 или 4,1",
ВАЗ,ВАЗ-2329. 2130,,,fd-3.9,FALSE,,,,,,,,,,,3.9,,,,,,,,"3,9 или 4,1",
ВАЗ,ВАЗ-2329. 2130,,,fd-4.1,FALSE,,,,,,,,,,,4.1,,,,,,,,"3,9 или 4,1",
2346,2346,,,fd-3.9,FALSE,,,,,,,,,,,3.9,,,,,,,,"3,9 или 4,1",
2346,2346,,,fd-4.1,FALSE,,,,,,,,,,,4.1,,,,,,,,"3,9 или 4,1",
2345,2345,,,fd-4.1,FALSE,,,,,,,,,,,4.1,,,,,,,,"4,1 или 4,3",
2345,2345,,,fd-4.3,FALSE,,,,,,,,,,,4.3,,,,,,,,"4,1 или 4,3",
УАЗ,"УАЗ 3303, 3741.3909",,,fd-4.625,FALSE,,,,,,,,,,,4.625,,,,,,,,"4,625 или 4,111",
УАЗ,"УАЗ 3303, 3741.3909",,,fd-4.111,FALSE,,,,,,,,,,,4.111,,,,,,,,"4,625 или 4,111",
КамАЗ,КамАЗ-4326,,,fd-5.94,FALSE,,,,,,,,,,,5.94,,,,,,,,"5,94 или 6,53",
КамАЗ,КамАЗ-4326,,,fd-6.53,FALSE,,,,,,,,,,,6.53,,,,,,,,"5,94 или 6,53",
МАЗ,"МАЗ-5336. 5337. 5432, 5433. 5440. 555102 (Евро-2)",,,fd-3.8,FALSE,,,,,,,,,,,3.8,,,,,,,,"3,8 или 3,86",
МАЗ,"МАЗ-5336. 5337. 5432, 5433. 5440. 555102 (Евро-2)",,,fd-3.86,FALSE,,,,,,,,,,,3.86,,,,,,,,"3,8 или 3,86",
МАЗ,МАЗ-Купава-4788,,,fd-3.45,FALSE,,,,,,,,,,,3.45,,,,,,,,"3,45 или 3,9",
МАЗ,МАЗ-Купава-4788,,,fd-3.9,FALSE,,,,,,,,,,,3.9,,,,,,,,"3,45 или 3,9",
КамАЗ,КамАЗ-55111,,,fd-5.43,FALSE,,,,,,,,,,,5.43,,,,,,,,"5,43 или 5,94",
КамАЗ,КамАЗ-55111,,,fd-5.94,FALSE,,,,,,,,,,,5.94,,,,,,,,"5,43 или 5,94",
НЕФАЗ,НЕФАЗ-6606,,,fd-5.43,FALSE,,,,,,,,,,,5.43,,,,,,,,"5,43 или 5,94",
НЕФАЗ,НЕФАЗ-6606,,,fd-5.94,FALSE,,,,,,,,,,,5.94,,,,,,,,"5,43 или 5,94",
4795,4795,,,fd-6.17,FALSE,,,,,,,,,,,6.17,,,,,,,,"6,170 или        6,170",
4795,4795,,,fd-6.17,FALSE,,,,,,,,,,,6.17,,,,,,,,"6,170 или        6,170",
ГАЗ,ГАЗ-САЗ-3507,,,fd-6.17,FALSE,,,,,,,,,,,6.17,,,,,,,,"6,170 или 4,556",
ГАЗ,ГАЗ-САЗ-3507,,,fd-4.556,FALSE,,,,,,,,,,,4.556,,,,,,,,"6,170 или 4,556",
Урал,Урал 4320 (двигатель ЯМЗ-236М2),,,fd-6.7,FALSE,,,,,,,,,,,6.7,,,,,,,,"6,7 или 7,32",
Урал,Урал 4320 (двигатель ЯМЗ-236М2),,,fd-7.32,FALSE,,,,,,,,,,,7.32,,,,,,,,"6,7 или 7,32",
Урал,Урал 4320 (двигатель ЯМЗ-238М2),,,fd-6.7,FALSE,,,,,,,,,,,6.7,,,,,,,,"6,7 или 7,32",
Урал,Урал 4320 (двигатель ЯМЗ-238М2),,,fd-7.32,FALSE,,,,,,,,,,,7.32,,,,,,,,"6,7 или 7,32",
Урал,Урал 44202,,,fd-6.7,FALSE,,,,,,,,,,,6.7,,,,,,,,"6,7 или 7,32",
Урал,Урал 44202,,,fd-7.32,FALSE,,,,,,,,,,,7.32,,,,,,,,"6,7 или 7,32",
Solaris,Urbino 12 electric,2023,ZF CeTrax 220 kW / Solaris High Energy 420 kWh (UITP 2023 spec),cetrax-220,TRUE,4x2,RWD,1,1-rear,,220,,,,,,,,,,,,https://www.solarisbus.com/public/assets/Biuro_prasowe/2023_05_11_UITP_zapro/Technical_details_Solaris_Urbino_12_electric.pdf,"Length 12 000 mm | Width 2 550 mm | Height 3 300/3480 mm (without/with pantograph) | Front overhang 2 700 mm | Rear overhang 3 400 mm | Wheelbase 5 900 mm | Front axle ZF RL 82 EC (independent) | Drive axle ZF AV 133 (inverted) | Engine ZF CeTrax 220 kW | Charging system Plug-in: up to 260 kW, Pantograph: up to 450 kW | Batteries Solaris High Energy: 420 kWh | No. of seats 21 | Pedestal free seats 7 | GVW 20 000 kg | Passenger capacity Up to 77","ZF CeTrax central motor, 220 kW, drives single rear (drive) axle; front axle independent, non-driven."
Solaris,Urbino 12 electric,2023,ZF CeTrax 220 kW / Solaris High Energy 420 kWh (UITP 2023 spec),async-160,FALSE,,,1,,,160,,,,,,,,,,,,,,"160 kW asynchronous central motor option, per other Solaris spec sheets and sustainable-bus.com; not the config this row's masses were sourced for."
Solaris,Urbino 12 electric,2023,ZF CeTrax 220 kW / Solaris High Energy 420 kWh (UITP 2023 spec),axtrax-2x125,FALSE,,,2,2-rear,,250,,,,,,,,,,,,,,"ZF AxTrax portal hub motors, 2x125 kW, per other Solaris spec sheets and sustainable-bus.com; not the config this row's masses were sourced for."
