id,manufacturer,model,component_type,application,motor_type,motor_count,rated_power_kw,peak_power_kw,rated_torque_nm,peak_torque_nm,max_speed_rpm,gear_ratios,top_speed_ratio,second_ratio,source_gear_ratios,wheel_end_ratio,maximum_vehicle_speed_kmh,axle_load_kg,wheel_output_torque_nm,source_file,source_locator,limitations
brogen-tz180xs-30,Brogen,TZ180XS-30,motor,Electric vehicle,PMSM,1,30,60,90,223,9000,,,,,,,,,Brogen-e-motor-catalog-20260608.pdf,p. 10,No application class or base speed is stated
brogen-tz180xs-40,Brogen,TZ180XS-40,motor,Electric vehicle,PMSM,1,40,80,110,300,10000,,,,,,,,,Brogen-e-motor-catalog-20260608.pdf,p. 11,No application class or base speed is stated
brogen-ce1t10004,Brogen,CE1T10004,motor,Electric vehicle 3-in-1,PMSM,1,60,100,120,280,12000,,,,,,,,,Brogen-e-motor-catalog-20260608.pdf,p. 12,The catalog does not state a reduction ratio or base speed
brogen-oeyym01a,Brogen,OEYYM01A,motor,Light commercial vehicle,PMSM,1,30,60,90,220,9000,,,,,,,,,Brogen-e-motor-catalog-20260608.pdf,p. 17,The catalog does not state a reduction ratio or base speed
brogen-oeyym03a,Brogen,OEYYM03A,motor,Light commercial vehicle,PMSM,1,50,110,120,342,12000,,,,,,,,,Brogen-e-motor-catalog-20260608.pdf,p. 18,The catalog does not state a reduction ratio or base speed
brogen-oema80f,Brogen,OEMA80F,motor,6-7 m bus,PMSM,1,80,180,170,370,12000,,,,,,,,,Brogen-e-motor-catalog-20260608.pdf,p. 21,The catalog does not state a reduction ratio or base speed
brogen-oema120f,Brogen,OEMA120F,motor,10 m bus or 8 m coach,PMSM,1,120,240,330,750,12000,,,,,,,,,Brogen-e-motor-catalog-20260608.pdf,p. 23,The catalog does not state a reduction ratio or base speed
brogen-oemc200f,Brogen,OEMC200F,motor,9 m coach,PMSM,1,200,320,350,750,12000,,,,,,,,,Brogen-e-motor-catalog-20260608.pdf,p. 24,The catalog does not state a reduction ratio or base speed
brogen-oeted3010,Brogen,OETED3010,reduction-motor,12 t truck,PMSM,1,110,220,500,1100,4500,1|2.741,1,2.741,1|2.741,,,,,Brogen-e-motor-catalog-20260608.pdf,p. 37,The stated gearbox ratios are not a complete axle final-drive ratio
brogen-oeted6610,Brogen,OETED6610,reduction-motor,14-18 t truck,PMSM,1,160,270,750,1300,3500,1|1.89|3.52|6.61,1,1.89,1|1.89|3.52|6.61,,,,,Brogen-e-motor-catalog-20260608.pdf,p. 39,Four gearbox ratios are stated; the app imports the highest-speed and next ratio only
brogen-oeea2100p,Brogen,OEEA2100P,e-axle,Airport apron bus or shuttle,PMSM,2,160,320,,,7989.4,18.58,18.58,,18.58,,,,,E_axels+.odt,OEEA2100P specification block,Motor maximum speed is derived from the stated 430 rpm maximum wheel speed multiplied by the stated 18.58 ratio; motor shaft torque is not stated
brogen-oeea2200n,Brogen,OEEA2200N,e-axle,10-18 m bus,PMSM,2,160,330,,,12981.18,22.42,22.42,,22.42,,,,,E_axels+.odt,OEEA2200N specification block,Motor maximum speed is derived from the stated 579 rpm maximum wheel speed multiplied by the stated 22.42 ratio; motor shaft torque is not stated
brogen-oeea1400kb,Brogen,OEEA1400KB,e-axle,8-10 m bus,PMSM,2,120,240,,,9496.48,19.46,19.46,,19.46,,,,,E_axels+.odt,OEEA1400KB specification block,Motor maximum speed is derived from the stated 488 rpm maximum wheel speed multiplied by the stated 19.46 ratio; motor shaft torque is not stated
brogen-central-lcv-f,Brogen,LCV eAxle-F,e-axle,4.5-6 t truck or 6 m bus,,1,60,120,145,335,,16.6,16.6,,16.6,,100,3500,5300,1Centralized Electric Axle for Trucks - Brogen EV Solution - Updated on 2025.12.pdf,p. 3 technical parameters,Motor maximum speed and base speed are not stated
brogen-central-lcv-i,Brogen,LCV eAxle-I,e-axle,4.5-6 t truck or 6 m bus,,1,80,160,175,400,,16.6,16.6,,16.6,,100,4500,6640,1Centralized Electric Axle for Trucks - Brogen EV Solution - Updated on 2025.12.pdf,p. 3 technical parameters,Motor maximum speed and base speed are not stated
brogen-central-truck-e15,Brogen,Truck eAxle-E1.5,e-axle,6x4 or 4x2 truck,,1,121,250,320,850,,15.3032|45.9096,15.3032,45.9096,4.4|13.2,3.478,110,13000,40000,1Centralized Electric Axle for Trucks - Brogen EV Solution - Updated on 2025.12.pdf,p. 3 technical parameters,Overall motor-to-wheel ratios are calculated as each stated transmission ratio multiplied by the separately stated 3.478 wheel-end reduction; motor speeds are not stated
brogen-central-truck-e16,Brogen,Truck eAxle-E1.6,e-axle,6x4 or 4x2 truck,,1,136,290,326,860,,15.3032|45.9096,15.3032,45.9096,4.4|13.2,3.478,110,13000,40000,1Centralized Electric Axle for Trucks - Brogen EV Solution - Updated on 2025.12.pdf,p. 3 technical parameters,Overall motor-to-wheel ratios are calculated as each stated transmission ratio multiplied by the separately stated 3.478 wheel-end reduction; motor speeds are not stated
brogen-central-truck-h,Brogen,Truck eAxle-H,e-axle,6x4 or 4x2 truck,,1,150,252,285,550,,10.2|20|36.3|71,10.2,20,10.2|20|36.3|71,,120,13000,39089,1Centralized Electric Axle for Trucks - Brogen EV Solution - Updated on 2025.12.pdf,p. 3 technical parameters,The four stated ratios are preserved; motor maximum speed and base speed are not stated
brogen-central-truck-f1,Brogen,Truck eAxle-F-1,e-axle,6x4 or 4x2 truck,,2,150,252,285,550,,,,,10.2|13.2|20|36.3|46.8|71,,120,13000,45000,1Centralized Electric Axle for Trucks - Brogen EV Solution - Updated on 2025.12.pdf,p. 3 technical parameters,The table marks power and torque as dual-motor but does not unambiguously say whether values are per motor or system totals; compound main and auxiliary ratios require topology-specific pairing and are not auto-applied
brogen-central-truck-f2,Brogen,Truck eAxle-F-2,e-axle,6x4 or 4x2 truck,,2,190,310,280,590,,,,,10.2|13.2|20|36.3|46.8|71,,120,13000,45000,1Centralized Electric Axle for Trucks - Brogen EV Solution - Updated on 2025.12.pdf,p. 3 technical parameters,The table marks power and torque as dual-motor but does not unambiguously say whether values are per motor or system totals; compound main and auxiliary ratios require topology-specific pairing and are not auto-applied
emrax-208,EMRAX,208,motor,Electric car / marine / aircraft,Axial-flux PMSM,1,52,86,83,150,7000,,,,,,,,,EMRAX_208_datasheet_v1.7.pdf,p. 1 summary,Continuous rating requires the specified cooling; reduction ratio and base speed are not stated
emrax-228,EMRAX,228,motor,Electric car / motorsport / marine,Axial-flux PMSM,1,75,124,130,220,6500,,,,,,,,,EMRAX_228_datasheet_v1.7.pdf,p. 1 summary,Continuous rating requires the specified cooling; reduction ratio and base speed are not stated
emrax-268,EMRAX,268,motor,Electric vehicle / aircraft,Axial-flux PMSM,1,101,210,226,500,4500,,,,,,,,,EMRAX_268_datasheet_v1.7_version-C.pdf,p. 1 summary,Continuous rating requires the specified cooling; reduction ratio and base speed are not stated
emrax-348,EMRAX,348,motor,Heavy machinery / marine / aircraft,Axial-flux PMSM,1,180,400,550,1000,5500,,,,,,,,,EMRAX-348_datasheet_v1.7.pdf,p. 1 summary,Continuous rating requires the specified cooling; reduction ratio and base speed are not stated
abb-amxe160s-3glx166185,ABB,AMXE160S 3GLX166185,motor,Heavy electric vehicle,PMSM,1,98,196,376,750,5000,,,,,,,,,MO_AMXE_Motors_Catalogue_digital_JG_1022_V1.pdf,p. 9 AMXE160 table,Ratings depend on the stated coolant and installation conditions; reduction ratio and base speed are not stated
abb-amxe160l-3glx166585,ABB,AMXE160L 3GLX166585,motor,Heavy electric vehicle,PMSM,1,144,288,550,1100,5000,,,,,,,,,MO_AMXE_Motors_Catalogue_digital_JG_1022_V1.pdf,p. 9 AMXE160 table,Ratings depend on the stated coolant and installation conditions; reduction ratio and base speed are not stated
abb-amxe200s-3glx203185,ABB,AMXE200S 3GLX203185,motor,Heavy electric vehicle,PMSM,1,135,357,516,1365,4500,,,,,,,,,MO_AMXE_Motors_Catalogue_digital_JG_1022_V1.pdf,p. 9 AMXE200 table,Ratings depend on the stated coolant and installation conditions; reduction ratio and base speed are not stated
xinda-tzq180-30,Xinda,TZQ180-30-312S-V01,motor,2.2 t logistics vehicle,PMSM,1,30,60,100,225,9000,,,,,,,,,XINDA-MOTOR-EV-MOTOR-Catalog_ZX.pdf,p. 19 data sheet,Reduction ratio and base speed are not stated
xinda-tzq180-45,Xinda,TZQ180-45-336S-B01-X,motor,SUV,PMSM,1,45,129,128,259,12000,,,,,,,,,XINDA-MOTOR-EV-MOTOR-Catalog_ZX.pdf,p. 23 data sheet,Reduction ratio and base speed are not stated
xinda-tzq260-50,Xinda,TZQ260-50-380S-012,motor,Electric vehicle,PMSM,1,50,75,217,325.5,3000,,,,,,,,,XINDA-MOTOR-EV-MOTOR-Catalog_ZX.pdf,p. 24 data sheet,Rated speed reduction ratio and base speed are not stated
