make,model,variant_trim,generation,year,market,vehicle_kind,regulatory_category,segment,body_type,axle_configuration,drive_layout,drivetrain_config,powertrain,powertrain_detail,energy_carrier,engine_displacement_cc,power_kw,torque_nm,battery_capacity_kwh,motor_power_kw,motor_count,motor_layout,motor_power_front_kw,motor_power_rear_kw,motor_reduction_front,motor_reduction_rear,drivetrain_ratio_lumped,curb_mass_kg,curb_mass_kg_min,curb_mass_kg_max,gross_mass_kg,gross_mass_kg_min,gross_mass_kg_max,payload_kg,seats,max_towing_kg,length_mm,length_mm_min,length_mm_max,width_mm,width_mm_min,width_mm_max,height_mm,height_mm_min,height_mm_max,wheelbase_mm,track_width_mm,tyre_code,wheel_radius_static_m,wheel_radius_dynamic_m,num_wheels,final_drive_ratio,gearbox_ratios,gear_count,transmission_type,transmission_eff,drag_coef,frontal_area_m2,rolling_resistance_coef,top_speed_kmh,acceleration_0_100_s,gradeability_pct,fuel_city_l_100km,fuel_highway_l_100km,fuel_combined_l_100km,energy_city_kwh_100km,energy_highway_kwh_100km,energy_combined_kwh_100km,electric_range_km,recharge_time_h,co2_emissions_gkm,range_km,data_tier,source_file,source_url,quote,notes
Mitsubishi,Outlander PHEV,GX4h,,2014,UK,car,M1,SUV,SUV,,AWD,,Hybrid,PHEV,Gasoline,1998,89,190,12,120,2,1-front+1-rear,60,60,9.663,7.065,,1810,,,2310,,,500,,1500,4655,,,1800,,,1680,,,2670,1540,225/55R18,0.352,0.352,4,3.425,,,"series/parallel hybrid, single-speed",,0.33,2.65,0.012,170,11.0,,,,1.9,,,,,,44,52,brochure,Mitsubishi-Outlander-PHEV-2014-UK.pdf,,"Outlander PHEV 2014 UK brochure, pp.24-25 technical specification table: engine 1998cc 89kW/190Nm; front motor 60kW max/137Nm; rear motor 60kW max/195Nm; battery 300V Li-ion 12kWh; gear ratios engine 3.425, front motor 9.663, rear motor 7.065; kerb 1810kg, GVW 2310kg, towing 1500kg braked/750kg unbraked; tyres 225/55R18; EV range 52km (32.5mi), hybrid range 824km (512mi); NEDC weighted 1.9l/100km, CO2 44g/km; 0-62mph 11.0s; EV-mode top speed 120km/h, hybrid-mode 170km/h.","unbraked towing 750kg; wheel radius computed from tyre code (0.352m) and cross-checked against the user's own fitted Vehicle_simulation/My_PHEV/config/outlander_2014.yaml (0.352m, matches); drag_coef/frontal_area_m2/rolling_resistance_coef are from that same fitted yaml, not the brochure, since the brochure doesn't state them; acceleration_0_100_s is the brochure's 0-62mph figure used as-is (standard approximation); range_km is EV-only range, total hybrid range is 824km. motor_power_kw 120 kW is the ARITHMETIC SUM of the two installed motor ratings (60 kW front + 60 kW rear), per this dataset's definition of the column as a system total. The brochure states the two motors separately and gives NO combined output figure; a PHEV's real simultaneous electric output is battery-limited and is likely lower than 120 kW. Do not cite 120 kW as a manufacturer combined-output figure."
ГАЗ,ГАЗ-3259-0000010,,,,RU/CIS,bus,M2,,,,,,ICE,,Gasoline,,,,,,,,,,,,,,2400,2480,,3250,3500,,13,,5500,,,2075,,,2200,,,2900,,,,,,,,,,,,,,,,,,,,,,,,,,,niiat,kratkii_avtomobilnyi_spravochnik_niiat_tom_1_2002.pdf,,"мод. 3259 производства ООО «Автолик» на шасси ГАЗ-2705; Категория транспортного средства: M2, специальное пассажирское транспортное средство; длина 5500, ширина 2075, высота 2200, база 2900; Количество мест для сидения 14(1+2/11); Пассажировместимость 13; Масса снаряженного транспортного средства, кг 2400-2480; Полная масса транспортного средства, кг 3250-3500.","OCR lines 928-1058. Body built by OOO Avtolik on GAZ-2705 chassis (make recorded as GAZ per chassis/family convention used in source heading 'TRANSPORTNYE SREDSTVA, PROIZVODIMYE NA SHASSI AVTOMOBILEY OAO GAZ'). Dimensions/mass table not split per body sub-variant (0000010 vs 0000010-01), applied to both. Engine (added): source states no single engine specific to mod. 3259-0000010/-01 -- the final-drive-ratio line confirms only petrol engines are fitted to this body ('5,125 (дв. ЗМЗ) или 4,556 (дв. УМЗ)', OCR line ~1258), ruling out the ГАЗ-560 diesel offered for other GAZ-2705-based bodies in this catalog. Five alternative factory petrol engines are listed without indicating which is standard for this VIN suffix: ЗМЗ-4026.10 2445cc, 63.4 kW (4500 rpm); ЗМЗ-4061.10 2300cc, 64.8 kW (4500 rpm); ЗМЗ-4063.10 2300cc, 72.2 kW (4500 rpm); УМЗ-4215.10-10 2890cc, 65.4 kW (4000 rpm); УМЗ-4215.10 2890cc, 65.4/70.5 kW (4000 rpm) (OCR lines 1059-1211). power_kw and engine_displacement_cc left blank -- no modification-specific engine stated, so no single value can be picked without guessing; powertrain=ICE and energy_carrier=Gasoline are confirmed because no diesel is offered for this body. Power figures already given in kW in the source, no л.с. conversion needed."
ГАЗ,ГАЗ-3259-0000010-01,,,,RU/CIS,bus,M2,,,,,,ICE,,Gasoline,,,,,,,,,,,,,,2400,2480,,3250,3500,,13,,5500,,,2075,,,2200,,,2900,,,,,,,,,,,,,,,,,,,,,,,,,,,niiat,kratkii_avtomobilnyi_spravochnik_niiat_tom_1_2002.pdf,,"мод. 3259-0000010-01 (автобус для маршрутных перевозок) на шасси ГАЗ-2705; Категория транспортного средства: M2 (класс В); длина 5500, ширина 2075, высота 2200, база 2900; Количество мест для сидения 14(1+2/11); Пассажировместимость 13; Масса снаряженного транспортного средства, кг 2400-2480; Полная масса транспортного средства, кг 3250-3500.","OCR lines 928-1058. Route-bus (marshrutnoye) variant of the 3259-0000010, same body shell/dims as the base variant per the source table (not split per sub-variant). curb_mass_kg/gross_mass_kg are given as ranges 2400-2480 and 3250-3500. Engine (added): source states no single engine specific to mod. 3259-0000010/-01 -- the final-drive-ratio line confirms only petrol engines are fitted to this body ('5,125 (дв. ЗМЗ) или 4,556 (дв. УМЗ)', OCR line ~1258), ruling out the ГАЗ-560 diesel offered for other GAZ-2705-based bodies in this catalog. Five alternative factory petrol engines are listed without indicating which is standard for this VIN suffix: ЗМЗ-4026.10 2445cc, 63.4 kW (4500 rpm); ЗМЗ-4061.10 2300cc, 64.8 kW (4500 rpm); ЗМЗ-4063.10 2300cc, 72.2 kW (4500 rpm); УМЗ-4215.10-10 2890cc, 65.4 kW (4000 rpm); УМЗ-4215.10 2890cc, 65.4/70.5 kW (4000 rpm) (OCR lines 1059-1211). power_kw and engine_displacement_cc left blank -- no modification-specific engine stated, so no single value can be picked without guessing; powertrain=ICE and energy_carrier=Gasoline are confirmed because no diesel is offered for this body. Power figures already given in kW in the source, no л.с. conversion needed."
ГАЗ,ГАЗ-322132,,,,RU/CIS,bus,M2,,,,,,ICE,,,,,,,,,,,,,,,,2400,2480,,3250,3500,,13,,5500,,,2075,,,2200,,,2900,,,,,,,,,,,,,,,,,,,,,,,,,,,niiat,kratkii_avtomobilnyi_spravochnik_niiat_tom_1_2002.pdf,,"Для модификации 322132: Количество мест для сидения 14(1+2/11); Пассажировместимость 13 (мод. 322132); длина 5500, ширина 2075, высота 2200, база 2900; Масса снаряженного транспортного средства, кг 2400-2480; Полная масса транспортного средства, кг 3250-3500. Категория M2 (класс В).","OCR lines 1896-1981. curb_mass_kg/gross_mass_kg are given as ranges 2400-2480 / 3250-3500, shared across mods 322132/322130/322100 in this table (not individually split by source). Engine (added): source offers both petrol and diesel alternatives for this body -- mod. 322132/322130/322100 share one engine table (OCR lines 1950-2135) listing five petrol variants (ЗМЗ-4026.10 2445cc 63.4 kW@4500rpm; ЗМЗ-4061.10 2300cc 64.8 kW@4500rpm; ЗМЗ-4063.10 2300cc 72.2 kW@4500rpm; УМЗ-4215.10-10 2890cc 65.4 kW@4000rpm; УМЗ-4215.10 2890cc 70.5 kW@4000rpm) plus a turbodiesel ГАЗ-560 2135cc (70 kW@3800rpm without intercooler / 81 kW@3800rpm with intercooler), confirmed as a genuine option by the final-drive-ratio note '5,125 (с двигателями ЗМЗ, ГАЗ-560 без промежуточного охлаждения) или 4,556 (с двигателями УМЗ, ГАЗ-560 с промежуточным охлаждением)' (OCR lines 2180-2184). No modification-specific engine is stated, so energy_carrier and power_kw are left blank as genuinely ambiguous between petrol and diesel; powertrain=ICE is filled since every option listed is a combustion engine."
ГАЗ,ГАЗ-322130,,,,RU/CIS,bus,M2,,,,,,ICE,,,,,,,,,,,,,,,,2400,2480,,3250,3500,,,,5500,,,2075,,,2200,,,2900,,,,,,,,,,,,,,,,,,,,,,,,,,,niiat,kratkii_avtomobilnyi_spravochnik_niiat_tom_1_2002.pdf,,Для модификации 322130: Количество мест для сидения 13-14 (1 + 1(2)/11); Пассажировместимость 12 или 13 (мод. 322130); длина/ширина/высота/база и массы как в общей таблице для группы 322132/322130/322100.,"OCR lines 1896-1981. seats left blank: source gives an either/or passenger-capacity value (12 or 13), not a numeric range with a clean midpoint, so per the no-fabrication rule it is skipped. curb_mass_kg/gross_mass_kg are the shared 2400-2480 / 3250-3500 ranges. Engine (added): source offers both petrol and diesel alternatives for this body -- mod. 322132/322130/322100 share one engine table (OCR lines 1950-2135) listing five petrol variants (ЗМЗ-4026.10 2445cc 63.4 kW@4500rpm; ЗМЗ-4061.10 2300cc 64.8 kW@4500rpm; ЗМЗ-4063.10 2300cc 72.2 kW@4500rpm; УМЗ-4215.10-10 2890cc 65.4 kW@4000rpm; УМЗ-4215.10 2890cc 70.5 kW@4000rpm) plus a turbodiesel ГАЗ-560 2135cc (70 kW@3800rpm without intercooler / 81 kW@3800rpm with intercooler), confirmed as a genuine option by the final-drive-ratio note '5,125 (с двигателями ЗМЗ, ГАЗ-560 без промежуточного охлаждения) или 4,556 (с двигателями УМЗ, ГАЗ-560 с промежуточным охлаждением)' (OCR lines 2180-2184). No modification-specific engine is stated, so energy_carrier and power_kw are left blank as genuinely ambiguous between petrol and diesel; powertrain=ICE is filled since every option listed is a combustion engine."
ГАЗ,ГАЗ-322100,,,,RU/CIS,bus,M2,,,,,,ICE,,,,,,,,,,,,,,,,2400,2480,,3250,3500,,,,5500,,,2075,,,2200,,,2900,,,,,,,,,,,,,,,,,,,,,,,,,,,niiat,kratkii_avtomobilnyi_spravochnik_niiat_tom_1_2002.pdf,,Для модификации 322100: Количество мест для сидения 9-10 (1 + 1(2)/7); Пассажировместимость 8 или 9 (мод. 322100); длина/ширина/высота/база и массы как в общей таблице для группы 322132/322130/322100.,"OCR lines 1896-1981. seats left blank: source gives an either/or passenger-capacity value (8 or 9), skipped per no-fabrication rule. curb_mass_kg/gross_mass_kg are the shared 2400-2480 / 3250-3500 ranges. Engine (added): source offers both petrol and diesel alternatives for this body -- mod. 322132/322130/322100 share one engine table (OCR lines 1950-2135) listing five petrol variants (ЗМЗ-4026.10 2445cc 63.4 kW@4500rpm; ЗМЗ-4061.10 2300cc 64.8 kW@4500rpm; ЗМЗ-4063.10 2300cc 72.2 kW@4500rpm; УМЗ-4215.10-10 2890cc 65.4 kW@4000rpm; УМЗ-4215.10 2890cc 70.5 kW@4000rpm) plus a turbodiesel ГАЗ-560 2135cc (70 kW@3800rpm without intercooler / 81 kW@3800rpm with intercooler), confirmed as a genuine option by the final-drive-ratio note '5,125 (с двигателями ЗМЗ, ГАЗ-560 без промежуточного охлаждения) или 4,556 (с двигателями УМЗ, ГАЗ-560 с промежуточным охлаждением)' (OCR lines 2180-2184). No modification-specific engine is stated, so energy_carrier and power_kw are left blank as genuinely ambiguous between petrol and diesel; powertrain=ICE is filled since every option listed is a combustion engine."
ГАЗ,ГАЗ-3269-0000010,,,,RU/CIS,bus,M2,,,,,,ICE,,Gasoline,,,,,,,,,,,,,,2400,2480,,3250,3500,,13,,5500,,,2075,,,2200,,,2900,,,,,,,,,,,,,,,,,,,,,,,,,,,niiat,kratkii_avtomobilnyi_spravochnik_niiat_tom_1_2002.pdf,,"мод. 3269 производства ООО «ВолгоВятКонтракт» на шасси ГАЗ-2705; Количество мест для сидения 14(1+2/11) - мод. 3269-0000010, 3269-0000010-01; Пассажировместимость 13 - мод. 3269-0000010, 3269-0000010-01; длина 5500, ширина 2075, высота 2200, база 2900; Масса снаряженного транспортного средства, кг 2400-2480; Полная масса транспортного средства, кг 3250-3500.","OCR lines 2256-2389. curb_mass_kg/gross_mass_kg are given as ranges 2400-2480 / 3250-3500. Engine (added): source states no single engine specific to mod. 3269-0000010/-02 -- the final-drive-ratio line confirms only petrol engines are fitted to this body ('5,125 (дв. ЗМЗ) или 4,556 (дв. УМЗ)', OCR line ~2578), ruling out the ГАЗ-560 diesel offered for other GAZ-2705-based bodies in this catalog. Five alternative factory petrol engines are listed without indicating which is standard for this VIN suffix: ЗМЗ-4026.10 2445cc, 63.4 kW (4500 rpm); ЗМЗ-4061.10 2300cc, 64.8 kW (4500 rpm); ЗМЗ-4063.10 2300cc, 72.2 kW (4500 rpm); УМЗ-4215.10-10 2890cc, 65.4 kW (4000 rpm); УМЗ-4215.10 2890cc, 70.5 kW (4000 rpm) (OCR lines 2393-2523). power_kw and engine_displacement_cc left blank -- no modification-specific engine stated, so no single value can be picked without guessing; powertrain=ICE and energy_carrier=Gasoline are confirmed because no diesel is offered for this body. Power figures already given in kW in the source, no л.с. conversion needed."
ГАЗ,ГАЗ-3269-0000010-02,,,,RU/CIS,bus,M2,,,,,,ICE,,Gasoline,,,,,,,,,,,,,,2400,2480,,3250,3500,,8,,5500,,,2075,,,2200,,,2900,,,,,,,,,,,,,,,,,,,,,,,,,,,niiat,kratkii_avtomobilnyi_spravochnik_niiat_tom_1_2002.pdf,,"мод. 3269-0000010-02 на шасси ГАЗ-2705; Количество мест для сидения 9(1+1/7) - мод. 3269-0000010-02; Пассажировместимость 8 - мод. 3269-0000010-02; длина 5500, ширина 2075, высота 2200, база 2900; Масса снаряженного транспортного средства, кг 2400-2480; Полная масса транспортного средства, кг 3250-3500.","OCR lines 2256-2389. curb_mass_kg/gross_mass_kg are given as ranges 2400-2480 / 3250-3500, shared with the other 3269 body sub-variants in this table. Engine (added): source states no single engine specific to mod. 3269-0000010/-02 -- the final-drive-ratio line confirms only petrol engines are fitted to this body ('5,125 (дв. ЗМЗ) или 4,556 (дв. УМЗ)', OCR line ~2578), ruling out the ГАЗ-560 diesel offered for other GAZ-2705-based bodies in this catalog. Five alternative factory petrol engines are listed without indicating which is standard for this VIN suffix: ЗМЗ-4026.10 2445cc, 63.4 kW (4500 rpm); ЗМЗ-4061.10 2300cc, 64.8 kW (4500 rpm); ЗМЗ-4063.10 2300cc, 72.2 kW (4500 rpm); УМЗ-4215.10-10 2890cc, 65.4 kW (4000 rpm); УМЗ-4215.10 2890cc, 70.5 kW (4000 rpm) (OCR lines 2393-2523). power_kw and engine_displacement_cc left blank -- no modification-specific engine stated, so no single value can be picked without guessing; powertrain=ICE and energy_carrier=Gasoline are confirmed because no diesel is offered for this body. Power figures already given in kW in the source, no л.с. conversion needed."
ПАЗ,ПАЗ-3205-110,,,,RU/CIS,bus,M3,,,4x2,,,ICE,,Gasoline,4670,96,,,,,,,,,,,4720,,,7705,,,,41,,7000,,,2500,,,2960,,,3600,,,,,,,,,,,,,,,,,,,,,,,,,,,niiat,kratkii_avtomobilnyi_spravochnik_niiat_tom_1_2002.pdf,,"ПАЗ-3205 (ОАО «Павловский автобус»), для модификации ПАЗ-3205-110: Пассажировместимость 41; Масса снаряженного транспортного средства, кг 4720; Полная масса транспортного средства, кг 7705; Габаритные размеры, мм: длина 7000, ширина 2500, высота 2960; База, мм 3600; Колея передних/задних колес, мм 1940/1690. Категория M3.","OCR lines 15430-15654. Length/width/height/wheelbase are a single shared dimension set given once for the whole 3205 family in the source table (not repeated per modification); seats/curb/gross are the modification-specific column values from the clean 4-column mass table. Engine (added, applies to all ПАЗ-3205 modifications -- stated once for the whole family, not split per sub-variant): ЗМЗ-5234.10 (5234.00), 8-cylinder V, four-stroke carbureted petrol, 4670 cm3, compression ratio 7.6, max power 96 kW at 3200 rpm, max torque 314 N*m at 2250 rpm, fuel AI-76 or higher unleaded/leaded petrol (OCR lines 15656-15742). Power already stated in kW in the source, no л.с.-to-kW conversion needed."
ПАЗ,ПАЗ-32051-110,,,,RU/CIS,bus,M3,,,4x2,,,ICE,,Gasoline,4670,96,,,,,,,,,,,4680,,,7735,,,,42,,7000,,,2500,,,2960,,,3600,,,,,,,,,,,,,,,,,,,,,,,,,,,niiat,kratkii_avtomobilnyi_spravochnik_niiat_tom_1_2002.pdf,,"ПАЗ-3205 (ОАО «Павловский автобус»), для модификации ПАЗ-32051-110: Пассажировместимость 42; Масса снаряженного транспортного средства, кг 4680; Полная масса транспортного средства, кг 7735; Габаритные размеры, мм: длина 7000, ширина 2500, высота 2960; База, мм 3600; Колея передних/задних колес, мм 1940/1690. Категория M3.","OCR lines 15430-15654. Length/width/height/wheelbase are a single shared dimension set given once for the whole 3205 family in the source table (not repeated per modification); seats/curb/gross are the modification-specific column values from the clean 4-column mass table. Engine (added, applies to all ПАЗ-3205 modifications -- stated once for the whole family, not split per sub-variant): ЗМЗ-5234.10 (5234.00), 8-cylinder V, four-stroke carbureted petrol, 4670 cm3, compression ratio 7.6, max power 96 kW at 3200 rpm, max torque 314 N*m at 2250 rpm, fuel AI-76 or higher unleaded/leaded petrol (OCR lines 15656-15742). Power already stated in kW in the source, no л.с.-to-kW conversion needed."
ПАЗ,ПАЗ-3205-110-50,,,,RU/CIS,bus,M3,,,4x2,,,ICE,,Gasoline,4670,96,,,,,,,,,,,4890,,,7610,,,,36,,7000,,,2500,,,2960,,,3600,,,,,,,,,,,,,,,,,,,,,,,,,,,niiat,kratkii_avtomobilnyi_spravochnik_niiat_tom_1_2002.pdf,,"ПАЗ-3205 (ОАО «Павловский автобус»), для модификации ПАЗ-3205-110-50: Пассажировместимость 36; Масса снаряженного транспортного средства, кг 4890; Полная масса транспортного средства, кг 7610; Габаритные размеры, мм: длина 7000, ширина 2500, высота 2960; База, мм 3600; Колея передних/задних колес, мм 1940/1690. Категория M3.","OCR lines 15430-15654. Length/width/height/wheelbase are a single shared dimension set given once for the whole 3205 family in the source table (not repeated per modification); seats/curb/gross are the modification-specific column values from the clean 4-column mass table. Engine (added, applies to all ПАЗ-3205 modifications -- stated once for the whole family, not split per sub-variant): ЗМЗ-5234.10 (5234.00), 8-cylinder V, four-stroke carbureted petrol, 4670 cm3, compression ratio 7.6, max power 96 kW at 3200 rpm, max torque 314 N*m at 2250 rpm, fuel AI-76 or higher unleaded/leaded petrol (OCR lines 15656-15742). Power already stated in kW in the source, no л.с.-to-kW conversion needed."
ПАЗ,ПАЗ-32051-110-50,,,,RU/CIS,bus,M3,,,4x2,,,ICE,,Gasoline,4670,96,,,,,,,,,,,4890,,,7610,,,,36,,7000,,,2500,,,2960,,,3600,,,,,,,,,,,,,,,,,,,,,,,,,,,niiat,kratkii_avtomobilnyi_spravochnik_niiat_tom_1_2002.pdf,,"ПАЗ-3205 (ОАО «Павловский автобус»), для модификации ПАЗ-32051-110-50: Пассажировместимость 36; Масса снаряженного транспортного средства, кг 4890; Полная масса транспортного средства, кг 7610; Габаритные размеры, мм: длина 7000, ширина 2500, высота 2960; База, мм 3600; Колея передних/задних колес, мм 1940/1690. Категория M3.","OCR lines 15430-15654. Length/width/height/wheelbase are a single shared dimension set given once for the whole 3205 family in the source table (not repeated per modification); seats/curb/gross are the modification-specific column values from the clean 4-column mass table. Engine (added, applies to all ПАЗ-3205 modifications -- stated once for the whole family, not split per sub-variant): ЗМЗ-5234.10 (5234.00), 8-cylinder V, four-stroke carbureted petrol, 4670 cm3, compression ratio 7.6, max power 96 kW at 3200 rpm, max torque 314 N*m at 2250 rpm, fuel AI-76 or higher unleaded/leaded petrol (OCR lines 15656-15742). Power already stated in kW in the source, no л.с.-to-kW conversion needed."
ПАЗ,ПАЗ-3205-110-60,,,,RU/CIS,bus,M3,,,4x2,,,ICE,,Gasoline,4670,96,,,,,,,,,,,4950,,,7940,,,,41,,7000,,,2500,,,2960,,,3600,,,,,,,,,,,,,,,,,,,,,,,,,,,niiat,kratkii_avtomobilnyi_spravochnik_niiat_tom_1_2002.pdf,,"ПАЗ-3205 (ОАО «Павловский автобус»), для модификации ПАЗ-3205-110-60: Пассажировместимость 41; Масса снаряженного транспортного средства, кг 4950; Полная масса транспортного средства, кг 7940; Габаритные размеры, мм: длина 7000, ширина 2500, высота 2960; База, мм 3600; Колея передних/задних колес, мм 1940/1690. Категория M3.","OCR lines 15430-15654. Length/width/height/wheelbase are a single shared dimension set given once for the whole 3205 family in the source table (not repeated per modification); seats/curb/gross are the modification-specific column values from the clean 4-column mass table. Engine (added, applies to all ПАЗ-3205 modifications -- stated once for the whole family, not split per sub-variant): ЗМЗ-5234.10 (5234.00), 8-cylinder V, four-stroke carbureted petrol, 4670 cm3, compression ratio 7.6, max power 96 kW at 3200 rpm, max torque 314 N*m at 2250 rpm, fuel AI-76 or higher unleaded/leaded petrol (OCR lines 15656-15742). Power already stated in kW in the source, no л.с.-to-kW conversion needed."
ПАЗ,ПАЗ-32051-110-60,,,,RU/CIS,bus,M3,,,4x2,,,ICE,,Gasoline,4670,96,,,,,,,,,,,4910,,,7965,,,,42,,7000,,,2500,,,2960,,,3600,,,,,,,,,,,,,,,,,,,,,,,,,,,niiat,kratkii_avtomobilnyi_spravochnik_niiat_tom_1_2002.pdf,,"ПАЗ-3205 (ОАО «Павловский автобус»), для модификации ПАЗ-32051-110-60: Пассажировместимость 42; Масса снаряженного транспортного средства, кг 4910; Полная масса транспортного средства, кг 7965; Габаритные размеры, мм: длина 7000, ширина 2500, высота 2960; База, мм 3600; Колея передних/задних колес, мм 1940/1690. Категория M3.","OCR lines 15430-15654. Length/width/height/wheelbase are a single shared dimension set given once for the whole 3205 family in the source table (not repeated per modification); seats/curb/gross are the modification-specific column values from the clean 4-column mass table. Engine (added, applies to all ПАЗ-3205 modifications -- stated once for the whole family, not split per sub-variant): ЗМЗ-5234.10 (5234.00), 8-cylinder V, four-stroke carbureted petrol, 4670 cm3, compression ratio 7.6, max power 96 kW at 3200 rpm, max torque 314 N*m at 2250 rpm, fuel AI-76 or higher unleaded/leaded petrol (OCR lines 15656-15742). Power already stated in kW in the source, no л.с.-to-kW conversion needed."
ПАЗ,ПАЗ-320507-110,,,,RU/CIS,bus,M3,,,4x2,,,ICE,,Gasoline,4670,96,,,,,,,,,,,4720,,,7705,,,,41,,7000,,,2500,,,2960,,,3600,,,,,,,,,,,,,,,,,,,,,,,,,,,niiat,kratkii_avtomobilnyi_spravochnik_niiat_tom_1_2002.pdf,,"ПАЗ-3205 (ОАО «Павловский автобус»), для модификации ПАЗ-320507-110: Пассажировместимость 41; Масса снаряженного транспортного средства, кг 4720; Полная масса транспортного средства, кг 7705; Габаритные размеры, мм: длина 7000, ширина 2500, высота 2960; База, мм 3600; Колея передних/задних колес, мм 1940/1690. Категория M3.","OCR lines 15430-15654. Length/width/height/wheelbase are a single shared dimension set given once for the whole 3205 family in the source table (not repeated per modification); seats/curb/gross are the modification-specific column values from the clean 4-column mass table. Engine (added, applies to all ПАЗ-3205 modifications -- stated once for the whole family, not split per sub-variant): ЗМЗ-5234.10 (5234.00), 8-cylinder V, four-stroke carbureted petrol, 4670 cm3, compression ratio 7.6, max power 96 kW at 3200 rpm, max torque 314 N*m at 2250 rpm, fuel AI-76 or higher unleaded/leaded petrol (OCR lines 15656-15742). Power already stated in kW in the source, no л.с.-to-kW conversion needed."
ПАЗ,ПАЗ-320517-110,,,,RU/CIS,bus,M3,,,4x2,,,ICE,,Gasoline,4670,96,,,,,,,,,,,4680,,,7735,,,,42,,7000,,,2500,,,2960,,,3600,,,,,,,,,,,,,,,,,,,,,,,,,,,niiat,kratkii_avtomobilnyi_spravochnik_niiat_tom_1_2002.pdf,,"ПАЗ-3205 (ОАО «Павловский автобус»), для модификации ПАЗ-320517-110: Пассажировместимость 42; Масса снаряженного транспортного средства, кг 4680; Полная масса транспортного средства, кг 7735; Габаритные размеры, мм: длина 7000, ширина 2500, высота 2960; База, мм 3600; Колея передних/задних колес, мм 1940/1690. Категория M3.","OCR lines 15430-15654. Length/width/height/wheelbase are a single shared dimension set given once for the whole 3205 family in the source table (not repeated per modification); seats/curb/gross are the modification-specific column values from the clean 4-column mass table. Engine (added, applies to all ПАЗ-3205 modifications -- stated once for the whole family, not split per sub-variant): ЗМЗ-5234.10 (5234.00), 8-cylinder V, four-stroke carbureted petrol, 4670 cm3, compression ratio 7.6, max power 96 kW at 3200 rpm, max torque 314 N*m at 2250 rpm, fuel AI-76 or higher unleaded/leaded petrol (OCR lines 15656-15742). Power already stated in kW in the source, no л.с.-to-kW conversion needed."
ПАЗ,ПАЗ-3205-110-20,,,,RU/CIS,bus,M3,,,4x2,,,ICE,,Gasoline,4670,96,,,,,,,,,,,5110,,,7740,,,,11,,7000,,,2500,,,2960,,,3600,,,,,,,,,,,,,,,,,,,,,,,,,,,niiat,kratkii_avtomobilnyi_spravochnik_niiat_tom_1_2002.pdf,,"ПАЗ-3205 (ОАО «Павловский автобус»), для модификации ПАЗ-3205-110-20: Пассажировместимость 11; Масса снаряженного транспортного средства, кг 5110; Полная масса транспортного средства, кг 7740; Габаритные размеры, мм: длина 7000, ширина 2500, высота 2960; База, мм 3600; Колея передних/задних колес, мм 1940/1690. Категория M3.","OCR lines 15430-15654. Length/width/height/wheelbase are a single shared dimension set given once for the whole 3205 family in the source table (not repeated per modification); seats/curb/gross are the modification-specific column values from the clean 4-column mass table. Engine (added, applies to all ПАЗ-3205 modifications -- stated once for the whole family, not split per sub-variant): ЗМЗ-5234.10 (5234.00), 8-cylinder V, four-stroke carbureted petrol, 4670 cm3, compression ratio 7.6, max power 96 kW at 3200 rpm, max torque 314 N*m at 2250 rpm, fuel AI-76 or higher unleaded/leaded petrol (OCR lines 15656-15742). Power already stated in kW in the source, no л.с.-to-kW conversion needed."
ПАЗ,ПАЗ-3205-110-21,,,,RU/CIS,bus,M3,,,4x2,,,ICE,,Gasoline,4670,96,,,,,,,,,,,5015,,,8015,,,,11,,7000,,,2500,,,2960,,,3600,,,,,,,,,,,,,,,,,,,,,,,,,,,niiat,kratkii_avtomobilnyi_spravochnik_niiat_tom_1_2002.pdf,,"ПАЗ-3205 (ОАО «Павловский автобус»), для модификации ПАЗ-3205-110-21: Пассажировместимость 11; Масса снаряженного транспортного средства, кг 5015; Полная масса транспортного средства, кг 8015; Габаритные размеры, мм: длина 7000, ширина 2500, высота 2960; База, мм 3600; Колея передних/задних колес, мм 1940/1690. Категория M3.","OCR lines 15430-15654. Length/width/height/wheelbase are a single shared dimension set given once for the whole 3205 family in the source table (not repeated per modification); seats/curb/gross are the modification-specific column values from the clean 4-column mass table. Engine (added, applies to all ПАЗ-3205 modifications -- stated once for the whole family, not split per sub-variant): ЗМЗ-5234.10 (5234.00), 8-cylinder V, four-stroke carbureted petrol, 4670 cm3, compression ratio 7.6, max power 96 kW at 3200 rpm, max torque 314 N*m at 2250 rpm, fuel AI-76 or higher unleaded/leaded petrol (OCR lines 15656-15742). Power already stated in kW in the source, no л.с.-to-kW conversion needed."
ПАЗ,ПАЗ-3205-110-22,,,,RU/CIS,bus,M3,,,4x2,,,ICE,,Gasoline,4670,96,,,,,,,,,,,5080,,,8015,,,,6,,7000,,,2500,,,2960,,,3600,,,,,,,,,,,,,,,,,,,,,,,,,,,niiat,kratkii_avtomobilnyi_spravochnik_niiat_tom_1_2002.pdf,,"ПАЗ-3205 (ОАО «Павловский автобус»), для модификации ПАЗ-3205-110-22: Пассажировместимость 6; Масса снаряженного транспортного средства, кг 5080; Полная масса транспортного средства, кг 8015; Габаритные размеры, мм: длина 7000, ширина 2500, высота 2960; База, мм 3600; Колея передних/задних колес, мм 1940/1690. Категория M3.","OCR lines 15430-15654. Length/width/height/wheelbase are a single shared dimension set given once for the whole 3205 family in the source table (not repeated per modification); seats/curb/gross are the modification-specific column values from the clean 4-column mass table. Engine (added, applies to all ПАЗ-3205 modifications -- stated once for the whole family, not split per sub-variant): ЗМЗ-5234.10 (5234.00), 8-cylinder V, four-stroke carbureted petrol, 4670 cm3, compression ratio 7.6, max power 96 kW at 3200 rpm, max torque 314 N*m at 2250 rpm, fuel AI-76 or higher unleaded/leaded petrol (OCR lines 15656-15742). Power already stated in kW in the source, no л.с.-to-kW conversion needed."
ПАЗ,ПАЗ-3205-110-80,,,,RU/CIS,bus,M3,,,4x2,,,ICE,,Gasoline,4670,96,,,,,,,,,,,4623,,,,,,,16,,7000,,,2500,,,2960,,,3600,,,,,,,,,,,,,,,,,,,,,,,,,,,niiat,kratkii_avtomobilnyi_spravochnik_niiat_tom_1_2002.pdf,,"ПАЗ-3205 (ОАО «Павловский автобус»), для модификации ПАЗ-3205-110-80: Пассажировместимость 16; Масса снаряженного транспортного средства, кг 4623; Полная масса транспортного средства, кг 5990; Габаритные размеры, мм: длина 7000, ширина 2500, высота 2960; База, мм 3600; Колея передних/задних колес, мм 1940/1690. Категория M3.","OCR lines 15430-15654. Length/width/height/wheelbase are a single shared dimension set given once for the whole 3205 family in the source table (not repeated per modification); seats/curb/gross are the modification-specific column values from the clean 4-column mass table. Engine (added, applies to all ПАЗ-3205 modifications -- stated once for the whole family, not split per sub-variant): ЗМЗ-5234.10 (5234.00), 8-cylinder V, four-stroke carbureted petrol, 4670 cm3, compression ratio 7.6, max power 96 kW at 3200 rpm, max torque 314 N*m at 2250 rpm, fuel AI-76 or higher unleaded/leaded petrol (OCR lines 15656-15742). Power already stated in kW in the source, no л.с.-to-kW conversion needed. gross_mass_kg blanked: source states 5990 kg but every sibling ПАЗ-3205-110-* variant in this table states 7605-8015 kg; 5990 is not recoverable by digit duplication, factor-of-ten, or transposition (no 7/8 digit present to transpose in), so it is flagged rather than guessed. curb_mass_kg (4623) is left as sourced -- within the sibling curb range and not independently contradicted."
Volkswagen,Beetle (Type 1),"1600, US spec sedan",,1974,US,car,M1,,,,,,ICE,,Gasoline,1641,34,129,,,,,,,,,,816,,,,,,,,,4150,,,1549,,,,,,2400,,,,,,,,,,,,,,,,,,,,,,,,,,,web-cited,,https://www.conceptcarz.com/s7068/volkswagen-beetle.aspx,"""1641 cc | 100.1 cu in. | 1.6 L."" engine; ""46 BHP (33.856 KW) @ 4000 RPM"" and ""95 Ft-Lbs (129 NM) @ 2700 RPM""; weight ""1800 lbs | 816.466 kg""; Length ""163.40 inches"", Width ""61.00 inches"", Wheelbase ""94.50 inches""","US-market 1974 Beetle (Type 1) sedan, 1.6L air-cooled flat-4. Dimensions converted from inches (in*25.4=mm). Height, top speed and 0-100 not published on this source page."
Volkswagen,Golf,"Mk1, 1.1L 50PS, 5-door hatchback",Mk1,1974,Germany/Europe,car,M1,,,,,,ICE,,Gasoline,1093,36.5,79,,,,,,,,,,750,,,,,,,,,3708,,,1613,,,,,,2400,,,,,,,,,,,,,,140,16.5,,,,,,,,,,,,web-cited,,https://www.carfolio.com/volkswagen-golf-1.1-l-42262,"""1093 cc"" engine, ""36.5 kW / 49 bhp"" power, ""79 Nm at 3000 rpm"" torque, curb weight ""750 kg"", length ""3708 mm"", width ""1613 mm"", wheelbase ""2400 mm"", top speed ""140 km/h (87 mph)"", 0-100 km/h ""16.5 seconds""","Base 1.1L 50PS trim, launch year 1974 (Italdesign-penned Mk1). Height not stated on this page."
Lada (VAZ),2101 Zhiguli,1.2L base,,1970,USSR,car,M1,,,,,,ICE,,Gasoline,1198,44,87,,,,,,,,,,945,,,,,,,,,4075,,,1610,,,1382,,,2424,,,,,,,,,,,,,,140,20,,,,,,,,,,,,web-cited,,https://en.wikipedia.org/wiki/VAZ-2101,"""1,198 cc"" engine; ""46 kW (62 PS) at 5600 min-1"" (GOST) / ""44 kW (60 PS) at 5600 min-1"" (DIN); torque ""87 N*m (8.9 kp*m) at 3400 min-1""; curb weight ""945 kg (2,105 lb)""; length ""4,075 mm"", width ""1,610 mm"", height ""1,382 mm"", wheelbase ""2,424 mm""; top speed ""140 km/h""; ""0-100 km/h (0-62 mph) in about 20 seconds""; ""introduced in 1970""","DIN power figure (44kW/60PS) used for power_kw; GOST rating was 46kW/62PS, noted as alternate."
Fiat,126,base 594cc,,1972,Italy,car,M1,,,,,,ICE,,Gasoline,594,17.2,39,,,,,,,,,,580,,,,,,,,,3054,,,1378,,,1302,,,1840,,,,,,,,,,,,,,,,,,,,,,,,,,,web-cited,,https://www.carfolio.com/fiat-126-38016,"""594 cc"" 2-cylinder engine, ""17.2 kW / 23 bhp at 4800 rpm"", ""39 Nm at 3400 rpm"", curb weight ""580 kg"", length ""3054 mm"", width ""1378 mm"", height ""1302 mm"", wheelbase ""1840 mm""","Launch trim, introduced October 1972 (page dated to 1973 model year). Top speed/acceleration not stated on this page."
Citroen,2CV,"2CV6 (602cc), pre-1975 emissions rating",,1970,France/Europe,car,M1,,,,,,ICE,,Gasoline,602,21,,,,,,,,,,,600,,,,,,,,,3860,,,1480,,,1600,,,2400,,,,,,,,,,,,,,,,,,,,,,,,,,,web-cited,,https://en.wikipedia.org/wiki/Citro%C3%ABn_2CV,"""the 2CV 6 (AZKA) with 602 cc displacement""; ""Because of new emission standards, in 1975, power was reduced from 21 to 18 kW (28 to 25 hp)"" (implying 21kW pre-1975); general dimensions ""3,860 mm length, 1,480 mm width, 1,600 mm height, 2,400 mm wheelbase, and 600 kg curb weight""","Dimensions/weight are from the article's general specification table applying across most 2CV production, not a single model-year figure. Power (21kW) is the pre-1975 2CV6 rating implied by the article. No torque, top speed or 0-100 found for this variant on this page."
Ford,Escort,"Mk1, 1100 Saloon",Mk1,1968,UK,car,M1,,,,,,ICE,,Gasoline,1098,41,81,,,,,,,,,,805,,,,,,,,,3978,,,1570,,,1346,,,2400,,,,,,,,,,,,,,132,,,,,,,,,,,,,web-cited,,https://www.carfolio.com/ford-escort-1100-saloon-66143,"""1,098 cc"" engine, ""41 kW / 55 bhp"" power, ""81 Nm"" torque, curb weight ""805 kg"", length ""3,978 mm"", width ""1,570 mm"", height ""1,346 mm"", wheelbase ""2,400 mm"", top speed ""132 km/h""",Base 1100 Saloon trim. Page gives 0-80 km/h (13.1s) rather than 0-100; acceleration_0_100_s left blank rather than convert/estimate.
Renault,4,GTL,,1984,France/Europe,car,M1,,,,,,ICE,,Gasoline,1108,25.4,74,,,,,,,,,,720,,,,,,,,,3670,,,1480,,,1550,,,2450,,,,,,,,,,,,,,121,,,,,,,,,,,,,web-cited,,https://www.carfolio.com/renault-4-gtl-71885,"""1,108 cc"" displacement, ""34.5 PS / 34 bhp / 25.4 kW @ 4,000 rpm"" power, ""74 Nm / 55 ft-lb @ 2,500 rpm"" torque, ""Top Speed: 121 km/h (75 mph)"", curb weight ""720 kg"", length ""3,670 mm"", width ""1,480 mm"", height ""1,550 mm"", wheelbase ""2,450 mm""","Sourced page is a 1984 GTL example; the R4's mechanical spec was essentially unchanged through most of its 1961-1992 production run, and GTL was the best-selling late trim. 0-100 not stated (only quarter-mile 22.4s given)."
Renault,5,956cc launch engine (e.g. TL),,1972,France/Europe,car,M1,,,,,,ICE,,Gasoline,956,,,,,,,,,,,,,730,810,,,,,,,3521,,,1525,,,1410,,,2419,,,,,,,,,,,0.37,,,,,,,,,,,,,,,,web-cited,,https://en.wikipedia.org/wiki/Renault_5,"""At the car's launch, the 782 cc and 956 cc versions were available depending on the model level."" Wheelbase ""2,419 mm (95.2 in)"", Length ""3,521 mm (138.6 in)"", Width ""1,525 mm (60.0 in)"", Height ""1,410 mm (55.5 in)"". Weight ""730-810 kg (1,609-1,786 lb)"". ""a drag coefficient was only 0.37""",curb_mass_kg is the article's stated 730-810kg range for launch-era models (not tied to one specific trim). Power/torque/top speed not found on this page for the base 1972 models; larger 956cc launch engine chosen over the 782cc option as more representative (roughly the TL trim).
Austin/Morris,Mini,Mini 1000,,1978,UK,car,M1,,,,,,ICE,,Gasoline,998,29.1,69,,,,,,,,,,616,,,,,,,,,3056,,,1410,,,1346,,,2037,,,,,,,,,,,,,,,,,,,,,,,,,,,web-cited,,https://www.carfolio.com/mini-1000-63723,"""1 litre"" (998 cc) engine, power ""39.5 PS (39 bhp) (29.1 kW) at 4750 rpm"", torque ""69 Nm (51 ft-lb) (7 kgm) at 2000 rpm"", curb weight ""616 kg"", length 3,056 mm, width 1,410 mm, height 1,346 mm, wheelbase 2,037 mm","1978 model year Mini 1000, 2-door saloon. Top speed and 0-100 not stated on this page."
Trabant,601,saloon,,1964,East Germany,car,M1,,,,,,ICE,,Gasoline,594,19.1,54,,,,,,,,,,615,,,,,,,,,3555,,,1505,,,1440,,,2020,,,,,,,,,,,,,,100,,,,,,,,,,,,,web-cited,,https://en.wikipedia.org/wiki/Trabant_601,"""594.5 cc (36 cu in)"" two-cylinder two-stroke engine; ""19.1 kW (25.6 hp) at 4200 rpm"" and ""54 N*m at 3000 rpm""; ""Mass: 615 kg"" (saloon, estate 650 kg); ""3555 mm x 1505 mm x 1440 mm"" L/W/H, ""2,020 mm (79.5 in)"" wheelbase; ""Top speed: 100 km/h (62 mph)""; production ""1964-1990""",Year recorded as production start (1964); spec was largely static across the model's long run. 0-100 acceleration not stated on this page.
Toyota,Corolla,"E30, 1.3L 4K-C (KE55/KE70)",E30,1979,Australia,car,M1,,,,,,ICE,,Gasoline,1290,45,,,,,,,,,,,,785,955,,,,,,,3995,,,1570,,,,1375,1390,2370,,,,,,,,,,,,,,,,,,,,,,,,,,,web-cited,,https://en.wikipedia.org/wiki/Toyota_Corolla_(E30),"""1.3 L (1290 cc) I4, 8-valve OHV, carburetor, 45 kW (60 hp)"" (Australian market, replacing the 3K-C in November 1978); Wheelbase ""2,370 mm""; Length ""3,995 mm""; Width ""1,570 mm""; Height ""1,375-1,390 mm""; Curb weight ""785-955 kg""","Australian-market 4K-C 1.3L engine, introduced Nov 1978, within the requested ~1979 E30 generation window. Height and curb weight given only as wide ranges (15mm / 170kg spread) across trims/body styles on this page -- recorded as ranges (height 1375-1390mm, curb weight 785-955kg) rather than a fabricated midpoint. No torque, top speed, or 0-100 found on this page."
Datsun/Nissan,Sunny,"B310, 1.4L A14 (JDM)",B310,1977,Japan,car,M1,,,,,,ICE,,Gasoline,1397,59,,,,,,,,,,,907,,,,,,,,,3940,,,1590,,,1365,,,2340,,,,,,,,,,,,,,,,,,,,,,,,,,,web-cited,,https://en.wikipedia.org/wiki/Datsun_Sunny,"""A14: 1397 cc""; ""80 PS (59 kW) JIS at 6000 rpm, 63 PS (46 kW) DIN at 5600 rpm (Europe)""; ""Wheelbase: 2,340 mm (92.1 in)""; ""Length: 3,940 mm (155.1 in)""; ""Width: 1,590 mm (62.6 in)""; ""Height: 1,365 mm (53.7 in)""; curb weight ""2,000 lb (907 kg)""","B310 generation (1977-1981), JDM A14 1.4L engine, JIS gross power rating used (59kW); DIN/Europe rating was lower (46kW). Curb weight is a general B310 figure on this page, not stated as specific to the A14 engine trim. No torque, top speed, or 0-100 found on this page."
Honda,Civic,"1st generation, EB1 1169cc, 3-door hatchback",SB1,1972,Japan,car,M1,,,,,,ICE,,Gasoline,1169,37,,,,,,,,,,,,600,790,,,,,,,,,,1505,,,,1325,1330,2200,,,,,,,,,,,,,,,,,,,5.9,,,,,,,,web-cited,,https://en.wikipedia.org/wiki/Honda_Civic_(first_generation),"""1169 cc EB1 I4"" with approximately ""50 hp"" (37 kW); Width ""1,505 mm (59.3 in)""; Height ""1,325-1,330 mm (52.2-52.4 in)"" for hatchback/sedan; Wheelbase ""2,200 mm (86.6 in)"" standard; Curb weight ""600-790 kg (1,323-1,742 lb)"" for hatchback/sedan; ""could achieve 40 mpg-US (5.9 L/100 km; 48 mpg-imp) on the highway""; production ""July 1972-June 1979""","Launch trim, base EB1 1169cc engine (~50hp/37kW, approximate per source). Length given only as a wide range across body styles/years with no specific figure in this quote -- left blank. Curb weight (600-790kg) and height (1325-1330mm) recorded as the quote's stated ranges. fuel_consumption_combined value (5.9 l/100km) is actually a highway rating, not a combined-cycle figure -- recorded with this caveat since no combined figure was found. Chassis code SB1 designates the 1st-generation (1972-1979) Civic 3-door hatchback body style, per Wikipedia: ""First generation (SB1/SG/SH/SE/VB)"" and ""3/5-door hatchback (SB1/SG)"" (https://en.wikipedia.org/wiki/Honda_Civic_(first_generation))."
Opel,Kadett,"Kadett C, 1.2 (52 Hp)",Kadett C,1973,Germany/Europe,car,M1,,,,,,ICE,,Gasoline,1196,39,80,,,,,,,,,,785,,,,,,,,,4124,,,1580,,,1375,,,2395,,,,,,,,,,,,,,130,21.5,,,,8.5,,,,,,,,web-cited,,https://www.auto-data.net/en/opel-kadett-c-1.2-52hp-1938,"Displacement ""1196 cc"", Power ""52 hp @ 5600 rpm"" (39kW), Torque ""80 Nm"", Top speed ""130 km/h"", Acceleration 0-100 km/h ""21.5 seconds"", Fuel consumption ""8.5 l/100 km"", Length ""4124 mm"", Width ""1580 mm"", Height ""1375 mm"", Wheelbase ""2395 mm"", Curb weight ""785 kg"", production years ""1973-1977""","Base 1.2L 52hp sedan trim, launch year 1973. Power converted from 52hp to kW (52*0.7457=38.8, rounded 39)."
Chevrolet,Chevette,"1.6L OHC, North America",,1976,US,car,M1,,,,,,ICE,,Gasoline,1599,45,,,,,,,,,,,,836,923,,,,,,,4161,,,1570,,,1325,,,2420,,,,,,,,,,,,,,,,,,,,,,,,,,,web-cited,,https://en.wikipedia.org/wiki/Chevrolet_Chevette,"""1,599 cc (97.6 cu in) OHC I4"" engine, ""52 to 60 hp (39 to 45 kW)""; Length ""163.8 in (4,161 mm)""; Width ""61.8 in (1,570 mm)""; Height ""52.2 in (1,325 mm)""; Wheelbase (2-door) ""95.3 in (2,420 mm)""; Weight ""1,843-2,035 lb (836-923 kg)""","North American 1976 model year, optional 1.6L OHC engine (used upper 60hp/45kW figure of the stated 52-60hp range). curb_mass_kg is the article's 836-923kg range across trims. Wheelbase is the 2-door figure. No torque, top speed, or 0-100 found on this page."
Toyota,RAV4,LE FWD,XA50,2022,USA,car,M1,,,,,,ICE,,Gasoline,2487,151,250,,,,,,,,,,1529,,,,,,,,,4595,,,1854,,,1702,,,2690,,225/65R17,,,,,,,,,,,,,,,,,7.8,,,,,,,,web-cited,,https://www.carfolio.com/toyota-rav4-le-776468,2.5 litre / 2487 cc; 206 PS (203 bhp) (151 kW) @ 6600 rpm; 250 Nm (184 ft-lb) @ 5000 rpm; kerb weight 1529 kg; length 4595mm width 1854mm height 1702mm wheelbase 2690mm; tyre 225/65 R 17; fuel consumption 8.7/6.7/7.8 l/100km city/highway/combined,"2022 model year US LE FWD trim, current-gen (XA50) ICE (non-hybrid) RAV4 -- distinct from existing 'RAV4 Hybrid LE' 2022 row in dataset. GVWR, drag_coef, CO2 g/km not found in fetched source."
Toyota,Camry Hybrid,Active (EU spec),XV70,2021,UK/EU,car,M1,,,,,,Hybrid,HEV,Gasoline,2487,131,221,1.6,88.3,,,,,,,,1595,,,,,,,,,4885,,,1840,,,1445,,,2825,,215/55R17,,,,,,,,,,,,180,8.3,,,,4.3,,,,,,98.0,,web-cited,,https://www.carfolio.com/toyota-camry-2.5-hybrid-745932,Displacement 2487cc; engine max power 178 PS (131 kW) at 5700 rpm; hybrid motor 120 PS (88.3 kW); max torque 221 Nm at 3600-5200 rpm (motor torque 202 Nm separately); kerb weight 1595 kg; length 4885 width 1840 height 1445 wheelbase 2825mm; tyres 215/55 R17 94W; top speed 180 km/h; 0-100km/h 8.3s; consumption 4.2/4.8/4.3 l/100km; CO2 98.0 g/km NEDC,"2021 EU-spec Camry Hybrid (XV70). Engine max power/torque and hybrid motor max power reported separately (not summed) since source gives no combined system figure -- same non-fabrication principle as the Outlander PHEV row. Battery capacity 1.6kWh NiMH is the global spec per Wikipedia (US LE model reportedly uses 1.0kWh Li-ion instead, not confirmed for this exact EU trim)."
Honda,Civic,Sedan Sport (2.0L non-turbo),FE2,2023,USA,car,M1,,,,,,ICE,,Gasoline,1996,118,187,,,,,,,,,,1331,,,,,,,,,4674,,,1801,,,1415,,,2736,,235/40R18,,,,,,,,,,,,,,,,,7.6,,,,,,,,web-cited,,https://www.carfolio.com/honda-civic-sedan-sport-791373,Displacement 1996cc; max power 160 PS (118 kW) at 6500 rpm; max torque 187 Nm at 4200 rpm; kerb weight 1331 kg; length 4674 width 1801 height 1415 wheelbase 2736mm; tyres 235/40 R18 91W; fuel consumption 8.7/6.4/7.6 l/100km (converted from 31 US MPG EPA combined),"2023 11th-generation Civic Sedan Sport, base 2.0L non-turbo engine (shared with LX). Distinct from the only existing Civic row (1st-gen, 1972). Curb weight for LX trim independently found at 2877 lb (1305 kg) via a Honda dealer research page (headquarterhonda.com), close to but not identical to this carfolio figure -- trim-dependent. Drag coefficient and CO2 g/km not found in fetched sources. Chassis code FE2 designates the 11th-gen Civic sedan fitted with the 2.0L naturally aspirated K20C2 engine (158 hp/118 kW), matching this trim's non-turbo powertrain, per Wikipedia's 11th-gen Civic engine table listing the K20C2 (158 hp/118 kW) under chassis code FE2 vs. the turbo L15B7 under FE1 (https://en.wikipedia.org/wiki/Honda_Civic_(eleventh_generation))."
Honda,CR-V,EX-L FWD,RS3,2023,USA,car,M1,,,,,,ICE,,Gasoline,1498,142,243,,,,,,,,,,1599,,,,,,,,,4694,,,1867,,,1681,,,2700,,235/60R18,,,,,,,,,,,,,,,,,7.8,,,,,,,,web-cited,,https://www.carfolio.com/honda-cr-v-ex-l-791274,Displacement 1498cc (1.5 turbo); max power 193 PS (142 kW) at 6000 rpm; max torque 243 Nm at 1700-5000 rpm; kerb weight 1599 kg; length 4694 width 1867 height 1681 wheelbase 2700mm; tyres 235/60 R18 103H; fuel consumption 8.4/6.9/7.8 l/100km,"2023 sixth-generation CR-V, EX-L FWD trim, 1.5L turbo gasoline (non-hybrid). Drag coefficient and CO2 g/km not found in fetched sources. Chassis code RS3 is the 6th-gen CR-V's 1.5L L15BE turbo-petrol variant. INFERRED: the source lists codes RS3/RS4 together for this engine without stating which is FWD; RS3 is taken as the FWD car to match this row's EX-L FWD trim. The generation (6th) is certain; the RS3-vs-RS4 split is not directly cited, per Wikipedia: ""1.5 L L15BE I4 turbo petrol"" listed under codes RS3/RS4 (https://en.wikipedia.org/wiki/Honda_CR-V_(sixth_generation))."
Honda,Accord,LX,CY1,2023,USA,car,M1,,,,,,ICE,,Gasoline,1498,143,260,,,,,,,,,,1469,,,,,,,,,4971,,,1862,,,1450,,,2830,,225/50R17,,,,,,,,,,,,,,,,,7.4,,,,,,,,web-cited,,https://www.carfolio.com/honda-accord-lx-792066,Displacement 1498cc; max power 195 PS (143 kW) at 6000 rpm; max torque 260 Nm at 1700-5000 rpm; kerb weight 1469 kg; length 4971 width 1862 height 1450 wheelbase 2830mm; tyres 225/50 R17 94V; fuel consumption 8.1/6.4/7.4 l/100km,"2023 11th-generation Accord LX, 1.5L turbo (only gas engine offered on LX/EX; 2.0T retired for this generation). Drag coefficient and CO2 g/km not found in fetched source. Chassis code CY1 designates the 11th-gen Accord, per Dimensions.com: ""Honda Accord (CY1 - 11th Gen)"" (https://www.dimensions.com/element/honda-accord-cy1-11th-gen); INFERRED: CY2 is understood to be the e:HEV hybrid code, so CY1 is used here for the non-hybrid LX, but the page carrying that hybrid/non-hybrid split returned HTTP 403 and could not be fetched. The generation (11th, CY) is cited; the CY1-vs-CY2 split is not."
Ford,F-150,XLT SuperCrew 5.5ft box 2WD (3.3L V6),P702,2021,USA,truck,N1,,,,,,ICE,,Gasoline,3300,216,359,,,,,,,,,,2025,,,2835,,,,,,5893,,,2032,,,1930,,,3683,,P245/70R17,,,,,,,,,,,,,,,,,,,,,,,,,web-cited,,https://www.cars.com/research/ford-f_150-2021/specs/416690/,"cars.com config specs (2021 F-150 XLT SuperCrew 5.5ft box 3.3L V6 2WD): curb weight 4,465 lbs; GVWR 6,250 lbs; length 232 in; width 80 in (max, no mirrors); height 76 in; wheelbase 145 in; tire P245/70SR17. Engine figures from Wikipedia (Ford F-Series fourteenth generation article): 3.3L Cyclone V6, 290 hp (216 kW) at 6,500 rpm, 265 lb-ft (359 N.m) at 4,000 rpm, standard on XL/XLT 2021-2023.","Engine displacement 3300cc is the nominal 3.3L figure (exact cc not stated in either fetched source). Two sources used: cars.com (weights/dims/tyre, this row's source_url) and https://en.wikipedia.org/wiki/Ford_F-Series_(fourteenth_generation) (engine output, cited in quote). Regular gasoline F-150, distinct from existing 'F-150 Lightning 4WD' EV row; classified truck/N1 to match that existing row's convention. Drag coefficient, top speed, 0-100 time, fuel consumption, CO2 not found. Platform code P702 designates the 14th-generation F-150 (2021-present), per Wikipedia infobox: ""Fourteenth-generation Ford F-Series (P702)"" (https://en.wikipedia.org/wiki/Ford_F-Series_(fourteenth_generation))."
Ford,Ranger,Double Cab High Rider XLT 4x4 3.2 TDCi,,2019,South Africa,truck,N1,,,4x4,,,ICE,,Diesel,3198,147,470,,,,,,,,,,2159,,,,,,,,,5354,,,1860,,,1851,,,3220,,,,,,,,,,,,,,,,,,,,,,,,,225.0,,web-cited,,https://www.carfolio.com/ford-ranger-double-cab-high-rider-3.2-tdci-xlt-4x4-645227,3.2 litre (3198cc); 200 PS (147 kW) @ 3000 rpm; 470 Nm (347 ft-lb) @ 1500-2750 rpm; kerb weight 2159 kg (4760 lb); length 5354mm width 1860mm height 1851mm wheelbase 3220mm; CO2 225.0 g/km NEDC,"South African domestic market spec, 6-speed manual, 4x4 double cab. Tyre size, drag coefficient, and gross mass not stated in source."
Chevrolet,Silverado 1500,"Crew Cab 6'6"" box, base 5.3L V8",T1XX,2019,USA,truck,N1,,,,,,ICE,,Gasoline,,265,519,,,,,,,,,,,2176,2272,,,,,,,6126,,,2062,,,,1920,1930,3988,,,,,,,,,,,,,,,,,,,,,,,,,,,web-cited,,https://en.wikipedia.org/wiki/Chevrolet_Silverado,"355 hp (265 kW; 360 PS) @ 5600 RPM; 383 lb-ft (519 N.m; 53 kg.m) @ 4100 RPM (5.3L V8); Crew Cab 6'6"" length 241.2 in (6,126mm); width 81.2 in (2,062mm); height 75.4-75.8 in (1,920-1,930mm); wheelbase 157.0 in (3,988mm); curb weight 4,798-5,008 lb (2,176-2,272kg)","2019 (T1XX fourth-generation) Silverado 1500 Crew Cab 6'6"" box, base 5.3L V8 EcoTec3. Curb weight and height are ranges in the source (vary by drivetrain/trim); GVWR, tyre size, drag coefficient, fuel consumption, CO2 not found."
Nissan,Sentra,SV,B18,2020,USA,car,M1,,,,,,ICE,,Gasoline,1997,111,198,,,,,,,,,,1381,,,,,,,,,4641,,,1816,,,1445,,,2713,,205/55R16,,,,,,,,,0.27,,,,,,,,7.4,,,,,,,,web-cited,,https://www.carfolio.com/nissan-sentra-sv-622017,1997cc; 151 PS/149 bhp (111 kW) at 6400 rpm; max torque 198 Nm at 4400 rpm; kerb weight 1381 kg; length 4641 width 1816 height 1445 wheelbase 2713mm; tyre 205/55 R16; drag coefficient 0.27; fuel consumption 8.1/6.0/7.4 l/100km,"2020 model year (current B18-generation, launched for MY2020), SV trim, US market. CO2 g/km not found."
Hyundai,Tucson,SE AWD,NX4,2022,USA,car,M1,,,,,,ICE,,Gasoline,2497,139,242,,,,,,,,,,1568,,,,,,,,,4630,,,1864,,,1684,,,2756,,235/65R17,,,,,,,,,0.33,,,,,,,,9.0,,,,,,,,web-cited,,https://www.carfolio.com/hyundai-tucson-se-awd-776688,2.5 litre (2497cc); 190 PS (187 bhp) (139 kW) at 6100 rpm; max torque 242 Nm at 4000 rpm; kerb weight 1568 kg (3457 lb); length 4630 width 1864 height 1684 wheelbase 2756mm; tyre 235/65 R17; drag coefficient 0.33; fuel consumption 24/29/26 US MPG EPA (9.8/8.1/9.0 l/100km),"2022 model year, current-gen (NX4) Tucson, SE AWD trim, ICE non-hybrid, US market -- distinct from the existing 'Tucson Fuel Cell' row. CO2 g/km not found in source."
Hyundai,Santa Fe,SE FWD,MX5,2024,USA,car,M1,,,,,,ICE,,Gasoline,,206.6,422,,,,,,,,,,1970,,,,,,,,,,,,1900,,,1720,,,,,,,,,,,,,,,,,,,,,,9.8,,,,,,,,web-cited,,https://carbuzz.com/cars/hyundai/santa-fe/2024/,"277 hp; 311 lb-ft @ 1700 rpm; curb weight 4,343 lbs; width 74.8 in; height 67.7 in; city/highway/combined 20/29/24 mpg (FWD)","2024 Santa Fe (fifth-generation, MX5), SE base FWD trim, 2.5L turbo gasoline. hp/lb-ft converted to kW/Nm; mpg converted to L/100km. Engine displacement (cc), length, wheelbase, tyre size, GVWR, CO2, drag coefficient not confirmed via a fetched source in this session -- left blank."
Kia,Sportage,1.6 T-GDI EcoDynamics+ Vision Automatic,NQ5,2024,EU,car,M1,,,,,,ICE,,Gasoline,1598,118,265,,,,,,,,,,1580,,,,,,,,,4515,,,1865,,,1650,,,2680,,215/65R17,,,,,,,,,,,,192,9.4,,,,6.6,,,,,,148.0,,web-cited,,https://www.carfolio.com/kia-sportage-1.6-t-gdi-ecodynamics+-vision-automatic-812020,1598cc; 118 kW/158 bhp (160 PS) at 5500 rpm; max torque 265 Nm at 1500-3500 rpm; kerb weight 1580 kg; length 4515 width 1865 height 1650 wheelbase 2680mm; tyre 215/65 R17 103V; top speed 192 km/h; 0-100km/h 9.4s; WLTP consumption low/medium/high/extra-high/combined 7.8/6.1/5.7/7.1/6.6 l/100km; CO2 148.00 g/km WLTP,"2024 current-generation (NQ5) Sportage, EU-spec 1.6 T-GDI petrol automatic. Drag coefficient not found."
Volkswagen,Golf,"1.5 eTSI (Mk8 launch, mild hybrid)",Mk8,2019,EU,car,M1,,,,,,Hybrid,MHEV,Gasoline,1498,110,250,,,,,,,,,,,,,,,,,,,4284,,,1789,,,1456,,,2636,,,,,,,,,,,0.275,,,224,8.5,,,,,,,,,,,,web-cited,,https://www.carfolio.com/volkswagen-golf-1.5-etsi-618552,"1498cc; 150 PS (148 bhp) (110 kW) at 5000-6000 rpm; max torque 250 Nm at 1500-3500 rpm; length 4284 width 1789 height 1456 wheelbase 2636mm; drag coefficient 0.275; top speed 224 km/h; 0-100km/h 8.5s; classified 'turbocharged petrol hybrid', 7-speed automatic, FWD","2019 Golf Mk8 (Typ CD) launch model, 1.5 eTSI 48V mild-hybrid -- genuinely different powertrain/trim from the existing 'Golf 1.4 EHybrid 245hp GTE' (PHEV) row. Kerb weight, tyre size, fuel consumption, CO2 not found in source."
Volkswagen,Tiguan,1.5 TSI Comfortline,AD,2019,EU,car,M1,,,,,,ICE,,Gasoline,1498,96,220,,,,,,,,,,1520,,,,,,,,,4486,,,1839,,,1654,,,2677,,215/65R17,,,,,,,,,,,,192,10.2,,,,5.7,,,,,,130.0,,web-cited,,https://www.carfolio.com/volkswagen-tiguan-1.5-tsi-comfortline-593835,1498cc; 130 PS (128.5 bhp) (96 kW); max torque 220 Nm at 1750-3500 rpm; kerb weight 1520 kg; length 4486 width 1839 height 1654 wheelbase 2677mm; tyre 215/65 R17; top speed 192 km/h; 0-100km/h 10.2s; consumption 7.1/5.0/5.7 l/100km; CO2 130.0 g/km,"2019 second-generation Tiguan (Typ AD), 1.5 TSI Comfortline, EU spec. Drag coefficient not found."
Skoda,Octavia,1.5 TSI,NX,2020,EU,car,M1,,,,,,ICE,,Gasoline,1498,110,250,,,,,,,,,,1338,,,,,,,,,4689,,,1829,,,1470,,,2686,,,,,,,,,,,0.249,,,230,8.2,,,,4.7,,,,,,109.0,,web-cited,,https://www.carfolio.com/skoda-octavia-1.5-tsi-703945,1498cc; 150 PS (148 bhp) (110 kW) at 5000-6000 rpm; max torque 250 Nm at 1500-3500 rpm; kerb weight 1338 kg; length 4689 width 1829 height 1470 wheelbase 2686mm; drag coefficient 0.249; top speed 230 km/h; 0-100km/h 8.2s; consumption 6.2/3.9/4.7 l/100km; CO2 109.0 g/km NEDC,"2020 current-generation (4th gen, NX) Octavia, EU-spec 1.5 TSI manual sedan. Tyre size not found."
Toyota,Hilux,Single Cab 2.8 GD-6 4x4 Legend 50,AN120/130,2019,South Africa,truck,N1,,,4x4,,,ICE,,Diesel,2755,130,420,,,,,,,,,,,,,,,,,,,5330,,,1855,,,1795,,,3085,,265/60R18,,,,,,,,,,,,180,11.2,,,,,,,,,,,,web-cited,,https://www.carfolio.com/toyota-hilux-single-cab-2.8-gd-6-4x4-legend-50-643720,"2755cc (2.8 litre); 176 PS (174 bhp) (130 kW) at 3400 rpm; max torque 420 Nm at 1400-2600 rpm; length 5330 width 1855 height 1795 wheelbase 3085mm; tyre 265/60 R18; top speed 180 km/h; 0-100km/h 11.2s; 6-speed manual, 4x4","2019 AN120/130-generation Hilux, South African-market Single Cab 4x4 manual, 2.8 GD-6 diesel -- distinct cab configuration, market and drivetrain from the existing 'Hilux Double Cab 4WD' 2021 fastsim row. Kerb weight, gross weight, fuel consumption, CO2 not found in source."
Renault,Clio,TCe 90 (Clio V),Clio V,2021,EU,car,M1,,,,,,ICE,,Gasoline,999,67,160,,,,,,,,,,1165,,,,,,,,,4050,,,1798,,,1440,,,2583,,185/65R15,,,,,,,,,,,,180,12.2,,,,4.9,,,,,,112.0,,web-cited,,https://www.carfolio.com/renault-clio-tce-90-720841,999cc; 91 PS/90 bhp (67 kW) at 5000 rpm; max torque 160 Nm at 2000 rpm; kerb weight 1165 kg; length 4050 width 1798 height 1440 wheelbase 2583mm; tyre 185/65 R15; top speed 180 km/h; 0-100km/h 12.2s; Euro 6d-Full consumption 6.2/4.2/4.9 l/100km; CO2 112.0 g/km,"2021 fifth-generation Clio (Clio V), TCe 90 petrol, EU spec -- genuinely different generation from the existing 'Clio IV diesel' 2020 row. Drag coefficient not found in source."
Peugeot,208,1.2 PureTech 100 Stop&Start,P21,2019,EU,car,M1,,,,,,ICE,,Gasoline,1199,75,205,,,,,,,,,,1165,,,,,,,,,4055,,,1745,,,1430,,,2540,,195/55R16,,,,,,,,,,,,188,9.9,,,,4.2,,,,,,97.0,,web-cited,,https://www.carfolio.com/peugeot-208-1.2-puretech-stop--start-608740,1199cc; 101 PS (100 bhp) (75 kW) at 5500 rpm; max torque 205 Nm at 1750 rpm; kerb weight 1165 kg; length 4055 width 1745 height 1430 wheelbase 2540mm; tyre 195/55 R16 81H; top speed 188 km/h; 0-100km/h 9.9s; Euro 6d consumption 5.2/3.7/4.2 l/100km; CO2 97.0 g/km,"2019 second-generation (P21) 208 -- the current generation at its launch -- 1.2 PureTech 100 manual, EU spec. Drag coefficient not found in source."
Dacia,Sandero,1.0 TCe 90 (Sandero III facelift),Sandero III,2022,EU,car,M1,,,,,,ICE,,Gasoline,999,67,160,,,,,,,,,,,1050,1072,1561,,,,,,4088,,,1848,,,1499,,,2604,,185/65R15,,,,,,,,,,,,175,12.2,,,,,,,,,,,,web-cited,,https://www.auto-data.net/en/dacia-sandero-iii-facelift-2022-1.0-tce-90-91hp-46769,999cc; 91 Hp (~67 kW) at 4600-5000 rpm; max torque 160 Nm at 2100-3750 rpm; kerb weight 1050-1072 kg; gross weight (max permissible mass) 1561 kg; length 4088 width 1848 height 1499 wheelbase 2604mm; tyres 185/65 R15 88H or 195/55 R16 87H; top speed 175 km/h; 0-100km/h 12.2s,"2022 Sandero III facelift, current generation, 1.0 TCe 90 petrol, EU spec. Curb weight given as a range (1050-1072kg depending on equipment); Fuel consumption, CO2, drag coefficient not found in source."
Toyota,Land Cruiser 300,"3.3d V6 Twin-Turbo Diesel, Direct Shift, 5-seat",J300,2021,unspecified RHD/LHD export (ME/Australia spec sheet),car,M1,,,,,,ICE,,Diesel,3345,227,700,,,,,,,,,,,2550,2560,,,,,,,,4965,4985,,1980,1990,1925,,,2850,,265/65R18,,,,,,,,,,,,,,,,,,,,,,,,,web-cited,,https://www.auto-data.net/en/toyota-land-cruiser-j300-3.3d-v6-309hp-4wd-direct-shift-5-seat-45154,"3345cc (3.3L); 309 Hp (227 kW) at 4000 rpm; max torque 700 Nm at 1600-2600 rpm; kerb weight 2550-2560 kg; length 4965-4985mm width 1980-1990mm height 1925mm wheelbase 2850mm; tyres 265/65 R18 or 265/55 R20; fuel consumption urban 13.9 l/100km, extra-urban 8.8 l/100km","2021 J300-generation Land Cruiser 300, 3.3d V6 twin-turbo diesel 'Direct Shift' 5-seat variant. Length/width given as ranges in source (trim-dependent); Combined fuel consumption and CO2 not stated in source (only urban/extra-urban given -- not averaged here to avoid fabricating a combined figure). GVWR, top speed, 0-100 time, drag coefficient not found. Classified car/M1 (wagon-bodied SUV, not a pickup) consistent with other SUV rows in the dataset."
Solaris,Urbino 12 electric,ZF CeTrax 220 kW / Solaris High Energy 420 kWh (UITP 2023 spec),,2023,EU (Poland),bus,M3,,"low-floor rigid city bus, 12 m",4x2,RWD,,BEV,"central motor driving rear (drive) axle via portal/inverted axle; front axle independent, non-driven",Electric,,,,420,220,1,1-rear,,220,,,,,,,20000,,,,21,,12000,,,2550,,,3300,,,5900,,,,,,,,,,,,,,,,,,,,,,,,,,,web-cited,,https://www.solarisbus.com/public/assets/Biuro_prasowe/2023_05_11_UITP_zapro/Technical_details_Solaris_Urbino_12_electric.pdf,"Length 12 000 mm | Width 2 550 mm | Height 3 300/3480 mm (without/with pantograph) | Front overhang 2 700 mm | Rear overhang 3 400 mm | Wheelbase 5 900 mm | Front axle ZF RL 82 EC (independent) | Drive axle ZF AV 133 (inverted) | Engine ZF CeTrax 220 kW | Charging system Plug-in: up to 260 kW, Pantograph: up to 450 kW | Batteries Solaris High Energy: 420 kWh | No. of seats 21 | Pedestal free seats 7 | GVW 20 000 kg | Passenger capacity Up to 77","CONTROLLER CORRECTION: height recorded as 3300 mm (body height, without pantograph). The source's 3300/3480 pair is WITHOUT vs WITH pantograph — two distinct configurations, not a trim spread — so it was moved out of the _min/_max range columns: their computed mean (3390 mm) would describe no real bus. Pantograph-equipped height is 3480 mm. Official Solaris UITP 2023 press spec sheet (PDF fetched and parsed with pdftotext) for the 420 kWh battery / ZF CeTrax 220 kW single-motor configuration; other drivetrain configurations for this model are in drivetrain_configs.csv. Single rear drive axle (ZF AV 133, inverted portal type) driven by one central CeTrax motor; front axle (ZF RL 82 EC) is independent and non-driven, hence motor_layout=1-rear. 'No. of seats 21' plus 'Pedestal free seats 7' from the source is ambiguous whether these sum to 28 seated or are alternative counts; seats=21 uses the primary 'No. of seats' figure. 'Passenger capacity up to 77' includes standees (total capacity), not seated-only. Wikipedia separately states a curb weight of 19,000 kg for an unspecified generation/battery config, inconsistent with this source's 20,000 kg GVW (would leave under 1 t payload), so curb_mass_kg is left blank rather than mixing sources. Motor reduction ratio and range/top speed not given in this source."
Škoda,32Tr SOR,"low-entry, 3-door",,2018,Czech Republic / EU,bus,M3,,"low-entry rigid trolleybus, 12 m",4x2,RWD,,Trolley-electric,"single asynchronous traction motor (Škoda 4ML 3444 K/4) at rear, powered from 600/750 V DC overhead line; onboard traction battery allows off-wire travel",Electric,,,,,160,1,1-rear,,160,,,,10180,,,,,,,32,,12000,,,2550,,,3370,,,,,,,,,,,,,,,,,,,,,,,,,,,,,,web-cited,,https://en.wikipedia.org/wiki/%C5%A0koda_32Tr_SOR,"Length: 12,000 mm (39 ft 4+1/2 in); Width: 2,550 mm (8 ft 4+3/8 in); Height: 3,370 mm (11 ft 5/8 in). Curb weight: 10,180 kg (22,440 lb). Motor: Skoda 4ML 3444 K/4 electric engine; power output 1 x 160 kW (210 hp); motor located at rear of the vehicle; only rear axle driven. Capacity: 32 sitting, 68 standing (100 total). Production started in 2018. Full-sized, low-entry, low-floor trolleybus, powered from overhead line at 600 V or 750 V DC; can travel off-wire on a traction battery charged while running on the trolley line.","Full-sized low-entry rigid trolleybus, joint Škoda Electric (electrical equipment) / SOR Libchavy (bodywork) product; powertrain=Trolley-electric per base design's powertrain list, energy_carrier set to Electric (drawn from overhead DC line, not a stored-battery BEV). Single motor drives only the rear axle (motor_layout=1-rear), so motor_power_front_kw is blank, not zero. seats=32 is SEATED capacity; total capacity including 68 standees is 100 (put in notes per instructions). Vehicle carries a small onboard traction battery for off-wire operation (reported elsewhere as up to ~12 km off-wire range) but its kWh capacity is not stated in the fetched source, so battery_capacity_kwh is left blank rather than estimated. Gross vehicle mass, wheelbase, top speed and range not given in the fetched source."
Mercedes-Benz,eActros,"300, 4x2 rigid, 3-battery-pack (19 t GVW config)",,2021,EU,truck,N3,,"rigid urban/regional distribution truck, 4x2",4x2,RWD,,BEV,dual-motor electric rigid rear axle (two integrated electric motors) with 2-speed transmission,Electric,,,,336,330,2,2-rear,,330,,,,,,,19000,,,,,,,,,,,,,,,,,,,,,,,2,2-speed,,,,,,,,,,,,,,,,,300,web-cited,,https://www.electrive.com/2021/06/30/mercedes-reveals-serial-eactros-with-400km-range/,"electrive.com (eActros series-production reveal, 2021): 'maximum battery capacity is thus 420 kWh' (four-pack eActros 400 config) / three-pack eActros 300 config '315 kWh'; continuous output '330 kW', peak output '400 kW'; drivetrain uses 'two integrated electric motors' on an electric rigid axle with two-speed transmission; gross vehicle weight 'two-axle version: 19 tonnes, three-axle version: 27 tonnes'; charging 'up to 160 kW'. Supplementary, also fetched: batterydesign.net (https://www.batterydesign.net/daimler-trucks-eactros-300-400/) states 'eActros 300: 336kWh total (315kWh usable) using 3 packs' and 'Range: up to 400km (250mi) with four batteries, or 300km (186mi)' with three; wheelbase 'from 4-5.5m'. Top speed of 89 km/h and payload figures from a separate web-search-summarized fleetnews.co.uk review snippet (not independently fetched this session) are reported here with lower confidence — top_speed_kmh is included but should be re-verified against a primary Daimler source if precision matters.","CONTROLLER CORRECTIONS. (1) Power columns now hold the CONTINUOUS rating 330 kW, not the 400 kW peak, matching the convention applied to the Audi e-tron and both Taycans (continuous in columns, peak/overboost in notes). Peak output is 400 kW. (2) top_speed_kmh 89 was REMOVED: it came from a search summary, not a fetched page, and this dataset admits only fetched-page values. This row documents the eActros 300 in its 4x2 rigid, three-battery-pack configuration (336 kWh total / ~315 kWh usable nameplate, per batterydesign.net), gross_mass_kg=19000 kg for that 4x2 config; a 6x2 three-axle variant exists at 27,000 kg GVW (not this row) with a longer wheelbase and different payload. motor_power_kw=400 kW is PEAK system output (dual-motor eAxle, both motors combined, hence motor_count=2, motor_layout=2-rear, motor_power_rear_kw=400); continuous rated output is 330 kW system total (not entered in a dedicated column). motor_reduction_front/rear left blank: source states a 2-speed transmission on the rear e-axle but gives no numeric ratios, only 'from 4-5.5m' wheelbase range and no per-gear ratio figures, so gear_count=2/transmission_type='2-speed' were filled but motor_reduction_rear was not. range_km=300 corresponds specifically to the 3-pack (336 kWh) config used throughout this row; the 4-pack eActros 400 (420 kWh, up to 400 km) is a DIFFERENT trim, not entered here. top_speed_kmh (89 km/h) came from a WebSearch result summary of fleetnews.co.uk rather than a page fetched directly this session; flagged as lower-confidence per the quote field. curb_mass_kg, payload_kg, and vehicle dimensions were not found in the fetched sources and are left blank rather than estimated."
BMW,i3 REx,REx 60 Ah (RDW type-approval variant 1Z41),I01,2015,EU,car,M1,,,,,,Hybrid,REx,Gasoline,647,,,,,,,,,,,,1290,,,1730,,,,4,,,,,,,,,,,,,,,,4,,,,,,,,,,,,,,,,,,,,,,web-cited,,https://opendata.rdw.nl/resource/m9d7-ebf2.json?merk=BMW+I&handelsbenaming=I3&cilinderinhoud=647&variant=1Z41&massa_ledig_voertuig=1290&%24select=merk%2Chandelsbenaming%2Cvariant%2Cuitvoering%2Ctypegoedkeuringsnummer%2Ccilinderinhoud%2Cmassa_ledig_voertuig%2Ctoegestane_maximum_massa_voertuig%2Ctechnische_max_massa_voertuig%2Cdatum_eerste_toelating&%24limit=1000,"RDW open data, dataset m9d7-ebf2 ""Gekentekende voertuigen"": merk BMW I, handelsbenaming I3, variant 1Z41, cilinderinhoud 647 cc / 2 cilinders (the REx range-extender engine), massa ledig voertuig 1290 kg, technisch toelaatbare maximummassa 1730 kg, 4 zitplaatsen, categorie M1. 590 registrations match, first admissions 2013-10-29 to 2017-05-30, and ALL 590 state 1730 kg (type-approvals e1*2007/46*1213*02/*03/*04).","Pre-facelift 60 Ah i3 with the 647 cc 2-cylinder range extender. Variant 1Z41 is separated from the 94 Ah car (variants 1Z81/7Z41, unladen 1340 kg) by RDW first-admission date: 1Z41 registrations end 2017-05 and 1Z81 begin 2016-08, matching the 94 Ah launch in July 2016. The 647 cc / 2-cylinder filter separates the REx from the battery-only i3, which carries no cilinderinhoud at all. Implied useful load 1730-1290 = 440 kg. RDW massa_ledig_voertuig is the Dutch register's unladen mass (vehicle with fluids, WITHOUT the 75 kg driver); technische_max_massa_voertuig is the EU type-approval technically permissible maximum laden mass. Both figures come from the same registration record, so curb and gross are on one basis. RDW massa_rijklaar = massa_ledig + 100 kg is the Dutch running-order convention and is NOT used here."
BMW,i3 REx,REx 94 Ah (RDW type-approval variant 1Z81),I01,2017,EU,car,M1,,,,RWD,,Hybrid,REx,Gasoline,647,125,250,33.2,125,1,1-rear,,,,,,1340,,,1760,,,,4,,3999,,,1775,,,1578,,,2570,,175/60R19,,,4,,,,,,0.30,2.38,,150,8.1,,,,,,,,,,,,web-cited,,https://opendata.rdw.nl/resource/m9d7-ebf2.json?merk=BMW+I&handelsbenaming=I3&cilinderinhoud=647&variant=1Z81&massa_ledig_voertuig=1340&%24select=merk%2Chandelsbenaming%2Cvariant%2Cuitvoering%2Ctypegoedkeuringsnummer%2Ccilinderinhoud%2Cmassa_ledig_voertuig%2Ctoegestane_maximum_massa_voertuig%2Ctechnische_max_massa_voertuig%2Cdatum_eerste_toelating&%24limit=1000,"RDW open data, dataset m9d7-ebf2: merk BMW I, handelsbenaming I3, variant 1Z81, cilinderinhoud 647 cc / 2 cilinders, massa ledig voertuig 1340 kg, technisch toelaatbare maximummassa 1760 kg, 4 zitplaatsen, categorie M1. 67 registrations match, first admissions 2016-08-22 to 2018-12-17, and ALL 67 state 1760 kg (type-approvals e1*2007/46*1213*05/*06).","94 Ah (33 kWh) i3 REx. Sibling variant 7Z41 carries the identical 1340/1760 pair (24 further registrations, first admissions 2017-11 to 2020-08), so the figure is not variant-specific within the 94 Ah car. 50 kg heavier unladen than the 60 Ah car (1290 kg) and 30 kg higher gross, consistent with the larger battery. Implied useful load 1760-1340 = 420 kg. RDW massa_ledig_voertuig is the Dutch register's unladen mass (vehicle with fluids, WITHOUT the 75 kg driver); technische_max_massa_voertuig is the EU type-approval technically permissible maximum laden mass. Both figures come from the same registration record, so curb and gross are on one basis. RDW massa_rijklaar = massa_ledig + 100 kg is the Dutch running-order convention and is NOT used here. Enriched from the BMW press specification «BMW i3 94 Ah», valid from 07/2016, column «BMW i3 (94 Ah) with Range Extender»: length 3999, width 1775, height 1578 (1597 with roof fin), wheelbase 2570 mm; Cd x A = 0,30 x 2,38; electric motor 125 kW peak / 250 Nm; range extender 647 cc, 28 kW; battery 33,2 kWh gross (27,2 net); top speed 150 km/h; 0-100 km/h 8,1 s; tyres 155/70 R19 front and 175/60 R19 rear -- tyre_code records the rear, which is the driven and more heavily loaded axle. MASS BASIS: the datasheet states unladen 1365 kg (DIN) / 1440 kg (EU) and max permissible 1760 kg with a 395 kg load. Its gross figure agrees exactly with the 1760 kg held here, which corroborates the row. Its unladen figure is 25 kg above the RDW massa_ledig of 1340 kg, so the two are NOT interchangeable: DIN includes 90 % fuel, and the registered cars differ in equipment from the press car. The RDW pair is kept because curb and gross must come from one basis; on the BMW DIN basis q would be 1365/395 = 3,46 rather than the 3,19 recorded here."
Opel,Ampera,Voltec (RDW type-approval e13*2007/46*1159*01),,2012,EU,car,M1,,,,,,Hybrid,REx,Gasoline,1398,111,370,16,111,1,,,,,,,1632,,,2000,,,368,4,,4514,,,1787,,,1439,,,,,,,,4,,,,,,0.275,,,,,,,,,,,,,,,,web-cited,,https://opendata.rdw.nl/resource/m9d7-ebf2.json?merk=OPEL&handelsbenaming=AMPERA&typegoedkeuringsnummer=e13%2A2007%2F46%2A1159%2A01&massa_ledig_voertuig=1632&%24select=merk%2Chandelsbenaming%2Cvariant%2Cuitvoering%2Ctypegoedkeuringsnummer%2Ccilinderinhoud%2Cmassa_ledig_voertuig%2Ctoegestane_maximum_massa_voertuig%2Ctechnische_max_massa_voertuig%2Cdatum_eerste_toelating&%24limit=1000,"RDW open data, dataset m9d7-ebf2: merk OPEL, handelsbenaming AMPERA, type D1JOI, type-approval e13*2007/46*1159*01, cilinderinhoud 1398 cc / 4 cilinders (the 1.4 range-extender engine), massa ledig voertuig 1632 kg, technisch toelaatbare maximummassa 2000 kg, 4 zitplaatsen, categorie M1. 959 registrations match, first admissions 2011-11-14 to 2014-03-26, and ALL 959 state 2000 kg.","The Ampera is pinned to type-approval extension *01, not merely to a model year, because RDW shows the SAME unladen mass (1632 kg) carried under a later extension of the same approval, *02/*04, with a HIGHER permissible maximum of 2135 kg (398 registrations, first admissions 2012-10 to 2015-12). The two windows overlap, so year alone cannot pick between them; the approval number can. The *01 figure is the launch approval and the larger cluster. Independently corroborated by the sibling Chevrolet Volt, registered in NL under its own handelsbenaming with the identical 1632 kg / 2000 kg pair. Implied useful load 2000-1632 = 368 kg -- low for a 4.5 m car, but the Ampera/Volt is a documented 4-seat, payload-limited design. A future pass could decide whether the *02 revision deserves its own row. RDW massa_ledig_voertuig is the Dutch register's unladen mass (vehicle with fluids, WITHOUT the 75 kg driver); technische_max_massa_voertuig is the EU type-approval technically permissible maximum laden mass. Both figures come from the same registration record, so curb and gross are on one basis. RDW massa_rijklaar = massa_ledig + 100 kg is the Dutch running-order convention and is NOT used here. payload_kg is stated explicitly as 2000-1632 = 368 kg -- the build's own derivation from a source that gives both masses -- because the Kaggle spec dataset otherwise grafts a payload of 268 kg onto this row. That 268 kg is on a DIFFERENT basis: Kaggle pairs it with a curb mass of 1732 kg, which is RDW massa_rijklaar (massa_ledig + 100 kg, the Dutch running-order convention). 1732 + 268 = 2000 kg is self-consistent on the running-order basis, exactly as 1632 + 368 = 2000 kg is on the unladen basis used throughout this file. Mixing the two flagged the row inconsistent-triple and cost it its q point. Enriched from the Vauxhall Ampera Price/Specification Guide, effective 17 December 2013: length 4514, width 1787 excluding mirrors (2126 including), height 1439, wheelbase 2685 mm -- the wheelbase already held here is confirmed unchanged. Cd 0,275. Electric drive unit 111 kW (150 PS) / 370 Nm; range-extending 1.4 petrol engine 63 kW / 126 Nm driving a 54 kW generator; 16 kWh lithium-ion pack. Maximum speed 100 mph = 161 km/h, which matches the 161 km/h already held. The guide's 0-60 mph figure of 8,7 s is NOT the 0-100 km/h figure of 9,0 s recorded here and does not replace it. The guide states no kerb or gross mass at all, so the RDW masses stand unchanged and this datasheet neither confirms nor contradicts them."
Mazda,MX-30 R-EV,e-Skyactiv R-EV (RDW type-approval variant 6WJ),DR,2023,EU,car,M1,,,,,,Hybrid,REx,Gasoline,,,,,,,,,,,,,1753,,,2251,,,,5,,,,,,,,,,,,,,,,4,,,,,,,,,,,,,,,,,,,,,,web-cited,,https://opendata.rdw.nl/resource/m9d7-ebf2.json?merk=MAZDA&handelsbenaming=MAZDA+MX-30&variant=6WJ&massa_ledig_voertuig=1753&%24select=merk%2Chandelsbenaming%2Cvariant%2Cuitvoering%2Ctypegoedkeuringsnummer%2Ccilinderinhoud%2Cmassa_ledig_voertuig%2Ctoegestane_maximum_massa_voertuig%2Ctechnische_max_massa_voertuig%2Cdatum_eerste_toelating&%24limit=1000,"RDW open data, dataset m9d7-ebf2: merk MAZDA, handelsbenaming MAZDA MX-30, variant 6WJ, uitvoering JDW11, massa ledig voertuig 1753 kg, technisch toelaatbare maximummassa 2251 kg, 5 zitplaatsen, categorie M1. 418 registrations match, first admissions 2023-09-20 to 2025-07-03, and ALL 418 state 2251 kg (type-approvals e13*2007/46*2300*10/*11).","The rotary range-extender MX-30. Separated from the battery-only MX-30 (variant 1WB, unladen 1620 kg, maximum 2119 kg, 2687 registrations) by the presence of an engine capacity on the record. engine_displacement_cc is deliberately LEFT EMPTY: RDW states 1660 cc with aantal_cilinders 1, which is the homologation convention of twice the chamber volume for a Wankel; Mazda names the 8C engine 830 cc. Rather than write either number under an ambiguous definition, the field is left blank. It plays no part in the tare calculation. Implied useful load 2251-1753 = 498 kg. A second, smaller cluster (unladen 1749 kg, 55 registrations from 2025-02) states the same 2251 kg gross. RDW massa_ledig_voertuig is the Dutch register's unladen mass (vehicle with fluids, WITHOUT the 75 kg driver); technische_max_massa_voertuig is the EU type-approval technically permissible maximum laden mass. Both figures come from the same registration record, so curb and gross are on one basis. RDW massa_rijklaar = massa_ledig + 100 kg is the Dutch running-order convention and is NOT used here."
LEVC,TX,"eCity range-extended taxi (RDW type-approval variant A1, e11*2007/46*4190)",,2018,EU,car,M1,,,,,,Hybrid,REx,Gasoline,1477,,,,,,,,,,,,2205,,,2900,,,,7,,,,,,,,,,,,,,,,4,,,,,,,,,,,,,,,,,,,,,,web-cited,,https://opendata.rdw.nl/resource/m9d7-ebf2.json?merk=LEVC&handelsbenaming=TX&variant=A1&massa_ledig_voertuig=2205&%24select=merk%2Chandelsbenaming%2Cvariant%2Cuitvoering%2Ctypegoedkeuringsnummer%2Ccilinderinhoud%2Cmassa_ledig_voertuig%2Ctoegestane_maximum_massa_voertuig%2Ctechnische_max_massa_voertuig%2Cdatum_eerste_toelating&%24limit=1000,"RDW open data, dataset m9d7-ebf2: merk LEVC, handelsbenaming TX, variant A1, uitvoering 01, type-approvals e11*2007/46*4190*00 (6 registrations) and *01 (1), cilinderinhoud 1477 cc / 3 cilinders (the range-extender engine), massa ledig voertuig 2205 kg, technisch toelaatbare maximummassa 2900 kg, 7 zitplaatsen, categorie M1. All 7 registrations, first admissions 2018-04-19 to 2018-11-15, state 2205 / 2900 kg.","The London black cab as a series range-extender. Registered M1, not M2, despite 7 seats. Only 7 NL registrations carry this pair -- a small sample -- but every one of them is identical on both masses and both sit under one type-approval family. Restricted to the 2018 e11*...*4190 approval: a later homologation (e5*2007/46*1068, registrations from 2021) states a different unladen mass, 2133 kg, against the same 2900 kg maximum, and is NOT mixed in here. Implied useful load 2900-2205 = 695 kg, appropriate for a vehicle homologated to carry six passengers plus driver and luggage, and the highest of the five REEV rows. RDW massa_ledig_voertuig is the Dutch register's unladen mass (vehicle with fluids, WITHOUT the 75 kg driver); technische_max_massa_voertuig is the EU type-approval technically permissible maximum laden mass. Both figures come from the same registration record, so curb and gross are on one basis. RDW massa_rijklaar = massa_ledig + 100 kg is the Dutch running-order convention and is NOT used here."
Mercedes-Benz,Sprinter Passenger Van,"2500 144 in wheelbase, 12-passenger, standard-output diesel",,2025,US,bus,M2,,passenger van,4x2,RWD,,ICE,,Diesel,2000,125,400,,,,,,,,,,,,,,,,1500,12,2268,5944,,,,,,,,,3658,,,,,,,,,9-speed automatic,,,,,,,,,,,,,,,,,,brochure,Sprinter_Brochure_VAN_GEN_MPNY-P00108358.pdf,,pp. 3 and 6: standard-output 2.0L diesel 168 hp at 3800 rpm and 295 lb-ft at 1400-2400 rpm; passenger van seats up to 15; 12-passenger 144-inch-wheelbase configuration; maximum payload 3307 lb.,Power converted using 0.7457 kW/hp; torque converted using 1.35582 Nm/lb-ft; payload converted using 0.453592 kg/lb; length 234 in and wheelbase 144 in converted using 25.4 mm/in. Gross and curb masses are not stated in this brochure and remain blank.
MAN,TGE Intercity,"Long minibus, 19 passengers, 130 kW BiTurbo diesel",,2020,EU,bus,M2,,minibus,4x2,,,ICE,,Diesel,2000,130,410,,,,,,,,,,,,,,,,,19,,6836,,,,,,2625,,,4490,,,,,,,,,8-speed automatic,,,,,,,,,,,,,,,,,,brochure,man_tge_product_catalogue.pdf,,"pp. 37-39: TGE Intercity has 19 seats; pp. 58-60: 2.0-l BiTurbo diesel 130 kW/410 Nm, long minibus length 6836 mm and wheelbase 4490 mm.",The catalogue gives weight variants for the family but no variant-specific curb/gross pair for this minibus; masses remain blank.
Volkswagen,Multivan,Life standard 2.0 TDI 150PS DSG,,2025,UK,car,M1,,MPV,4x2,FWD,,ICE,,Diesel,1968,110,360,,,,,,,,,,2133,,,2850,,,717,7,,4976,,,,,,1907,,,3124,,215/65R16 102H,,,,,,7,7-speed DSG,,,,,,,,,,,,,,,,,,brochure,multivan-brochure.pdf,,"pp. 28-33: 2.0 TDI 150 PS, 360 Nm; seven seats; GVW 2850 kg, unladen 2133 kg, payload 717 kg; standard body dimensions and 215/65 R16 tyres.",Unladen mass includes approximately 90% fuel and 75 kg driver as stated by the brochure.
Vauxhall,Vivaro,Prime Panel Van 1.5 Turbo D 120PS,,2025,UK,van,N1,,panel van,4x2,FWD,,ICE,,Diesel,1499,88,300,,,,,,,,,,,,,,,,,,,,,,,,,,,,,,215/65R16,,,,,,,,,,,,,,,,,6.8,,,,,,,,brochure,Vivaro.pdf,,"MY2025 specification: 1.5 Turbo D 120PS/88kW at 3500 rpm, 300Nm at 1750 rpm; 215/65 R16 tyres; combined WLTP range 6.3-7.3 l/100km.","The supplied document describes this row as a panel van, so it is N1 rather than an M2 bus. Fuel value is the midpoint of the published low/high combined range."
Mercedes-Benz,Vito Crew Van,114 CDI RWD L1 Progressive,,2022,UK,van,N1,,crew van,4x2,RWD,,ICE,,Diesel,1950,100,330,,,,,,,,,,2098,,,3050,,,952,,,,,,,,,,,,,,,,,,,,,6-speed manual,,,,,,,,,,,,,,,,,,brochure,2022-Mercedes-Benz-Vito-Panel-Crew-UK.pdf,,"Engine table: 114 CDI 134 hp, 330 Nm; weights table: Crew Van Progressive 114 RWD L1 unladen 2098 kg, GVW 3050 kg, payload 952 kg.",The supplied document describes a crew van rather than a passenger Tourer; recorded as N1 without inventing a bus classification.
