model,regulatory_category,axle_configuration,length_mm,width_mm,height_mm,wheelbase_mm,curb_mass_kg,gross_mass_kg,payload_kg,front_axle_load_kg,rear_axle_load_kg,engine_displacement_cc,power_kw,torque_nm,gear_count,gearbox_ratios,reverse_ratio,final_drive_ratio,tyre_code,fuel,rear_axle_spacing_mm,source_evidence
ВАЗ-2329,N1,4x4,4520.0,1680.0,1640.0,2700.0,1320.0,1920.0,600.0,870.0,1050.0,1690.0,58.0,130.0,5.0,3.667;2.1;1.361;1.0;0.818,3.526,"3,9 или 4,1",,Gasoline,,"{""length_mm"": {""line"": 277, ""text"": ""длина                                  4520                4220""}, ""width_mm"": {""line"": 278, ""text"": ""ширина                                     1680""}, ""height_mm"": {""line"": 279, ""text"": ""высота                 1640 (1930 - с тентом или жестким верхом)""}, ""wheelbase_mm"": {""line"": 280, ""text"": ""База, мм                         2700""}, ""engine_displacement_cc"": {""line"": 305, ""text"": ""рабочий объем, см                      1690                     1774""}}"
ВАЗ-2329. 2130,N1,4x4,4520.0,1680.0,1640.0,2700.0,1320.0,1920.0,600.0,870.0,1050.0,1690.0,59.5,1.0,,3.667;2.1;1.361;1.0;0.818,3.526,"3,9 или 4,1",175/80R16,Gasoline,,"{""length_mm"": {""line"": 507, ""text"": ""длина                            4520           4220          4520""}, ""width_mm"": {""line"": 508, ""text"": ""ширина                                       1680""}, ""height_mm"": {""line"": 509, ""text"": ""высота                  1640 или 1930 (с тентом или           1880""}, ""wheelbase_mm"": {""line"": 511, ""text"": ""База, мм                                                2700""}, ""engine_displacement_cc"": {""line"": 531, ""text"": ""рабочий объем, см1                1690""}}"
2346,N1,4x4,4440.0,1660.0,1640.0,2850.0,1230.0,1950.0,720.0,880.0,,1690.0,58.0,130.0,,3.667;2.1;1.361;1.0;0.819,3.526,"3,9 или 4,1",175/80R16,Gasoline,,"{""length_mm"": {""line"": 766, ""text"": ""длина                4440""}, ""width_mm"": {""line"": 767, ""text"": ""ширина              1660""}, ""height_mm"": {""line"": 768, ""text"": ""высота              1640 (по кабине)""}, ""wheelbase_mm"": {""line"": 770, ""text"": ""База, мм                          2850""}, ""engine_displacement_cc"": {""line"": 788, ""text"": ""рабочий объем, см3                       1690           1690          1690""}}"
2345,N1,4x2,4308.0,1660.0,1600.0,2800.0,1040.0,1790.0,750.0,730.0,1095.0,1451.0,52.5,110.0,5.0,3.667;2.1;1.361;1.0;0.818,3.526,"4,1 или 4,3",185/70R13,,,"{""length_mm"": {""line"": 1046, ""text"": ""длина              4308""}, ""width_mm"": {""line"": 1047, ""text"": ""ширина            1660""}, ""height_mm"": {""line"": 1048, ""text"": ""высота            1600-1800""}, ""wheelbase_mm"": {""line"": 1049, ""text"": ""База, мм                       2800""}, ""engine_displacement_cc"": {""line"": 1080, ""text"": ""рабочий объем, см3                         1451                     1451""}}"
ВАЗ-2329 (Лада-Тул),N1,4x4,4520.0,1680.0,1640.0,2700.0,1320.0,1920.0,600.0,1090.0,1090.0,1690.0,58.0,130.0,5.0,,,"3,9",175/80R16,,,"{""length_mm"": {""line"": 1286, ""text"": ""длина                4520""}, ""width_mm"": {""line"": 1287, ""text"": ""ширина               1680""}, ""height_mm"": {""line"": 1288, ""text"": ""высота               1640 (1930 - с тентом или жестким верхом)""}, ""wheelbase_mm"": {""line"": 1289, ""text"": ""База, мм                        2700""}, ""engine_displacement_cc"": {""line"": 1313, ""text"": ""рабочий объем, см                  1690         1774      1774        1690""}}"
ВАЗ-1706,N1,4x2,4006.0,1620.0,1820.0,2460.0,955.0,1505.0,550.0,699.0,806.0,1499.0,57.2,119.0,5.0,3.636;1.95;1.357;0.941;0.784,3.5,"3,9",,Gasoline,,"{""length_mm"": {""line"": 1531, ""text"": ""длина            4006""}, ""width_mm"": {""line"": 1532, ""text"": ""ширина           1620""}, ""height_mm"": {""line"": 1533, ""text"": ""высота           1820""}, ""wheelbase_mm"": {""line"": 1541, ""text"": ""База, мм                       2460""}, ""engine_displacement_cc"": {""line"": 1555, ""text"": ""рабочий объем, см3             1499""}}"
"ГАЗ-3302. 2707, 2310, 2752",N1,4x2,4840.0,2075.0,2070.0,2760.0,1750.0,2800.0,1050.0,1250.0,1420.0,2445.0,56.1,2445.0,5.0,4.05;2.34;1.395;1.0;0.849,3.51,"5,125",,,,"{""length_mm"": {""line"": 1822, ""text"": ""длина                    4840           4840           5470           5470""}, ""width_mm"": {""line"": 1823, ""text"": ""ширина                 2075-2095        2075          2098            2098""}, ""height_mm"": {""line"": 1824, ""text"": ""высота: по кабине        .2070     2100/2200          2120            2200""}, ""wheelbase_mm"": {""line"": 1826, ""text"": ""База, мм                                    2760                         2900""}, ""engine_displacement_cc"": {""line"": 1885, ""text"": ""рабочий объем, см3            2445     2445     2300     2300     2445""}}"
33022,N1,4x2,5700.0,2064.0,2835.0,2900.0,2583.0,3500.0,917.0,1069.0,2431.0,2890.0,65.4,196.0,5.0,4.05;2.34;1.395;1.0;0.849,3.51,"5,125",185/75R16,Gasoline,,"{""length_mm"": {""line"": 2198, ""text"": ""длина                5700""}, ""width_mm"": {""line"": 2199, ""text"": ""ширина               2064""}, ""height_mm"": {""line"": 2200, ""text"": ""высота               2835""}, ""wheelbase_mm"": {""line"": 2201, ""text"": ""База, мм                        2900""}, ""engine_displacement_cc"": {""line"": 2228, ""text"": ""рабочий объем, см3                 2890    2890    2445     2445   2300   2300""}}"
ГАЗ 33022. 33028. 2779,N1,4x4,5440.0,2100.0,2770.0,2900.0,,3500.0,,1200.0,2300.0,2890.0,65.4,196.0,5.0,4.05;2.34;1.395;1.0;0.849,3.51,"5,125",185/75R16,Gasoline,,"{""wheelbase_mm"": {""line"": 2519, ""text"": ""База, мм                                              2900""}, ""engine_displacement_cc"": {""line"": 2546, ""text"": ""рабочий объем, см3                 2890 2890 2445 2445 2300 2300 2490""}}"
2766,N1,4x2,5590.0,2090.0,2770.0,2900.0,2100.0,3500.0,1400.0,1200.0,2250.0,2890.0,,,5.0,4.05;2.34;1.395;1.0;0.849,3.51,"5,125",185/75R16,Gasoline,,"{""length_mm"": {""line"": 2798, ""text"": ""длина                           5590                     5590""}, ""width_mm"": {""line"": 2799, ""text"": ""ширина                          2090                     2090""}, ""height_mm"": {""line"": 2800, ""text"": ""высота                          2770                     2860""}, ""wheelbase_mm"": {""line"": 2801, ""text"": ""База, мм                                              2900""}, ""engine_displacement_cc"": {""line"": 2823, ""text"": ""рабочий объем, см3     2890   2890      2445      2445      2300    2300     2490""}}"
2782,N1,4x2,5470.0,2090.0,2770.0,2900.0,2050.0,3500.0,1450.0,1240.0,2260.0,2300.0,,,5.0,4.05;2.34;1.395;1.0;0.849,3.51,"4,556",185/75R16,Diesel,,"{""length_mm"": {""line"": 3066, ""text"": ""длина                        5470          5470          5470""}, ""width_mm"": {""line"": 3067, ""text"": ""ширина                       2090          2090          2090""}, ""height_mm"": {""line"": 3068, ""text"": ""высота                       2770          2770          2450""}, ""wheelbase_mm"": {""line"": 3069, ""text"": ""База, мм                                              2900""}, ""engine_displacement_cc"": {""line"": 3103, ""text"": ""рабочий объем, см3     2300   2300   2890   2890   2445       2134""}}"
27851,N1,4x4,5470.0,2090.0,2770.0,2900.0,2000.0,3500.0,1500.0,1200.0,2250.0,2300.0,72.2,172.0,5.0,4.05;2.34;1.395;1.0;0.849,3.51,"4,556",185/75R16,Diesel,,"{""length_mm"": {""line"": 3359, ""text"": ""длина                          5470          5470          5470          5470""}, ""width_mm"": {""line"": 3360, ""text"": ""ширина                      2090          2090          2090          2090""}, ""height_mm"": {""line"": 3361, ""text"": ""высота                      2770          2450          2770          2450""}, ""wheelbase_mm"": {""line"": 3362, ""text"": ""База, мм                                                    2900""}, ""engine_displacement_cc"": {""line"": 3394, ""text"": ""рабочий объем, см3               2300       2890      2445           2134""}}"
2790,N1,4x2,5470.0,2090.0,2770.0,2900.0,1910.0,3500.0,1590.0,1200.0,2240.0,2300.0,72.2,172.0,5.0,4.05;2.34;1.395;1.0;0.849,3.51,"4,556",185/75R16,Diesel,,"{""length_mm"": {""line"": 3881, ""text"": ""длина                       5470             5470          5470""}, ""width_mm"": {""line"": 3882, ""text"": ""ширина                     2090             2090          2090""}, ""height_mm"": {""line"": 3883, ""text"": ""высота                     2770             2770          2570""}, ""wheelbase_mm"": {""line"": 3890, ""text"": ""База, мм                       2900""}, ""engine_displacement_cc"": {""line"": 3917, ""text"": ""рабочий объем, см               2300     2890    2890    2445       2134""}}"
3796,N1,4x2,5470.0,2098.0,2780.0,2900.0,2320.0,3500.0,1180.0,1200.0,2300.0,2890.0,,,5.0,4.05;2.34;1.395;1.0;0.849,3.51,"5,125",185/75R16,Gasoline,,"{""length_mm"": {""line"": 4146, ""text"": ""длина                    5470""}, ""width_mm"": {""line"": 4147, ""text"": ""ширина                 2098""}, ""height_mm"": {""line"": 4148, ""text"": ""высота                2780""}, ""wheelbase_mm"": {""line"": 4149, ""text"": ""База, мм                         2900""}, ""engine_displacement_cc"": {""line"": 4166, ""text"": ""рабочий объем, см3        2890   2890    2445    2445    2300   2300    2490""}}"
2797,N1,4x2,5470.0,2100.0,,2900.0,2050.0,3500.0,1450.0,1260.0,2300.0,2445.0,,,5.0,4.05;2.34;1.395;1.0;0.849,3.51,"5,125",,,,"{""length_mm"": {""line"": 4345, ""text"": ""длина                       5470""}, ""width_mm"": {""line"": 4346, ""text"": ""ширина                      2100""}, ""wheelbase_mm"": {""line"": 4363, ""text"": ""База, мм                        2900""}, ""engine_displacement_cc"": {""line"": 4392, ""text"": ""рабочий объем         2445    2445     2300     2300      2890   2890   2490""}}"
27551,N1,4x2,5440.0,2080.0,2770.0,2900.0,2200.0,3500.0,1300.0,1200.0,2300.0,2445.0,56.1,164.6,5.0,4.05;2.34;1.395;1.0;0.849,3.51,"5,125",185/75R16,,,"{""length_mm"": {""line"": 4603, ""text"": ""длина               5440""}, ""width_mm"": {""line"": 4604, ""text"": ""ширина              2080""}, ""height_mm"": {""line"": 4605, ""text"": ""высота              2770""}, ""wheelbase_mm"": {""line"": 4606, ""text"": ""База, мм                         2900""}, ""engine_displacement_cc"": {""line"": 4629, ""text"": ""рабочий объем, см3            2445     2445       2300     2300      2490""}}"
ИЖ-2717,N1,4x2,4400.0,1677.0,1740.0,2700.0,1100.0,1750.0,650.0,675.0,1075.0,1816.0,68.4,139.0,5.0,3.19;1.864,4.253,"4,22",185/75R13,,,"{""length_mm"": {""line"": 4933, ""text"": ""длина                                           4400""}, ""width_mm"": {""line"": 4934, ""text"": ""ширина                                          1677""}, ""height_mm"": {""line"": 4935, ""text"": ""высота                          1740            1397         1397 (1800 с""}, ""wheelbase_mm"": {""line"": 4937, ""text"": ""База, мм                                                2700""}, ""engine_displacement_cc"": {""line"": 4955, ""text"": ""рабочий объем, см3                         1816                      1773""}}"
ИЖ-2717 (мод. 2717-220),N1,4x2,4400.0,1677.0,1740.0,2700.0,1100.0,1750.0,650.0,675.0,1075.0,1568.0,54.8,120.0,5.0,3.677;2.1;1.361;1.0;0.819,3.526,"4,22",,Gasoline,,"{""length_mm"": {""line"": 5124, ""text"": ""длина                                         4400""}, ""width_mm"": {""line"": 5125, ""text"": ""ширина                                        1677""}, ""height_mm"": {""line"": 5126, ""text"": ""высота                         1740             1397(1800     1397""}, ""wheelbase_mm"": {""line"": 5128, ""text"": ""База, мм                                                 2700""}, ""engine_displacement_cc"": {""line"": 5153, ""text"": ""рабочий объем, см3                    1568                       1699""}}"
"УАЗ 3303, 3741.3909",N1,4x4,4881.0,1974.0,2355.0,2550.0,1900.0,3050.0,,1420.0,1630.0,2445.0,55.9,159.8,4.0,3.78;2.6;1.55;1.0,4.12,"4,625 или 4,111",,Gasoline,,"{""width_mm"": {""line"": 5384, ""text"": ""ширина                         1974              1965        1940""}, ""height_mm"": {""line"": 5385, ""text"": ""высота                 2355*   2355*     2555*   2660*       2101""}, ""wheelbase_mm"": {""line"": 5386, ""text"": ""База, мм                                   2550                     2300""}, ""engine_displacement_cc"": {""line"": 5431, ""text"": ""рабочий объем, см3                            2445                    2890""}}"
Citroen Berlingo,N1,4x2,4108.0,1719.0,1802.0,2690.0,,1947.0,,900.0,1047.0,1360.0,55.0,120.0,5.0,3.417;1.81;1.276;0.975;0.767,3.583,"4,538",,Diesel,,"{""length_mm"": {""line"": 5652, ""text"": ""длина                      4108""}, ""width_mm"": {""line"": 5653, ""text"": ""ширина                  1719""}, ""height_mm"": {""line"": 5654, ""text"": ""высота                  1802""}, ""wheelbase_mm"": {""line"": 5655, ""text"": ""База, мм                           2690""}, ""engine_displacement_cc"": {""line"": 5683, ""text"": ""рабочий объем, см                        1360                    1868""}}"
Ford Transit,N1,4x2,4834.0,1974.0,,2933.0,1680.0,2920.0,1240.0,1400.0,1750.0,2295.0,55.2,200.0,5.0,3.87;2.08;1.36;1.0;0.76,3.49,,,Diesel,,"{""length_mm"": {""line"": 5910, ""text"": ""длина                          4834- 5201 - 5651 - 5225 5675- 6042-""}, ""engine_displacement_cc"": {""line"": 5996, ""text"": ""рабочий объем, см3                2295      2402        2402        2402     2402""}}"
Fiat Риса1о,N1,4x4,4521.0,1998.0,2150.0,2850.32,1760.0,2800.0,1040.0,1460.0,1460.0,1998.0,80.0,168.0,5.0,3.727;1.944;1.37;0.969;0.767,3.154,"5,615",195/70R15,Diesel,,"{""length_mm"": {""line"": 6295, ""text"": ""длина                   4521-5620""}, ""width_mm"": {""line"": 6296, ""text"": ""ширина                  1998""}, ""height_mm"": {""line"": 6297, ""text"": ""высота                  2150-2725""}, ""wheelbase_mm"": {""line"": 6298, ""text"": ""База, мм                         2850,3200, 3700""}, ""engine_displacement_cc"": {""line"": 6321, ""text"": ""рабочий объем, см3                 1998        1929     1929      2500      2800""}}"
Fiat Зсиао Уап,N1,4x2,4440.0,1810.0,1927.0,,1435.0,2335.0,900.0,1230.0,1300.0,1905.0,1.0,1.0,5.0,3.25;1.783;1.121;0.795;0.608,3.154,"5,214",205/65R15,Diesel,,"{""length_mm"": {""line"": 6527, ""text"": ""длина                4440""}, ""width_mm"": {""line"": 6528, ""text"": ""ширина            1810""}, ""height_mm"": {""line"": 6529, ""text"": ""высота            1927""}, ""engine_displacement_cc"": {""line"": 6555, ""text"": ""рабочий объем, см3              1905""}}"
Hyundai Н-1,N1,4x2,4695.0,1820.0,1885.0,,,3050.0,,1400.0,1900.0,2351.0,99.0,191.0,5.0,3.986;2.155;1.414;1.0;0.813,3.814,"4,222",205/70R15,Diesel,,"{""length_mm"": {""line"": 6734, ""text"": ""длина                         4695                    5035""}, ""width_mm"": {""line"": 6735, ""text"": ""ширина                        1820                     1820""}, ""height_mm"": {""line"": 6736, ""text"": ""высота                    1885 или 1900           1980 или 1970""}, ""engine_displacement_cc"": {""line"": 6762, ""text"": ""рабочий объем, см                     2351                    2476""}}"
Iveco Daily,N1,4x2,5305.0,1996.0,2215.0,3000.0,1670.0,3200.0,1530.0,1500.0,1900.0,2798.0,1.0,1.0,5.0,5.0;2.62;1.54;1.0;0.78;1.0,4.58,,,Diesel,,"{""engine_displacement_cc"": {""line"": 7186, ""text"": ""рабочий объем, см3                                 2798""}}"
Mazda В2500,N1,4x2,5005.0,1695.0,1615.0,2985.0,,2650.0,,980.0,1750.0,2500.0,58.0,168.0,5.0,4.25;2.356;1.428;1.0;0.827,3.656,"4,100",265/70R15,Diesel,,"{""length_mm"": {""line"": 7402, ""text"": ""длина                    5005 - 5030""}, ""width_mm"": {""line"": 7403, ""text"": ""ширина                   1695""}, ""height_mm"": {""line"": 7404, ""text"": ""высота                   1615 (4x2, Ке§и1аг саЬ / 5»е1сЬ саЬ);""}, ""wheelbase_mm"": {""line"": 7412, ""text"": ""База, мм                                   2985                      3000""}, ""engine_displacement_cc"": {""line"": 7439, ""text"": ""рабочий объем, см3                                       2500""}}"
Mercedes-Benz ТО - У,N1,4x2,4660.0,1870.0,1889.0,3000.0,,2700.0,,1420.0,1330.0,2151.0,6075.0,20025.0,,4.25;2.348;1.458;1.026;0.813,3.814,,195/70R15,Diesel,,"{""length_mm"": {""line"": 7617, ""text"": ""длина              4660""}, ""width_mm"": {""line"": 7618, ""text"": ""ширина             1870""}, ""height_mm"": {""line"": 7619, ""text"": ""высота              1889""}, ""wheelbase_mm"": {""line"": 7620, ""text"": ""База, мм                       3000""}, ""engine_displacement_cc"": {""line"": 7660, ""text"": ""рабочий объем, см3                        2151               1998      2295    2792""}}"
"Mercedes-Benz Т1N ""8рпп!ег""",N1,4x2,4890.0,1933.0,2320.0,3000.0,1870.0,2590.0,720.0,1350.0,1500.0,2148.0,60.0,200.0,5.0,4.89;2.53;1.48;1.0;0.78,4.58,,195/70R15,Diesel,,"{""length_mm"": {""line"": 8005, ""text"": ""длина""}, ""width_mm"": {""line"": 8008, ""text"": ""ширина""}, ""height_mm"": {""line"": 8011, ""text"": ""высота""}, ""wheelbase_mm"": {""line"": 8015, ""text"": ""База, мм                              3000            3550             4025""}, ""engine_displacement_cc"": {""line"": 8066, ""text"": ""рабочий объем, см3                         2148                 2685       2295""}}"
Peugeot Boxer,N1,4x2,4749.0,2024.0,2150.0,2850.0,,3500.0,,1850.0,2120.0,2179.0,74.0,240.0,5.0,3.727;1.952;1.29;0.875;0.585,3.154,"5,357",195/70R15,Diesel,,"{""length_mm"": {""line"": 8365, ""text"": ""длина                       4749        5099           5599        5681""}, ""width_mm"": {""line"": 8366, ""text"": ""ширина                   2024        2024           2024      2024-2180""}, ""height_mm"": {""line"": 8367, ""text"": ""высота                 2150-2480 2150-2735 2470-2860            2125""}, ""wheelbase_mm"": {""line"": 8370, ""text"": ""База, мм                              2850             3200              3700""}, ""engine_displacement_cc"": {""line"": 8420, ""text"": ""рабочий объем цилиндров, см3           2179             2800              1997""}}"
Peugeot Partner,N1,4x2,4108.0,1719.0,1802.0,2690.0,,1670.0,,930.0,950.0,1769.0,55.0,111.0,5.0,3.416;1.95;1.275;0.975;0.767,3.583,"4,538",,Gasoline,,"{""length_mm"": {""line"": 8603, ""text"": ""длина                    4108""}, ""width_mm"": {""line"": 8604, ""text"": ""ширина                   1719""}, ""height_mm"": {""line"": 8605, ""text"": ""высота                1802""}, ""wheelbase_mm"": {""line"": 8606, ""text"": ""База, мм                         2690""}, ""engine_displacement_cc"": {""line"": 8726, ""text"": ""рабочий объем цилиндров, см3    1769       1905      1868        1868     1997""}}"
Renault Kangoo Express,N1,4x2,3995.0,1663.0,1827.0,2600.0,,1640.0,,795.0,845.0,1390.0,55.0,114.0,5.0,3.727;2.048;1.393;1.029;0.821,3.545,"4,214",,Gasoline,,"{""length_mm"": {""line"": 8926, ""text"": ""длина                     3995""}, ""width_mm"": {""line"": 8927, ""text"": ""ширина                    1663""}, ""height_mm"": {""line"": 8928, ""text"": ""высота                    1827 (1875-без нагрузки)""}, ""wheelbase_mm"": {""line"": 8929, ""text"": ""База, мм                          2600""}, ""engine_displacement_cc"": {""line"": 8958, ""text"": ""рабочий объем цилиндров, см                      1390""}}"
Volkswagen Caddy,N1,4x2,4226.0,1696.0,1836.0,2601.0,1110.0,1660.0,550.0,800.0,950.0,1390.0,44.0,116.0,5.0,3.455;2.095;1.448;1.098;0.851,3.385,"4,267",,Diesel,,"{""length_mm"": {""line"": 9149, ""text"": ""длина                     4226""}, ""width_mm"": {""line"": 9150, ""text"": ""ширина                 1696""}, ""height_mm"": {""line"": 9151, ""text"": ""высота                  1836""}, ""wheelbase_mm"": {""line"": 9152, ""text"": ""База, мм                          2601""}, ""engine_displacement_cc"": {""line"": 9181, ""text"": ""рабочий объем, см                   1390        1390        1896        1896""}}"
"Volkswagen LT28, LT35",N1,4x2,4835.0,1933.0,2350.0,3000.0,,2800.0,,1460.0,1500.0,2461.0,5580.0,16028.0,5.0,4.898;2.533;1.486;1.0;0.738,4.586,,225/70R15,Diesel,,"{""wheelbase_mm"": {""line"": 9450, ""text"": ""База, мм                           3000             3550             4025""}, ""engine_displacement_cc"": {""line"": 9488, ""text"": ""рабочий объем, см                             2461                    2799""}}"
ЗИЛ-4331. 4333. 4421,N2,4x2,7610.0,2500.0,2700.0,4500.0,4980.0,12000.0,7020.0,4000.0,8000.0,6000.0,110.0,402.0,5.0,7.18;4.0,6.45,"6,33",,Gasoline,,"{""length_mm"": {""line"": 9722, ""text"": ""длина                           7610                  6755               5355""}, ""width_mm"": {""line"": 9723, ""text"": ""ширина                          2500                  2500               2490""}, ""height_mm"": {""line"": 9724, ""text"": ""высота                          2700                  2700               2700""}, ""wheelbase_mm"": {""line"": 9725, ""text"": ""База, мм                                 4500                  3800               3300""}, ""engine_displacement_cc"": {""line"": 9743, ""text"": ""рабочий объем, см3                6000""}}"
ЗИЛ-5301 (двигатель Са1егрМ1аг),"N2, N3",4x2,6195.0,2150.0,2365.0,3650.0,3725.0,6950.0,3225.0,2350.0,4900.0,3990.0,100.0,456.0,5.0,6.55;3.62;2.08;1.38;1.0,5.91,"3,273","215/75R17,5",Diesel,,"{""length_mm"": {""line"": 10086, ""text"": ""длина                           6195-6600                 6773-7173""}, ""width_mm"": {""line"": 10087, ""text"": ""ширина                       2150-2306                 2150-2306""}, ""height_mm"": {""line"": 10088, ""text"": ""высота                       2365 - 3036               2365-3036""}, ""wheelbase_mm"": {""line"": 10089, ""text"": ""База, мм                                   3650                     4250""}, ""engine_displacement_cc"": {""line"": 10104, ""text"": ""рабочий объем, см                3990""}}"
ЗИЛ-5301 (двигатель ММЗ),"N2, N3",4x2,6195.0,2150.0,2365.0,3650.0,3725.0,6950.0,3225.0,2350.0,4900.0,4750.0,77.0,346.0,5.0,6.45;3.56;1.98;1.275;1.0,6.15,"3,273",215/75R17.5,Diesel,,"{""length_mm"": {""line"": 10438, ""text"": ""длина                     6195 - 6600               6773-7173""}, ""width_mm"": {""line"": 10439, ""text"": ""ширина                    2150-2306                 2150-2306""}, ""height_mm"": {""line"": 10440, ""text"": ""высота                    2365 - 3036               2365 - 3036""}, ""wheelbase_mm"": {""line"": 10441, ""text"": ""База, мм                                 3650                      4250""}, ""engine_displacement_cc"": {""line"": 10464, ""text"": ""рабочий объем, см              4750""}}"
КамАЗ-43114-02. 43116. 43118-02. 44108-02,,6x6,7960.0,2500.0,3200.0,3340.0,8940.0,15420.0,6480.0,,,10850.0,169.0,814.0,5.0,7.82;4.03;2.5;1.53;1.0,7.38,"5,94",425/85R21,Diesel,1320.0,"{""length_mm"": {""line"": 10675, ""text"": ""длина                            7960      8170-8635       7355""}, ""width_mm"": {""line"": 10676, ""text"": ""ширина                        2500         2500         2500""}, ""height_mm"": {""line"": 10677, ""text"": ""высота                        3200      3490 - 3950     3290""}, ""wheelbase_mm"": {""line"": 10678, ""text"": ""База, мм                           .3340+1320      3690+1320     3690+1320""}, ""rear_axle_spacing_mm"": {""line"": 10678, ""text"": ""База, мм                           .3340+1320      3690+1320     3690+1320""}, ""engine_displacement_cc"": {""line"": 10695, ""text"": ""рабочий объем, см3                10850""}}"
КамАЗ-53215. 54115. 55111-02,"N2, N3",6x4,8535.0,2500.0,3995.0,3690.0,8200.0,19355.0,11155.0,,,10850.0,169.0,814.0,10.0,7.82;4.03;2.5;1.53;1.0,7.38,"5,43",10.00R20,Diesel,1320.0,"{""length_mm"": {""line"": 10879, ""text"": ""длина                         8535            6155            6680""}, ""width_mm"": {""line"": 10880, ""text"": ""ширина                     2500            2500            2500""}, ""height_mm"": {""line"": 10881, ""text"": ""высота                     3995            3110            2740""}, ""wheelbase_mm"": {""line"": 10882, ""text"": ""База, мм                           3690+1320      2840+1320        2840+1320""}, ""rear_axle_spacing_mm"": {""line"": 10882, ""text"": ""База, мм                           3690+1320      2840+1320        2840+1320""}, ""engine_displacement_cc"": {""line"": 10907, ""text"": ""рабочий объем, см3               10850""}}"
"КамАЗ-43114-13. 43116-13, 43118-13, 44108-13","N2, N3",6x6,7765.0,2500.0,3290.0,3340.0,9030.0,15420.0,6390.0,,,10850.0,182.6,919.0,5.0,7.82;4.03;2.5;1.53;1.0,7.38,"5,94",425/85R21,Diesel,1320.0,"{""length_mm"": {""line"": 11080, ""text"": ""длина                          7765          8635            7355""}, ""width_mm"": {""line"": 11081, ""text"": ""ширина                      2500          2500            2500""}, ""height_mm"": {""line"": 11082, ""text"": ""высота                      3290          3950            3290""}, ""wheelbase_mm"": {""line"": 11083, ""text"": ""База, мм                            3340+1320     3690+1320       3690+1320""}, ""rear_axle_spacing_mm"": {""line"": 11083, ""text"": ""База, мм                            3340+1320     3690+1320       3690+1320""}, ""engine_displacement_cc"": {""line"": 11107, ""text"": ""рабочий объем, см               10850""}}"
КамАЗ-4326,,4x4,7730.0,2500.0,3290.0,4200.0,7300.0,12600.0,5300.0,5300.0,7300.0,10850.0,169.0,814.0,,7.82;4.03;2.5;1.53;1.0,7.38,"5,94 или 6,53",425/85R21,Diesel,,"{""length_mm"": {""line"": 11269, ""text"": ""длина                   7730""}, ""width_mm"": {""line"": 11270, ""text"": ""ширина               2500""}, ""height_mm"": {""line"": 11271, ""text"": ""высота               3290""}, ""wheelbase_mm"": {""line"": 11272, ""text"": ""База, мм                        4200""}, ""engine_displacement_cc"": {""line"": 11290, ""text"": ""рабочий объем, см               10850""}}"
"КамАЗ-53215-13. 54115-13, 55111-13","N2, N3",6x4,8535.0,2500.0,3995.0,3690.0,8030.0,19355.0,11325.0,53215.0,,10850.0,182.6,919.0,10.0,7.82;4.03;2.5;1.53;1.0,7.38,"5,43",10.00R20,Diesel,1320.0,"{""length_mm"": {""line"": 11459, ""text"": ""длина                         8535            6155             6680""}, ""width_mm"": {""line"": 11460, ""text"": ""ширина                     2500            2500             2500""}, ""height_mm"": {""line"": 11461, ""text"": ""высота                     3995            3110             2710""}, ""wheelbase_mm"": {""line"": 11462, ""text"": ""База, мм                           3690+1320      2840+1320         2840+1320""}, ""rear_axle_spacing_mm"": {""line"": 11462, ""text"": ""База, мм                           3690+1320      2840+1320         2840+1320""}, ""engine_displacement_cc"": {""line"": 11487, ""text"": ""рабочий объем, см,з3           10850""}}"
МАЗ-6422. 6430. 6301. 6303. 5516 (Евро-2),"N2, N3",6x4,6540.0,2500.0,3150.0,2900.0,9500.0,24500.0,15000.0,6500.0,,14860.0,233.0,1275.0,8.0,7.3;4.86;3.5;2.48;2.09;1.39;1.0;0.71,,"3,86",11.00R20,Diesel,1400.0,"{""length_mm"": {""line"": 11715, ""text"": ""длина                    6540 - 6600       10230           10230""}, ""width_mm"": {""line"": 11716, ""text"": ""ширина                   2500            2500            2500""}, ""height_mm"": {""line"": 11717, ""text"": ""высота                3150-3800       3160-4000       3250 - 4000""}, ""wheelbase_mm"": {""line"": 11719, ""text"": ""База, мм                         .2900+ 1400    4640+1400       4590(5100) +""}, ""rear_axle_spacing_mm"": {""line"": 11719, ""text"": ""База, мм                         .2900+ 1400    4640+1400       4590(5100) +""}, ""engine_displacement_cc"": {""line"": 11780, ""text"": ""рабочий объем цилиндров, см3         14860            14860         11967""}}"
"МАЗ-5336. 5337. 5432, 5433. 5440. 555102 (Евро-2)","N2, N3",4x2,5600.0,2500.0,2925.0,3300.0,6700.0,16100.0,9400.0,5500.0,10000.0,11150.0,159.0,864.0,,5.26;2.9;1.52;1.0;0.66,,"3,8 или 3,86",11.00R20,Diesel,,"{""length_mm"": {""line"": 12124, ""text"": ""длина                  5600 - 6000         7765         5990""}, ""width_mm"": {""line"": 12125, ""text"": ""ширина                     2500            2500         2500""}, ""height_mm"": {""line"": 12126, ""text"": ""высота                 2925 - 4000      2900 - 4000     2925""}, ""wheelbase_mm"": {""line"": 12127, ""text"": ""База, мм                           3300, 3550      3950, 4900      3300""}, ""engine_displacement_cc"": {""line"": 12164, ""text"": ""рабочий объем, см3               11150       14860     14860       11967""}}"
"МАЗ-6422, 6425, 6303, 5516 (Евро-0, Евро-1)","N2, N3",6x6,6540.0,2500.0,3150.0,2900.0,9050.0,24000.0,14950.0,6000.0,,14860.0,176.0,883.0,8.0,7.3;4.86;3.5;2.48;2.09;1.39;1.0,,"3,97",11.00R20,Diesel,4950.0,"{""length_mm"": {""line"": 12452, ""text"": ""длина                      6540       10230 -    7530-       7930""}, ""width_mm"": {""line"": 12454, ""text"": ""ширина                  2500        2500       2500       2500""}, ""height_mm"": {""line"": 12455, ""text"": ""высота                  3150-      3250-      3100-       3700""}, ""wheelbase_mm"": {""line"": 12457, ""text"": ""База, мм                          2900 +      4950 +    3350 или    3780 +""}, ""rear_axle_spacing_mm"": {""line"": 12457, ""text"": ""База, мм                          2900 +      4950 +    3350 или    3780 +""}, ""engine_displacement_cc"": {""line"": 12502, ""text"": ""рабочий объем, см                   14860       14860         14860       11150""}}"
"МАЗ-5432. 5433. 5336. 5337, 5551 (Евро-0. Евро-1)","N2, N3",4x2,5535.0,2500.0,2920.0,3300.0,5980.0,15000.0,9020.0,5000.0,10000.0,11150.0,13217.0,66788.0,5.0,5.26;2.9;1.52;1.0;0.66,,"5,49",11.00R20,Diesel,,"{""length_mm"": {""line"": 12791, ""text"": ""длина                     5535-5980      7100-8630          5990""}, ""width_mm"": {""line"": 12792, ""text"": ""ширина                    2500            2500           2500""}, ""height_mm"": {""line"": 12793, ""text"": ""высота                 2920 - 3800    2900 - 4000        2925""}, ""wheelbase_mm"": {""line"": 12794, ""text"": ""База, мм                         3300 или 3550    3950, 4900        3300""}, ""engine_displacement_cc"": {""line"": 12837, ""text"": ""рабочий объем, см3                   11150     14860   14860   14860   11150    11150""}}"
МАЗ-Купава-5731 (Евро-0. Евро-1),,4x2,8500.0,2500.0,3600.0,4900.0,8950.0,16500.0,7550.0,6500.0,10000.0,11150.0,132.0,667.0,5.0,5.26;2.9;1.52;1.0;0.66,,"5,49",11.00R20,Diesel,,"{""length_mm"": {""line"": 13074, ""text"": ""длина                    8500 - 8700""}, ""width_mm"": {""line"": 13075, ""text"": ""ширина                   2500 - 2600""}, ""height_mm"": {""line"": 13076, ""text"": ""высота                   3600 - 3990""}, ""wheelbase_mm"": {""line"": 13077, ""text"": ""База, мм                         4900 или 3950 (для автомобилей-фургонов на""}, ""engine_displacement_cc"": {""line"": 13100, ""text"": ""рабочий объем, см3                 11150           14860           14860""}}"
МАЗ-Купава-5731 (Евро-2),"N2, N3",4x2,8500.0,2500.0,4000.0,4900.0,8950.0,16500.0,7550.0,6500.0,10000.0,11150.0,159.0,864.0,5.0,5.26;2.9;1.52;1.0;0.66,,"3,97",11.00R20,Diesel,,"{""length_mm"": {""line"": 13291, ""text"": ""длина                8500 - 8600""}, ""width_mm"": {""line"": 13292, ""text"": ""ширина               2500 - 2600""}, ""height_mm"": {""line"": 13293, ""text"": ""высота (тах)         4000""}, ""wheelbase_mm"": {""line"": 13294, ""text"": ""База, мм                        4900 или 3950 (для автомобилей-фургонов на""}, ""engine_displacement_cc"": {""line"": 13310, ""text"": ""рабочий объем, см                   11150          14860            14860""}}"
МАЗ-Купава-4788,"N2, N3",4x2,8050.0,2600.0,3580.0,4200.0,5800.0,10100.0,4300.0,3650.0,6450.0,4750.0,95.7,449.0,5.0,6.45;3.56;1.98;1.275;1.0,6.15,"3,45 или 3,9",235/75R17.5,Diesel,1400.0,"{""length_mm"": {""line"": 13518, ""text"": ""длина                       8050         7130           8050    7130""}, ""width_mm"": {""line"": 13519, ""text"": ""ширина                   2600         2600           2540    2540""}, ""height_mm"": {""line"": 13520, ""text"": ""высота                   3580         3580           3455    3455""}, ""wheelbase_mm"": {""line"": 13521, ""text"": ""База, мм                            4200         3700           4200    3700""}, ""rear_axle_spacing_mm"": {""line"": 13521, ""text"": ""База, мм                            4200         3700           4200    3700""}, ""engine_displacement_cc"": {""line"": 13536, ""text"": ""рабочий объем, см3                4750""}}"
КамАЗ-Купава-5741,,6x4,8600.0,2600.0,3950.0,3690.0,9150.0,19300.0,10150.0,4540.0,,10850.0,169.0,818.9,10.0,7.82;4.03;2.5;1.53;1.0,7.38,"5,43",,Diesel,1320.0,"{""length_mm"": {""line"": 14108, ""text"": ""длина                      8600                   8600""}, ""width_mm"": {""line"": 14109, ""text"": ""ширина                     2600                   2550""}, ""height_mm"": {""line"": 14110, ""text"": ""высота                     3950                   3950""}, ""wheelbase_mm"": {""line"": 14117, ""text"": ""База, мм                       3690+1320""}, ""rear_axle_spacing_mm"": {""line"": 14117, ""text"": ""База, мм                       3690+1320""}, ""engine_displacement_cc"": {""line"": 14135, ""text"": ""рабочий объем, см.33           10850""}}"
ЗИЛ-Купава-3729,,4x2,6200.0,2200.0,2890.0,3650.0,3700.0,6950.0,3250.0,2350.0,4900.0,4750.0,77.0,346.0,5.0,6.45;3.56;1.98;1.275;1.0,6.15,"3,273",215/75R17.5,Diesel,,"{""length_mm"": {""line"": 14362, ""text"": ""длина                    6200 - 6550           6800 - 7550""}, ""width_mm"": {""line"": 14363, ""text"": ""ширина                                  2200 - 2350""}, ""height_mm"": {""line"": 14364, ""text"": ""высота                                  2890 - 3250""}, ""wheelbase_mm"": {""line"": 14365, ""text"": ""База, мм                               3650               4250""}, ""engine_displacement_cc"": {""line"": 14380, ""text"": ""рабочий объем, см3              4750""}}"
ЗИЛ-Купава-3729 (Купава-Сервис),"N2, N3",4x2,6200.0,2200.0,2890.0,3650.0,3700.0,6950.0,3250.0,2350.0,4900.0,4750.0,77.0,346.0,5.0,6.45;3.56;1.98;1.275;1.0,6.15,"3,273",215/75R17.5,Diesel,,"{""length_mm"": {""line"": 14594, ""text"": ""длина                    6200 - 6550            6800 - 7550""}, ""width_mm"": {""line"": 14595, ""text"": ""ширина                                  2200 - 2350""}, ""height_mm"": {""line"": 14596, ""text"": ""высота                                  2890 - 3250""}, ""wheelbase_mm"": {""line"": 14597, ""text"": ""База, мм                            3650                  4250""}, ""engine_displacement_cc"": {""line"": 14620, ""text"": ""рабочий объем, см              4750""}}"
ЗИЛ-Купава~4729,"N2, N3",4x2,7927.0,2514.0,3430.0,4500.0,5900.0,12000.0,6100.0,4000.0,8000.0,6000.0,110.0,402.0,5.0,7.18;4.0;2.4;1.38,6.45,"6,33",,Gasoline,,"{""length_mm"": {""line"": 14778, ""text"": ""длина                    7927""}, ""width_mm"": {""line"": 14779, ""text"": ""ширина                2514""}, ""height_mm"": {""line"": 14780, ""text"": ""высота                3430""}, ""wheelbase_mm"": {""line"": 14781, ""text"": ""База, мм                         4500""}, ""engine_displacement_cc"": {""line"": 14794, ""text"": ""рабочий объем, см3               6000""}}"
ГАЗ-Купава-4738,"N2, N3",4x2,6350.0,2230.0,3200.0,3770.0,4150.0,7850.0,3700.0,1875.0,5950.0,4250.0,87.5,274.7,5.0,6.555;3.933;2.376;1.442;1.0,5.735,"6,170",,Diesel,,"{""length_mm"": {""line"": 14960, ""text"": ""длина                                 6350 - 6500""}, ""width_mm"": {""line"": 14961, ""text"": ""ширина                                2230 - 2280""}, ""height_mm"": {""line"": 14962, ""text"": ""высота                                3200 - 3300""}, ""wheelbase_mm"": {""line"": 14963, ""text"": ""База, мм                                            3770""}, ""engine_displacement_cc"": {""line"": 14990, ""text"": ""рабочий объем, см                           4250              3200""}}"
НЕФАЗ-4208,"N2, N3",6x6,7880.0,2500.0,3280.0,3340.0,10200.0,12700.0,2500.0,4800.0,,10850.0,169.0,814.0,,7.82;4.03;2.5;1.53;1.0,7.38,"6,53",425/85R21,Diesel,3340.0,"{""length_mm"": {""line"": 15278, ""text"": ""длина                     7880       8410       8410      8410     7565""}, ""width_mm"": {""line"": 15279, ""text"": ""ширина                 2500       2500       2500      2500     2500""}, ""height_mm"": {""line"": 15280, ""text"": ""высота                 3280       3280       3280      3280     3280""}, ""wheelbase_mm"": {""line"": 15281, ""text"": ""База, мм                         3340 +      3340 +    3340 +     3340 +   3340 +""}, ""rear_axle_spacing_mm"": {""line"": 15281, ""text"": ""База, мм                         3340 +      3340 +    3340 +     3340 +   3340 +""}, ""engine_displacement_cc"": {""line"": 15295, ""text"": ""рабочий объем, см3               10850""}}"
КамАЗ-55111,"N2, N3",6x4,6680.0,2500.0,2710.0,2840.0,9050.0,22200.0,13150.0,5500.0,,10850.0,169.0,814.0,10.0,7.82;4.03;2.5;1.53;1.0,7.38,"5,43 или 5,94",10.00R20,Diesel,1320.0,"{""length_mm"": {""line"": 15466, ""text"": ""длина                  6680""}, ""width_mm"": {""line"": 15467, ""text"": ""ширина                 2500""}, ""height_mm"": {""line"": 15468, ""text"": ""высота                 2710""}, ""wheelbase_mm"": {""line"": 15469, ""text"": ""База, мм                        2840 + 1320""}, ""rear_axle_spacing_mm"": {""line"": 15469, ""text"": ""База, мм                        2840 + 1320""}, ""engine_displacement_cc"": {""line"": 15486, ""text"": ""рабочий объем, см               10850""}}"
НЕФАЗ-6606,"N2, N3",6x4,7430.0,2500.0,2980.0,3190.0,8960.0,18800.0,9840.0,4840.0,,10850.0,169.0,814.0,10.0,7.82;4.03;2.5;1.53;1.0,7.38,"5,43 или 5,94",10.00R20,Diesel,1320.0,"{""length_mm"": {""line"": 15639, ""text"": ""длина                   7430""}, ""width_mm"": {""line"": 15640, ""text"": ""ширина               2500""}, ""height_mm"": {""line"": 15641, ""text"": ""высота               2980""}, ""wheelbase_mm"": {""line"": 15642, ""text"": ""База, мм                        3190+1320""}, ""rear_axle_spacing_mm"": {""line"": 15642, ""text"": ""База, мм                        3190+1320""}, ""engine_displacement_cc"": {""line"": 15667, ""text"": ""рабочий объем, см                 10850""}}"
4753,"N2, N3",4x2,6607.0,2370.0,3305.0,3770.0,3500.0,7650.0,4150.0,1800.0,5855.0,4250.0,87.5,274.7,5.0,6.555;3.933;2.376;1.442;1.0,5.735,"6,17",,Diesel,,"{""length_mm"": {""line"": 15839, ""text"": ""длина                  6607""}, ""width_mm"": {""line"": 15840, ""text"": ""ширина                2370""}, ""height_mm"": {""line"": 15841, ""text"": ""высота                3305""}, ""wheelbase_mm"": {""line"": 15848, ""text"": ""База, мм                         3770""}, ""engine_displacement_cc"": {""line"": 15867, ""text"": ""рабочий объем, см3                         4250                4750""}}"
4789,"N2, N3",4x2,6415.0,2440.0,3240.0,3770.0,4000.0,7400.0,3400.0,1810.0,5590.0,4250.0,87.5,274.7,5.0,6.555;3.933;2.376;1.442;1.0,5.735,"6,17",,Gasoline,,"{""length_mm"": {""line"": 16110, ""text"": ""длина                           6415          6150           6420""}, ""width_mm"": {""line"": 16111, ""text"": ""ширина                          2440          2440           2440""}, ""height_mm"": {""line"": 16112, ""text"": ""высота                          3240          2755           2755""}, ""wheelbase_mm"": {""line"": 16113, ""text"": ""База, мм                                              3770""}, ""engine_displacement_cc"": {""line"": 16127, ""text"": ""рабочий объем, см                4250""}}"
3325,"N2, N3",4x4,6250.0,2340.0,2640.0,3770.0,4000.0,5490.0,1490.0,2610.0,2880.0,4250.0,85.5,270.7,5.0,6.555;3.933;2.376;1.442;1.0,5.735,"6,170",12.00R18,Diesel,,"{""length_mm"": {""line"": 16346, ""text"": ""длина                             6250                 6270""}, ""width_mm"": {""line"": 16347, ""text"": ""ширина                            2340                 2370""}, ""height_mm"": {""line"": 16348, ""text"": ""высота                            2640                 3160""}, ""wheelbase_mm"": {""line"": 16358, ""text"": ""База, мм                                 3770                 3770""}, ""engine_displacement_cc"": {""line"": 16375, ""text"": ""рабочий объем, см                 4250          4670           4750""}}"
ГАЗ 3307. 3309,"N2, N3",4x2,6330.0,2380.0,2350.0,3770.0,3150.0,7800.0,4650.0,1875.0,5875.0,4250.0,87.5,274.7,5.0,6.555;3.933;2.376;1.442;1.0,5.735,"6,170",,Diesel,,"{""length_mm"": {""line"": 16611, ""text"": ""длина                             6330                     6330...6435""}, ""width_mm"": {""line"": 16612, ""text"": ""ширина                                       2380""}, ""height_mm"": {""line"": 16613, ""text"": ""высота                                    2350 - 2905""}, ""wheelbase_mm"": {""line"": 16614, ""text"": ""База, мм                                                3770""}, ""engine_displacement_cc"": {""line"": 16630, ""text"": ""рабочий объем, см3                        4250                        4750""}}"
27791,"N2, N3",4x2,6512.0,2364.0,3125.0,3770.0,3408.0,7500.0,4092.0,1725.0,5775.0,4250.0,87.5,274.7,5.0,6.555;3.933;2.376;1.442;1.0,5.735,"6,170",,Gasoline,,"{""length_mm"": {""line"": 16860, ""text"": ""длина                                  6512                  6293""}, ""width_mm"": {""line"": 16861, ""text"": ""ширина               _   .-;.'.....    2364                  2375""}, ""height_mm"": {""line"": 16862, ""text"": ""высота                                 3125               2821/2813*""}, ""wheelbase_mm"": {""line"": 16863, ""text"": ""База, мм                                                3770""}, ""engine_displacement_cc"": {""line"": 16884, ""text"": ""рабочий объем, см3             4250""}}"
4748,"N2, N3",4x2,6440.0,2220.0,2950.0,3650.0,4400.0,6950.0,2550.0,2350.0,4900.0,4750.0,77.0,346.0,5.0,6.45;3.56;1.98;1.275;1.0,6.15,"3,273",215/75R17.5,Diesel,,"{""length_mm"": {""line"": 17089, ""text"": ""длина                       6440        6368          7040    6440""}, ""width_mm"": {""line"": 17090, ""text"": ""ширина                      2220        2248          2220    2220""}, ""height_mm"": {""line"": 17091, ""text"": ""высота                      2950        2470          2950    2950""}, ""wheelbase_mm"": {""line"": 17092, ""text"": ""База, мм                            3650        3650          4250     3650""}, ""engine_displacement_cc"": {""line"": 17106, ""text"": ""рабочий объем, см                 4750""}}"
4795,"N2, N3",4x2,6500.0,2380.0,3300.0,3370.0,3480.0,7850.0,4370.0,1875.0,5975.0,4250.0,85.5,270.7,5.0,,,"6,170 или        6,170",,Diesel,,"{""length_mm"": {""line"": 17363, ""text"": ""длина                           6500                6500""}, ""width_mm"": {""line"": 17364, ""text"": ""ширина                          2380                2380""}, ""height_mm"": {""line"": 17365, ""text"": ""высота                          3300                3385""}, ""wheelbase_mm"": {""line"": 17366, ""text"": ""База, мм                                   3370                3370""}, ""engine_displacement_cc"": {""line"": 17390, ""text"": ""рабочий объем, см                   4250          4670         4750""}}"
ГАЗ-САЗ-3507,"N2, N3",4x2,6471.0,2461.0,2320.0,3770.0,3600.0,8000.0,4400.0,2000.0,6000.0,4250.0,87.5,274.7,5.0,6.555;3.933;2.376;1.442;1.0,5.735,"6,170 или 4,556",,Diesel,,"{""length_mm"": {""line"": 17677, ""text"": ""длина                        6471                 6470""}, ""width_mm"": {""line"": 17678, ""text"": ""ширина                       2461                 2456""}, ""height_mm"": {""line"": 17679, ""text"": ""высота                       2320                 2400""}, ""wheelbase_mm"": {""line"": 17680, ""text"": ""База, мм                                3770                  3770""}, ""engine_displacement_cc"": {""line"": 17694, ""text"": ""рабочий объем, см                        4250                 4750""}}"
2948,"N2, N3",4x2,7030.0,2330.0,3150.0,4250.0,5800.0,6950.0,1150.0,2350.0,4600.0,4750.0,77.0,346.0,5.0,6.45;3.56;1.98;1.275;1.0,6.15,"3,273",,Diesel,,"{""length_mm"": {""line"": 17875, ""text"": ""длина                              7030                  6425""}, ""width_mm"": {""line"": 17876, ""text"": ""ширина                             2330                  2330""}, ""height_mm"": {""line"": 17877, ""text"": ""высота                          3150/2810*               3100""}, ""wheelbase_mm"": {""line"": 17878, ""text"": ""База, мм                                   4250                  3650""}, ""engine_displacement_cc"": {""line"": 17891, ""text"": ""рабочий объем, см3               4750""}}"
27951,"N2, N3",4x2,6325.0,2250.0,3125.0,3650.0,3625.0,6950.0,3325.0,2350.0,4900.0,4750.0,77.0,346.0,5.0,6.45;3.56;1.98;1.275;1.0,6.15,"3,273",225/75R16,Diesel,,"{""length_mm"": {""line"": 18057, ""text"": ""длина                           6325                        7325""}, ""width_mm"": {""line"": 18058, ""text"": ""ширина                          2250                        2250""}, ""height_mm"": {""line"": 18059, ""text"": ""высота                          3125                        3125""}, ""wheelbase_mm"": {""line"": 18060, ""text"": ""База, мм                                3650                        4250""}, ""engine_displacement_cc"": {""line"": 18081, ""text"": ""рабочий объем, см              4750""}}"
Урал 4320 (двигатель ЯМЗ-236М2),"N2, N3",6x6,7381.0,2500.0,2715.0,3525.0,8745.0,14095.0,5350.0,,,11150.0,132.0,667.0,5.0,5.22;2.9;1.52;1.0;0.66,5.22,"6,7 или 7,32",12.00R20,Diesel,1400.0,"{""length_mm"": {""line"": 18256, ""text"": ""длина                         7381             7375             7615""}, ""width_mm"": {""line"": 18257, ""text"": ""ширина                        2500             2500             2500""}, ""height_mm"": {""line"": 18258, ""text"": ""высота (по кабине)            2715             2715             2715""}, ""wheelbase_mm"": {""line"": 18259, ""text"": ""База, мм                                             3525+1400""}, ""rear_axle_spacing_mm"": {""line"": 18259, ""text"": ""База, мм                                             3525+1400""}, ""engine_displacement_cc"": {""line"": 18281, ""text"": ""рабочий объем, см               11150""}}"
Урал 4320 (двигатель ЯМЗ-238М2),"N2, N3",6x6,7588.0,2500.0,2805.0,3525.0,8750.0,15050.0,6300.0,,,14860.0,176.0,883.0,5.0,5.22;2.9;1.52;1.0;0.66,5.22,"6,7 или 7,32",12.00R20,Diesel,1400.0,"{""length_mm"": {""line"": 18480, ""text"": ""длина                        7588                  7865        9545""}, ""width_mm"": {""line"": 18481, ""text"": ""ширина                        2500                 2500        2500""}, ""height_mm"": {""line"": 18482, ""text"": ""высота (по кабине)            2805                 2805        2740""}, ""wheelbase_mm"": {""line"": 18483, ""text"": ""База, мм                                       3525+1400             4555+1400""}, ""rear_axle_spacing_mm"": {""line"": 18483, ""text"": ""База, мм                                       3525+1400             4555+1400""}, ""engine_displacement_cc"": {""line"": 18508, ""text"": ""рабочий объем, см3             14860""}}"
Урал 44202,,6x6,7017.0,2500.0,2735.0,3525.0,8320.0,16720.0,8400.0,,,14860.0,176.0,883.0,5.0,5.22;2.9;1.52;1.0;0.66,5.22,"6,7 или 7,32",12.00R20,Diesel,1400.0,"{""length_mm"": {""line"": 18690, ""text"": ""длина                              7017                   7350""}, ""width_mm"": {""line"": 18691, ""text"": ""ширина                             2500                   2500""}, ""height_mm"": {""line"": 18692, ""text"": ""высота                             2735                   2735""}, ""wheelbase_mm"": {""line"": 18693, ""text"": ""База, мм                                           3525+1400""}, ""rear_axle_spacing_mm"": {""line"": 18693, ""text"": ""База, мм                                           3525+1400""}, ""engine_displacement_cc"": {""line"": 18706, ""text"": ""рабочий объем, см3               14860""}}"
Iveco Daily 50,"N2, N3",4x2,5958.0,1996.0,2270.0,3000.0,1960.0,5200.0,3240.0,1900.0,3700.0,2798.0,78.0,250.0,6.0,6.766;4.018;2.549;1.745;1.286;1.0,6.16,"3,917",225/70R15,Diesel,,"{""length_mm"": {""line"": 18914, ""text"": ""длина                    5958          6568          7708      8558""}, ""width_mm"": {""line"": 18915, ""text"": ""ширина:""}, ""height_mm"": {""line"": 18918, ""text"": ""высота:""}, ""wheelbase_mm"": {""line"": 18921, ""text"": ""База, мм                            3000          3750          4350      4750""}, ""engine_displacement_cc"": {""line"": 18962, ""text"": ""рабочий объем, см3                                   2798""}}"
Iveco Daily 65,"N2, N3",4x2,5803.0,2060.0,2340.0,3450.0,2185.0,6500.0,,2300.0,5000.0,2800.0,107.0,320.0,6.0,6.77;4.02;2.55;1.75;1.29;1.0,6.16,"3,615",,Diesel,,"{""engine_displacement_cc"": {""line"": 19252, ""text"": ""рабочий объем, см              2800""}}"
MAN Р2000 / Е2000,"N2, N3",6x4,6350.0,2500.0,2900.0,2900.0,7300.0,21000.0,13700.0,6300.0,6000.0,11967.0,228.0,1500.0,16.0,1.055,,,"285/60R22,5",Diesel,,"{""length_mm"": {""line"": 19486, ""text"": ""длина                     6350-        6350-       6500-        6500-""}, ""width_mm"": {""line"": 19488, ""text"": ""ширина                                 2500""}, ""height_mm"": {""line"": 19489, ""text"": ""высота               2900-4000 2900-4000 2900-4000 2900-4000""}, ""wheelbase_mm"": {""line"": 19490, ""text"": ""База, мм                        2900-5700 2900-4600 3500-5200 2875-5300""}, ""engine_displacement_cc"": {""line"": 19556, ""text"": ""рабочий объем, см                                    11967""}}"
"Mercedes-Benz Т1N ""Зргт1ег""","N2, N3",4x4,5640.0,1933.0,2320.0,3550.0,2185.0,4600.0,2415.0,1750.0,3200.0,2148.0,60.0,200.0,5.0,4.89;2.53;1.48;1.0;0.78,4.58,,,Diesel,,"{""length_mm"": {""line"": 19974, ""text"": ""длина:""}, ""width_mm"": {""line"": 19980, ""text"": ""ширина:""}, ""height_mm"": {""line"": 19986, ""text"": ""высота:""}, ""wheelbase_mm"": {""line"": 19992, ""text"": ""База, мм                                 3550                       4025""}, ""engine_displacement_cc"": {""line"": 20040, ""text"": ""рабочий объем, см3                         2148                 2685      2295""}}"
Mercedes-Benz 1-КМ Atego,"N2, N3",4x4,6020.0,2550.0,2520.0,3020.0,3730.0,8000.0,4270.0,3400.0,5000.0,4249.0,1121.0,580.0,5.0,5.72;2.94;1.61;1.0;0.76,,,12.00R20,Diesel,,"{""height_mm"": {""line"": 20350, ""text"": ""высота                 2520-2565        2545-2575      2550-2580""}, ""engine_displacement_cc"": {""line"": 20453, ""text"": ""рабочий объем, см3                              4249                      6374""}}"
Mercedes-Benz 8КМ Ас!гоз/А!едо 8 (2-осные),,4x4,6775.0,2437.0,2938.0,3900.0,5525.0,18000.0,12475.0,7100.0,11500.0,11946.0,230.0,1530.0,,,,,315/60R22.5,Diesel,,"{""length_mm"": {""line"": 20850, ""text"": ""длина                            6775- 11010                 5817-6117""}, ""width_mm"": {""line"": 20851, ""text"": ""ширина                                      2437 - 2489""}, ""height_mm"": {""line"": 20852, ""text"": ""высота                         2938-4000                  2938 - 3320""}, ""wheelbase_mm"": {""line"": 20860, ""text"": ""База, мм                              3900      3600       3900      4500       4800""}, ""engine_displacement_cc"": {""line"": 20923, ""text"": ""рабочий объем, см                                    11946""}}"
Mercedes-Benz 8КМ Actros/ АТЕСО 3 (3-осные),"N2, N3",6x4,8213.0,2490.0,4000.0,3450.0,7500.0,25000.0,17500.0,7100.0,7100.0,6374.0,1.0,810.0,12.0,,,,315/60R22.5,Diesel,,"{""length_mm"": {""line"": 21489, ""text"": ""длина                    8213-       7275-       7760-       5970-""}, ""width_mm"": {""line"": 21491, ""text"": ""ширина                  2490-                 2482 - 2489""}, ""height_mm"": {""line"": 21493, ""text"": ""высота                   4000          2938 - 4000          2938-""}, ""wheelbase_mm"": {""line"": 21510, ""text"": ""База, мм                          3450      3150        4500     4500      4200""}, ""engine_displacement_cc"": {""line"": 21576, ""text"": ""рабочий объем, см3                                        6374""}}"
"Mercedes-Benz ЗКМ Ас*гоз (4140. 4148, 4157)","N2, N3",8x8,7897.0,2475.0,3123.0,4200.0,10120.0,41000.0,30880.0,,,11946.0,290.0,1850.0,16.0,,,,,Diesel,,"{""length_mm"": {""line"": 22043, ""text"": ""длина                    7897 - 8797 (шасси)          8250-    7897 - 8797""}, ""width_mm"": {""line"": 22046, ""text"": ""ширина      :                          2475 - 2550""}, ""height_mm"": {""line"": 22047, ""text"": ""высота                     3123-4000           3123-           3123-""}, ""wheelbase_mm"": {""line"": 22052, ""text"": ""База, мм                         4200      4200     4800   3900                4200""}, ""engine_displacement_cc"": {""line"": 22085, ""text"": ""рабочий объем, см3                           11946                    15928""}}"
Mercedes-Benz 8КМ Actros 48538,"N2, N3",8x4,7610.0,2500.0,3700.0,1630.0,13630.0,48000.0,34370.0,,,15928.0,390.0,2400.0,16.0,11.72;9.75;7.92;6.58;5.29;4.4;3.64;3.02;2.66;2.22;1.8;1.5;1.2;1.0;0.83;0.69,,,12.00R24,Diesel,,"{""length_mm"": {""line"": 22378, ""text"": ""длина                     7610""}, ""width_mm"": {""line"": 22379, ""text"": ""ширина                    2500""}, ""height_mm"": {""line"": 22380, ""text"": ""высота                    3700""}, ""wheelbase_mm"": {""line"": 22381, ""text"": ""База, мм                          1630/2200/1450""}, ""engine_displacement_cc"": {""line"": 22398, ""text"": ""рабочий объем цилиндров, см3      15928""}}"
Mercedes-Benz Axor,"N2, N3",4x2,5815.0,2490.0,3194.0,3600.0,6435.0,18000.0,11565.0,7100.0,11500.0,11967.0,260.0,1850.0,9.0,16.15;10.18;7.15;5.12;3.83;2.65;1.86;1.33;1.0,,,295/80R22.5,Diesel,,"{""length_mm"": {""line"": 22596, ""text"": ""длина                 5815-6115""}, ""width_mm"": {""line"": 22597, ""text"": ""ширина                2490""}, ""height_mm"": {""line"": 22598, ""text"": ""высота                3194-3520""}, ""wheelbase_mm"": {""line"": 22599, ""text"": ""База, мм                       3600 (№07944032...), 3900 ( №07944033... )""}, ""engine_displacement_cc"": {""line"": 22623, ""text"": ""рабочий объем, см3                                    11967""}}"
Mercedes-Benz Atego,"N2, N3",4x2,7020.0,2550.0,2655.0,3560.0,4750.0,13500.0,8750.0,4700.0,9300.0,4249.0,125.0,660.0,6.0,9.2;5.23;3.14;2.03;1.37;1.0,,,12.00R20,Diesel,,"{""length_mm"": {""line"": 22827, ""text"": ""длина                       7020, 8020,      6260      6176,     6015""}, ""width_mm"": {""line"": 22829, ""text"": ""ширина                      2550           2500          2441""}, ""height_mm"": {""line"": 22830, ""text"": ""высота                   2655 - 2745      2695-       2870 - 2930""}, ""wheelbase_mm"": {""line"": 22832, ""text"": ""База, мм                            3560, 4160,      3260      3260,     3260""}, ""engine_displacement_cc"": {""line"": 22950, ""text"": ""рабочий объем, см3                       4249                      6374""}}"
Mercedes-Benz 5КЗ,"N2, N3",6x6,7115.0,2489.0,3100.0,4100.0,9365.0,26000.0,16635.0,7100.0,,14618.0,280.0,1850.0,16.0,11.88;10.09;8.24;6.99;5.83;4.95;4.2;3.57;2.83,,,,Diesel,,"{""length_mm"": {""line"": 23279, ""text"": ""длина                    7115-9995       7760 - 9380     5970 - 7320""}, ""width_mm"": {""line"": 23280, ""text"": ""ширина                   2489            2500             2489""}, ""height_mm"": {""line"": 23281, ""text"": ""высота                3100-4000       3060 - 3500     3110-3400""}, ""wheelbase_mm"": {""line"": 23282, ""text"": ""База, мм                         4100-5200 +    3300 - 3900 +    3200 - 3900 +""}, ""engine_displacement_cc"": {""line"": 23316, ""text"": ""рабочий объем, см3                      14618                     12763""}}"
Scania 94.114.124.164,"N2, N3",4x4,5540.0,2500.0,2705.0,3300.0,5880.0,18200.0,12320.0,6700.0,11500.0,8970.0,228.0,1355.0,8.0,9.15;6.32;4.69;3.75;2.44;1.68;1.25;1.0,,,"275/80R22,5",Diesel,,"{""length_mm"": {""line"": 23584, ""text"": ""длина                    5540 - 12000""}, ""width_mm"": {""line"": 23585, ""text"": ""ширина                 2500""}, ""height_mm"": {""line"": 23586, ""text"": ""высота                 2705 - 4000""}, ""wheelbase_mm"": {""line"": 23587, ""text"": ""База, мм                          3300 - 6300""}, ""engine_displacement_cc"": {""line"": 23615, ""text"": ""рабочий объем, см\""                8970                       10640""}}"
Scania 114. 124. 164,"N2, N3",,,,,,,,,,,,,,,,,,,,,{}
Scania 114. 124. 164 (cont.),"N2, N3",6x6,5865.0,2500.0,2720.0,2745.0,6800.0,24300.0,17500.0,6700.0,,10640.0,250.0,1600.0,8.0,10.1;7.1;5.09;3.75;2.69;1.89;1.36;1.0,,,"275/80R22,5",Diesel,,"{""length_mm"": {""line"": 24085, ""text"": ""длина                     5865 - 12000""}, ""width_mm"": {""line"": 24086, ""text"": ""ширина                    2500""}, ""height_mm"": {""line"": 24087, ""text"": ""высота                    2720 - 4000""}, ""wheelbase_mm"": {""line"": 24088, ""text"": ""База, мм                          2745 - 6300 + 1230 или 1305 или 1350 или 1355""}, ""engine_displacement_cc"": {""line"": 24119, ""text"": ""рабочий объем, см3                               10640""}}"
Tatra Т815,"N2, N3",6x6,7200.0,2500.0,3020.0,3440.0,12100.0,28500.0,16400.0,7500.0,,12667.0,230.0,1400.0,5.0,9.359;5.233;2.949;1.675;0.952,8.104,"3,385",815-260R24,Diesel,,"{""length_mm"": {""line"": 24525, ""text"": ""длина '\""••                              7200 - 7670    7450 - 10250    7040 - 7600""}, ""width_mm"": {""line"": 24526, ""text"": ""ширина              г                  2500            2500            2500""}, ""height_mm"": {""line"": 24527, ""text"": ""высота                              3020-3140          3140        3100-3140""}, ""wheelbase_mm"": {""line"": 24528, ""text"": ""База, мм                                        3440 - 3550    3700 - 4500        3440""}, ""engine_displacement_cc"": {""line"": 24565, ""text"": ""рабочий объем, см3                                      12667""}}"
Tatra Т163,"N2, N3",6x6,7830.0,2500.0,3320.0,3700.0,13200.0,30000.0,16800.0,7500.0,,12667.0,255.0,1570.0,5.0,7.988;4.133;2.445;1.53;0.956,6.968,"3,385",12.00R24,Diesel,1320.0,"{""length_mm"": {""line"": 24761, ""text"": ""длина                    7830 - 8475""}, ""width_mm"": {""line"": 24762, ""text"": ""ширина                   2500""}, ""height_mm"": {""line"": 24763, ""text"": ""высота                   3320 - 3420""}, ""wheelbase_mm"": {""line"": 24764, ""text"": ""База, мм                         3700+ 1320- 1450""}, ""rear_axle_spacing_mm"": {""line"": 24764, ""text"": ""База, мм                         3700+ 1320- 1450""}, ""engine_displacement_cc"": {""line"": 24777, ""text"": ""рабочий объем, см3               12667""}}"
Tatra Т815 (мод. 25А801),"N2, N3",6x6,7395.0,2500.0,3020.0,3550.0,13000.0,30000.0,17000.0,7500.0,,12667.0,230.0,1400.0,5.0,,,"3,385",815-270R24,Diesel,1320.0,"{""length_mm"": {""line"": 24976, ""text"": ""длина                    7395 - 7570         7600          10280""}, ""width_mm"": {""line"": 24977, ""text"": ""ширина                   2500             2500           2500""}, ""height_mm"": {""line"": 24978, ""text"": ""высота                    3020            3100        3140-4000""}, ""wheelbase_mm"": {""line"": 24979, ""text"": ""База, мм                           3550+1320      3440+1450      4500+1450""}, ""rear_axle_spacing_mm"": {""line"": 24979, ""text"": ""База, мм                           3550+1320      3440+1450      4500+1450""}, ""engine_displacement_cc"": {""line"": 25008, ""text"": ""рабочий объем, см                                       12667""}}"
Tatra Т163 (мод. 36А8К4),"N2, N3",6x6,7830.0,2500.0,3320.0,3700.0,13200.0,30000.0,16800.0,7500.0,,12667.0,255.0,1570.0,5.0,,,"3,385",12.00R24,Diesel,1320.0,"{""length_mm"": {""line"": 25209, ""text"": ""длина                    7830 - 8475                    8475""}, ""width_mm"": {""line"": 25210, ""text"": ""ширина                      2500                        2500""}, ""height_mm"": {""line"": 25211, ""text"": ""высота                   3320 - 3420                    3420""}, ""wheelbase_mm"": {""line"": 25212, ""text"": ""База, мм                         3700+1320-1450                 4090 + 1450""}, ""rear_axle_spacing_mm"": {""line"": 25212, ""text"": ""База, мм                         3700+1320-1450                 4090 + 1450""}, ""engine_displacement_cc"": {""line"": 25228, ""text"": ""рабочий объем, см3                                  12667""}}"
