prototype_id,source_dataset,vehicle_kind,brand,model,year,variant_name,trim,segment,body_type,axle_count_estimate,axle_layout,drive_layout,fuel_type,engine_type,cubic_capacity_cc,cylinders,aspiration,cylinder_config,power_kw,power_hp,torque_nm,transmission_type,transmission_model,gears,curb_weight_kg,gvw_kg,gcw_kg,payload_capacity_kg,max_towing_kg,length_mm,width_mm,height_mm,wheelbase_mm,track_width_mm,top_speed_kmh,acceleration_0_100_s,gradeability_pct,fuel_consumption_combined,co2_emissions_gkm,doors,seats,fuel_tank_l,battery_capacity_kwh,range_km,charging_power_kw,price_eur,safety_rating,source_file,source_row,source_url,data_source,last_updated,notes
car-0002,vehicle_data_sample,car,Alfa Romeo,Giulia,2020.0,2020 Alfa Romeo Giulia 2.0T 280hp Veloce specs,2.0T 280hp Veloce,Sedan,"4-doors, sedan",2.0,2-axle,RWD,gasoline,Inline 4-cylinder naturally aspirated gasoline,1995.0,4.0,naturally aspirated,Inline,206.0,280.0,400.0,automatic,,8.0,1404.0,,,,,4650.0,1860.0,1436.0,2820.0,1591.0,240.0,5.7,,10.0,144.0,4.0,5.0,,,,,61370.0,5.0,vehicle_data_sample.csv,2,,,,
car-0004,vehicle_data_sample,car,Audi,e-tron Sportback,2020.0,2020 Audi E-tron Sportback 50 Quattro Business Edition Plus specs,50 Quattro Business Edition Plus,SUV,"5-doors, suv/crossover",2.0,2-axle,AWD,electric,electric motor,,,,,230.0,313.0,540.0,automatic,,,2375.0,,,,,4901.0,1935.0,1618.0,2928.0,1670.0,190.0,6.8,,0.0,0.0,5.0,5.0,,,,,74350.0,5.0,vehicle_data_sample.csv,4,,,,NHTSA CVS 2020 Audi
car-0003,vehicle_data_sample,car,Audi,e-tron Sportback,2020.0,2020 Audi E-tron Sportback 50 Quattro Business Edition specs,50 Quattro Business Edition,SUV,"5-doors, suv/crossover",2.0,2-axle,AWD,electric,electric motor,,,,,230.0,313.0,540.0,automatic,,,2375.0,,,,,4901.0,1935.0,1618.0,2928.0,1670.0,190.0,6.8,,0.0,0.0,5.0,5.0,,,,,69850.0,5.0,vehicle_data_sample.csv,3,,,,NHTSA CVS 2020 Audi
car-0006,vehicle_data_sample,car,BMW,5 series,2020.0,2020 BMW 530e specs,530e,Sedan,"4-doors, sedan",2.0,2-axle,RWD,gasoline,plugin hybrid,1998.0,4.0,naturally aspirated,Inline,215.0,292.0,420.0,automatic,,8.0,1810.0,,,,,4963.0,1868.0,1483.0,2975.0,1620.0,235.0,5.9,,17.0,39.0,4.0,5.0,,,,,63059.0,5.0,vehicle_data_sample.csv,6,,,,NHTSA CVS 2020 BMW
car-0005,vehicle_data_sample,car,BMW,5 series,2020.0,2020 BMW M550i XDrive specs,M550i XDrive,Sedan,"4-doors, sedan",2.0,2-axle,AWD,gasoline,V 8-cylinder naturally aspirated gasoline,4395.0,8.0,naturally aspirated,V,390.0,530.0,750.0,automatic,,8.0,1890.0,,,,,4972.0,1868.0,1467.0,2975.0,1620.0,250.0,3.8,,9.7,221.0,4.0,5.0,,,,,134789.0,5.0,vehicle_data_sample.csv,5,,,,NHTSA CVS 2020 BMW
car-0007,vehicle_data_sample,car,Ferrari,F8 Spider,2020.0,2020 Ferrari F8 Spider specs,specs,Convertible,"2-doors, convertible",2.0,2-axle,RWD,gasoline,V 8-cylinder naturally aspirated gasoline,3902.0,8.0,naturally aspirated,V,529.0,720.0,770.0,automatic,,7.0,1400.0,,,,,4611.0,1979.0,1206.0,2650.0,1665.0,340.0,2.9,,10.0,232.0,2.0,4.0,,,,,321350.0,,vehicle_data_sample.csv,7,,,,NHTSA CVS 2020 Ferrari
car-0008,vehicle_data_sample,car,Ferrari,SF90 Stradale,2020.0,2020 Ferrari SF90 Stradale specs,specs,Coupe,"2-doors, coupé",2.0,2-axle,AWD,gasoline,plugin hybrid,3990.0,8.0,naturally aspirated,V,735.0,1000.0,800.0,automatic,,8.0,1570.0,,,,,4710.0,1972.0,1186.0,2650.0,1665.0,340.0,2.5,,10.0,232.0,2.0,4.0,,,,,455827.0,,vehicle_data_sample.csv,8,,,,NHTSA CVS 2020 Ferrari
car-0010,vehicle_data_sample,car,Ford,Puma,2020.0,2020 Ford Puma 1.0 EcoBoost 125hp ST-Line specs,1.0 EcoBoost 125hp ST-Line,SUV,"5-doors, suv/crossover",2.0,2-axle,AWD,gasoline,Inline 3-cylinder turbocharged gasoline,998.0,3.0,turbocharged,Inline,92.0,125.0,170.0,automatic,,7.0,1205.0,,,,,4186.0,1805.0,1550.0,2588.0,1541.5,191.0,10.0,,4.5,110.0,5.0,5.0,,,,,29355.0,,vehicle_data_sample.csv,10,,,,
car-0009,vehicle_data_sample,car,Ford,Puma,2020.0,2020 Ford Puma 1.0 EcoBoost 125hp Titanium X specs,1.0 EcoBoost 125hp Titanium X,SUV,"5-doors, suv/crossover",2.0,2-axle,AWD,gasoline,Inline 3-cylinder turbocharged gasoline,998.0,3.0,turbocharged,Inline,92.0,125.0,170.0,automatic,,7.0,1205.0,,,,,4186.0,1805.0,1550.0,2588.0,1541.5,191.0,10.0,,4.5,110.0,5.0,5.0,,,,,30305.0,,vehicle_data_sample.csv,9,,,,
car-0011,vehicle_data_sample,car,Honda,e,2020.0,2020 Honda E Advance specs,Advance,Hatchback,"3-doors, hatchback",2.0,2-axle,RWD,electric,electric motor,,,,,113.0,154.0,315.0,automatic,,,1525.0,,,,,3894.0,1752.0,1512.0,2530.0,1685.0,145.0,9.5,,0.0,0.0,3.0,5.0,,,,,37500.0,,vehicle_data_sample.csv,11,,,,NHTSA CVS 2020 Honda
car-0012,vehicle_data_sample,car,Honda,e,2020.0,2020 Honda E specs,specs,Hatchback,"3-doors, hatchback",2.0,2-axle,RWD,electric,electric motor,,,,,100.0,136.0,315.0,automatic,,,1525.0,,,,,3894.0,1752.0,1512.0,2530.0,1685.0,145.0,9.5,,0.0,0.0,3.0,5.0,,,,,34500.0,,vehicle_data_sample.csv,12,,,,NHTSA CVS 2020 Honda
car-0013,vehicle_data_sample,car,Hyundai,i20,2020.0,2020 Hyundai I20 1.2 MPI Comfort specs,1.2 MPI Comfort,Hatchback,"5-doors, hatchback",2.0,2-axle,FWD,gasoline,Inline 4-cylinder naturally aspirated gasoline,1197.0,4.0,naturally aspirated,Inline,62.0,84.0,118.0,manual,,5.0,988.0,,,,,4040.0,1775.0,1450.0,2580.0,1553.5,173.0,13.1,,10.0,232.0,5.0,5.0,,,,,18847.0,,vehicle_data_sample.csv,13,,,,
car-0014,vehicle_data_sample,car,Hyundai,i30,2020.0,2020 Hyundai I30 1.5 T-GDI 48V N Line Sky specs,1.5 T-GDI 48V N Line Sky,Hatchback,"5-doors, hatchback",2.0,2-axle,FWD,gasoline,Inline 4-cylinder naturally aspirated gasoline,1482.0,4.0,naturally aspirated,Inline,118.0,160.0,253.0,automatic,,7.0,1344.0,,,,,4340.0,1795.0,1453.0,2650.0,1563.5,210.0,8.6,,10.0,232.0,5.0,5.0,,,,,34997.0,,vehicle_data_sample.csv,14,,,,
car-0015,vehicle_data_sample,car,Jaguar,E-Pace,2020.0,2020 Jaguar E-Pace P160 R-Dynamic HSE specs,P160 R-Dynamic HSE,SUV,"5-doors, suv/crossover",2.0,2-axle,AWD,gasoline,Inline 3-cylinder naturally aspirated gasoline,1498.0,3.0,naturally aspirated,Inline,118.0,160.0,260.0,automatic,,9.0,1783.0,,,,,4395.0,1984.0,1648.0,2681.0,1625.0,197.0,10.3,,10.0,232.0,5.0,5.0,,,,,67521.0,5.0,vehicle_data_sample.csv,15,,,,NHTSA CVS 2020 Jaguar
car-0017,vehicle_data_sample,car,Kia,Picanto,2020.0,2020 Kia Picanto 1.0 DPi DynamicLine 4-zits specs,1.0 DPi DynamicLine 4-zits,Hatchback,"5-doors, hatchback",2.0,2-axle,FWD,gasoline,Inline 3-cylinder naturally aspirated gasoline,998.0,3.0,naturally aspirated,Inline,49.0,67.0,96.0,automatic,,5.0,877.0,,,,,3595.0,1595.0,1485.0,2400.0,1398.5,159.0,17.2,,10.0,232.0,5.0,4.0,,,,,15915.0,,vehicle_data_sample.csv,17,,,,
car-0016,vehicle_data_sample,car,Kia,Picanto,2020.0,2020 Kia Picanto 1.0 DPi DynamicLine 5-zits specs,1.0 DPi DynamicLine 5-zits,Hatchback,"5-doors, hatchback",2.0,2-axle,FWD,gasoline,Inline 3-cylinder naturally aspirated gasoline,998.0,3.0,naturally aspirated,Inline,49.0,67.0,96.0,manual,,5.0,878.0,,,,,3595.0,1595.0,1485.0,2400.0,1398.5,161.0,14.6,,10.0,232.0,5.0,5.0,,,,,15615.0,,vehicle_data_sample.csv,16,,,,
car-0018,vehicle_data_sample,car,Lamborghini,Aventador,2017.0,2017 Lamborghini Aventador S specs,S,Coupe,"2-doors, coupé",2.0,2-axle,AWD,gasoline,V 12-cylinder naturally aspirated gasoline,6498.0,12.0,naturally aspirated,V,515.0,700.0,690.0,automatic,,7.0,1575.0,,,,,4800.0,2030.0,1136.0,2700.0,1645.0,350.0,2.9,,16.9,394.0,2.0,2.0,,,,,459531.0,,vehicle_data_sample.csv,18,,,,NHTSA CVS 2017 Lamborghini
car-0019,vehicle_data_sample,car,Lamborghini,Urus,2018.0,2018 Lamborghini Urus specs,specs,SUV,"5-doors, suv/crossover",2.0,2-axle,AWD,gasoline,V 8-cylinder naturally aspirated gasoline,3996.0,8.0,naturally aspirated,V,478.0,650.0,850.0,automatic,,8.0,2200.0,,,,,5112.0,2016.0,1638.0,3003.0,1700.0,305.0,3.6,,12.3,279.0,5.0,4.0,,,,,278844.0,,vehicle_data_sample.csv,19,,,,NHTSA CVS 2018 Lamborghini
car-0020,vehicle_data_sample,car,Land Rover,Range Rover Velar,2020.0,2020 Land Rover Range Rover Velar P400 SE specs,P400 SE,SUV,"5-doors, suv/crossover",2.0,2-axle,AWD,gasoline,V 6-cylinder naturally aspirated gasoline,2995.0,6.0,naturally aspirated,V,294.0,400.0,550.0,automatic,,8.0,2085.0,,,,,4797.0,1950.0,1683.0,2874.0,1650.0,250.0,5.5,,10.0,232.0,5.0,5.0,,,,,111012.0,5.0,vehicle_data_sample.csv,20,,,,NHTSA CVS 2020 Land Rover
car-0021,vehicle_data_sample,car,Lexus,RX,2019.0,2019 Lexus RX 450h Business Line specs,450h Business Line,SUV,"5-doors, suv/crossover",2.0,2-axle,AWD,gasoline,hybrid,3456.0,6.0,naturally aspirated,V,230.0,313.0,335.0,automatic,,,2075.0,,,,,4890.0,1895.0,1685.0,2790.0,1635.0,200.0,7.7,,5.8,132.0,5.0,5.0,,,,,76150.0,,vehicle_data_sample.csv,21,,,,NHTSA CVS 2019 Lexus
car-0022,vehicle_data_sample,car,Lexus,RX,2019.0,2019 Lexus RX 450h Executive Line specs,450h Executive Line,SUV,"5-doors, suv/crossover",2.0,2-axle,AWD,gasoline,hybrid,3456.0,6.0,naturally aspirated,V,230.0,313.0,335.0,automatic,,,2075.0,,,,,4890.0,1895.0,1685.0,2790.0,1635.0,200.0,7.7,,5.9,134.0,5.0,5.0,,,,,84850.0,,vehicle_data_sample.csv,22,,,,NHTSA CVS 2019 Lexus
car-0023,vehicle_data_sample,car,Mazda,MX-30,2020.0,2020 Mazda MX-30 First Edition specs,First Edition,SUV,"5-doors, suv/crossover",2.0,2-axle,FWD,electric,electric motor,,,,,107.0,145.0,265.0,automatic,,,1620.0,,,,,4395.0,1795.0,1570.0,2665.0,1565.0,140.0,9.7,,0.0,0.0,5.0,5.0,,,,,33100.0,,vehicle_data_sample.csv,23,,,,
car-0024,vehicle_data_sample,car,Mazda,MX-30,2020.0,2020 Mazda MX-30 Luxury specs,Luxury,SUV,"5-doors, suv/crossover",2.0,2-axle,FWD,electric,electric motor,,,,,105.0,141.0,265.0,automatic,,,1620.0,,,,,4395.0,1795.0,1570.0,2665.0,1565.0,140.0,9.7,,0.0,0.0,5.0,5.0,,,,,38100.0,,vehicle_data_sample.csv,24,,,,
car-0025,vehicle_data_sample,car,Mercedes,E-class,2020.0,2020 Mercedes-Benz E 200 specs,-Benz E 200,Sedan,"4-doors, sedan",2.0,2-axle,RWD,gasoline,Inline 4-cylinder naturally aspirated gasoline,1991.0,4.0,naturally aspirated,Inline,145.0,197.0,320.0,automatic,,9.0,1600.0,,,,,4935.0,1852.0,1468.0,2939.0,1590.0,240.0,7.5,,10.0,232.0,4.0,5.0,,,,,58787.0,5.0,vehicle_data_sample.csv,25,,,,NHTSA CVS 2020 Mercedes
car-0026,vehicle_data_sample,car,Mercedes,E-class,2020.0,2020 Mercedes-Benz E 300 specs,-Benz E 300,Sedan,"4-doors, sedan",2.0,2-axle,RWD,gasoline,Inline 4-cylinder naturally aspirated gasoline,1991.0,4.0,naturally aspirated,Inline,190.0,258.0,370.0,automatic,,9.0,1630.0,,,,,4935.0,1852.0,1468.0,2939.0,1590.0,250.0,6.2,,10.0,232.0,4.0,5.0,,,,,66614.0,5.0,vehicle_data_sample.csv,26,,,,NHTSA CVS 2020 Mercedes
car-0027,vehicle_data_sample,car,Nissan,Juke,2019.0,2019 Nissan Juke DIG-T 117 Acenta specs,DIG-T 117 Acenta,SUV,"5-doors, suv/crossover",2.0,2-axle,FWD,gasoline,Inline 3-cylinder naturally aspirated gasoline,999.0,3.0,naturally aspirated,Inline,86.0,117.0,180.0,automatic,,7.0,1157.0,,,,,4210.0,1800.0,1595.0,2636.0,1556.0,180.0,11.1,,4.8,110.0,5.0,5.0,,,,,27040.0,5.0,vehicle_data_sample.csv,27,,,,
car-0028,vehicle_data_sample,car,Porsche,Panamera,2020.0,2020 Porsche Panamera GTS specs,GTS,Hatchback,"5-doors, hatchback",2.0,2-axle,AWD,gasoline,V 8-cylinder naturally aspirated gasoline,3996.0,8.0,naturally aspirated,V,353.0,480.0,620.0,automatic,,8.0,1995.0,,,,,5053.0,1937.0,1417.0,2950.0,1640.0,300.0,3.9,,10.0,232.0,5.0,4.0,,,,,193463.0,,vehicle_data_sample.csv,28,,,,NHTSA CVS 2020 Porsche
car-0029,vehicle_data_sample,car,Porsche,Panamera,2020.0,2020 Porsche Panamera Turbo S specs,Turbo S,Hatchback,"5-doors, hatchback",2.0,2-axle,AWD,gasoline,V 8-cylinder turbocharged gasoline,3996.0,8.0,turbocharged,V,363.0,630.0,820.0,automatic,,8.0,2055.0,,,,,5049.0,1937.0,1427.0,2950.0,1655.0,315.0,3.1,,10.0,232.0,5.0,4.0,,,,,243863.0,,vehicle_data_sample.csv,29,,,,NHTSA CVS 2020 Porsche
car-0030,vehicle_data_sample,car,Subaru,Forester,2019.0,2019 Subaru Forester 2.0i E-BOXER Comfort specs,2.0i E-BOXER Comfort,SUV,"5-doors, suv/crossover",2.0,2-axle,AWD,gasoline,hybrid,1995.0,4.0,naturally aspirated,Flat,110.0,150.0,194.0,automatic,,,1631.0,,,,,4595.0,1795.0,1735.0,2640.0,1570.0,188.0,11.8,,6.7,154.0,5.0,5.0,,,,,47396.0,5.0,vehicle_data_sample.csv,30,,,,NHTSA CVS 2019 Subaru
car-0031,vehicle_data_sample,car,Tesla,Model Y,2021.0,2021 Tesla Model Y Long Range AWD specs,Long Range AWD,Sedan,"5-doors, sedan",2.0,2-axle,AWD,electric,electric motor,,,,,258.0,351.0,527.0,automatic,,,1950.0,,,,,4751.0,1921.0,1624.0,2890.0,1640.0,217.0,5.1,,0.0,0.0,5.0,5.0,,,,,64000.0,5.0,vehicle_data_sample.csv,31,,,,NHTSA CVS 2021 Tesla
car-0032,vehicle_data_sample,car,Tesla,Model Y,2021.0,2021 Tesla Model Y Performance AWD specs,Performance AWD,Sedan,"5-doors, sedan",2.0,2-axle,AWD,electric,electric motor,,,,,340.0,462.0,639.0,automatic,,,1950.0,,,,,4751.0,1921.0,1624.0,2890.0,1640.0,241.0,3.7,,0.0,0.0,5.0,5.0,,,,,70000.0,5.0,vehicle_data_sample.csv,32,,,,NHTSA CVS 2021 Tesla
car-0033,vehicle_data_sample,car,Toyota,C-HR,2020.0,2020 Toyota C-HR 1.2T Active specs,1.2T Active,SUV,"5-doors, suv/crossover",2.0,2-axle,FWD,gasoline,Inline 4-cylinder naturally aspirated gasoline,1197.0,4.0,naturally aspirated,Inline,85.0,116.0,185.0,manual,,6.0,1350.0,,,,,4390.0,1795.0,1565.0,2640.0,1560.0,190.0,10.9,,6.1,138.0,5.0,5.0,,,,,27450.0,5.0,vehicle_data_sample.csv,33,,,,NHTSA CVS 2020 Toyota
car-0034,vehicle_data_sample,car,Toyota,C-HR,2020.0,2020 Toyota C-HR 1.2T Dynamic specs,1.2T Dynamic,SUV,"5-doors, suv/crossover",2.0,2-axle,FWD,gasoline,Inline 4-cylinder naturally aspirated gasoline,1197.0,4.0,naturally aspirated,Inline,85.0,116.0,185.0,manual,,6.0,1350.0,,,,,4390.0,1795.0,1565.0,2640.0,1560.0,190.0,10.9,,6.1,138.0,5.0,5.0,,,,,29650.0,5.0,vehicle_data_sample.csv,34,,,,NHTSA CVS 2020 Toyota
car-0035,vehicle_data_sample,car,Volkswagen,Golf,2020.0,2020 Volkswagen Golf 1.4 EHybrid 245hp GTE specs,1.4 EHybrid 245hp GTE,Hatchback,"5-doors, hatchback",2.0,2-axle,FWD,gasoline,plugin hybrid,1395.0,4.0,naturally aspirated,Inline,180.0,245.0,400.0,automatic,,6.0,1624.0,,,,,4287.0,1789.0,1484.0,2630.0,1535.0,225.0,6.7,,17.0,38.0,5.0,5.0,,,,,41465.0,5.0,vehicle_data_sample.csv,35,,,,NHTSA CVS 2020 Volkswagen
car-0036,vehicle_data_sample,car,Volkswagen,Up,2020.0,2020 Volkswagen Up 1.0 R-Line specs,1.0 R-Line,Hatchback,"5-doors, hatchback",2.0,2-axle,FWD,gasoline,Inline 3-cylinder naturally aspirated gasoline,999.0,3.0,naturally aspirated,Inline,48.0,65.0,91.0,manual,,5.0,891.0,,,,,3600.0,1641.0,1504.0,2407.0,1565.0,163.0,15.6,,10.0,232.0,5.0,4.0,,,,,17550.0,5.0,vehicle_data_sample.csv,36,,,,NHTSA CVS 2020 Volkswagen
car-0037,vehicle_data_sample,car,Volvo,V90,2020.0,2020 Volvo V90 T8 Recharge AWD Inscription specs,T8 Recharge AWD Inscription,Wagon,"5-doors, station wagon",2.0,2-axle,AWD,gasoline,plugin hybrid,1969.0,4.0,naturally aspirated,Inline,287.0,400.0,640.0,automatic,,8.0,2000.0,,,,,4945.0,1890.0,1478.0,2941.0,1630.0,180.0,5.3,,19.0,40.0,5.0,5.0,,,,,71675.0,,vehicle_data_sample.csv,37,,,,NHTSA CVS 2020 Volvo
car-0038,vehicle_data_sample,car,Volvo,V90,2020.0,2020 Volvo V90 T8 Recharge AWD R-Design specs,T8 Recharge AWD R-Design,Wagon,"5-doors, station wagon",2.0,2-axle,AWD,gasoline,plugin hybrid,1969.0,4.0,naturally aspirated,Inline,287.0,400.0,640.0,automatic,,8.0,2000.0,,,,,4945.0,1890.0,1478.0,2941.0,1630.0,180.0,5.3,,19.0,40.0,5.0,5.0,,,,,72675.0,,vehicle_data_sample.csv,38,,,,NHTSA CVS 2020 Volvo
moto-0002,motorcycle_data_sample,motorcycle,Aprilia,RS-GP,2021.0,Aprilia motorcycles Aprilia RS-GP 2021,,,,,,,gasoline,"V4, four-stroke",999.0,,naturally aspirated,V4,186.1,255.0,115.0,manual,,6.0,160.0,,,,,2040.0,,,1420.0,,350.0,,,,,,,,,,,,,motorcycle_data_sample.csv,2,,bikez,2026-04-04T11:32:06.754747,track width not applicable for motorcycles
moto-0003,motorcycle_data_sample,motorcycle,BMW,450 Sports Enduro,2008.0,BMW BMW 450 Sports Enduro 2008,,,,,,,gasoline,"Single cylinder, four-stroke",449.0,,naturally aspirated,Single,36.2,49.6,48.0,manual,,5.0,120.0,,,,,,,,,,,,,,,,,,,,,,,motorcycle_data_sample.csv,3,,bikez,2026-04-04T11:32:06.754747,track width not applicable for motorcycles
moto-0004,motorcycle_data_sample,motorcycle,BMW,K1200R,2007.0,BMW BMW K1200R 2007,,,,,,,gasoline,"In-line four, four-stroke",1157.0,,naturally aspirated,Inline-4,119.0,163.0,127.0,manual,,6.0,211.0,,,,,2228.0,,,1580.0,,,,,5.5,128.0,,,,,,,,,motorcycle_data_sample.csv,4,,bikez,2026-04-04T11:32:06.754747,track width not applicable for motorcycles
moto-0005,motorcycle_data_sample,motorcycle,BMW,R 1200 Independent,2001.0,BMW BMW R 1200 Independent 2001,,,,,,,gasoline,"Two cylinder boxer, four-stroke",1170.0,,naturally aspirated,Boxer,44.5,61.0,98.0,manual,,5.0,256.0,,,,,,,,1650.0,,172.0,,,,,,,,,,,,,motorcycle_data_sample.csv,5,,bikez,2026-04-04T11:32:06.754747,track width not applicable for motorcycles
moto-0006,motorcycle_data_sample,motorcycle,Ducati,Monster M750,1999.0,Ducati Ducati Monster M750 1999,,,,,,,gasoline,"V2, four-stroke",748.0,,naturally aspirated,,46.7,64.0,62.0,manual,,5.0,192.0,,,,,,,,1430.0,,195.0,,,6.8,158.0,,,,,,,,,motorcycle_data_sample.csv,6,,bikez,2026-04-04T11:32:06.754747,track width not applicable for motorcycles
moto-0007,motorcycle_data_sample,motorcycle,Ducati,Scrambler Tangerine Icon,2020.0,Ducati Ducati Scrambler Tangerine Icon 2020,,,,,,,gasoline,"V2, four-stroke",803.0,,naturally aspirated,,53.3,73.0,67.0,manual,,6.0,173.0,,,,,2200.0,855.0,1150.0,1445.0,,,,,5.0,116.0,,,,,,,,,motorcycle_data_sample.csv,7,,bikez,2026-04-04T11:32:06.754747,track width not applicable for motorcycles
moto-0008,motorcycle_data_sample,motorcycle,Ducati,V21L,2023.0,Ducati Ducati V21L 2023,,,,,,,electric,Electric,,,naturally aspirated,,107.7,147.5,140.0,,,,225.0,,,,,,,,1471.0,,275.0,,,,,,,,,,,,,motorcycle_data_sample.csv,8,,bikez,2026-04-04T11:32:06.754747,track width not applicable for motorcycles
moto-0009,motorcycle_data_sample,motorcycle,Harley-Davidson,Deluxe,,Harley-Davidson Harley-Davidson Deluxe,,,,,,,gasoline,Milwaukee-Eight® 107 engine,1746.0,,naturally aspirated,,62.8,86.0,145.0,manual,,6.0,303.0,,,,,2415.0,,,1631.0,,,,,5.5,128.0,,,,,,,,,motorcycle_data_sample.csv,9,,bikez,2026-04-04T11:32:06.754747,track width not applicable for motorcycles; year absent in source
moto-0010,motorcycle_data_sample,motorcycle,Harley-Davidson,Superlow 120T,,Harley-Davidson Harley-Davidson Superlow 120T,,,,,,,gasoline,Evolution® engine,1202.0,,naturally aspirated,,48.9,67.0,96.0,manual,,6.0,264.0,,,,,2210.0,,,1500.0,,,,,5.23,121.0,,,,,,,,,motorcycle_data_sample.csv,10,,bikez,2026-04-04T11:32:06.754747,track width not applicable for motorcycles; year absent in source
moto-0011,motorcycle_data_sample,motorcycle,Honda,CB 550 SC,1983.0,Honda Honda CB 550 SC 1983,,,,,,,gasoline,"In-line four, four-stroke",572.0,,naturally aspirated,Inline-4,54.7,75.0,49.5,manual,,6.0,206.0,,,,,,,,1440.0,,186.0,,,4.9,114.0,,,,,,,,,motorcycle_data_sample.csv,11,,bikez,2026-04-04T11:32:06.754747,track width not applicable for motorcycles
moto-0012,motorcycle_data_sample,motorcycle,Honda,CLR CityFly,2002.0,Honda Honda CLR CityFly 2002,,,,,,,gasoline,"Single cylinder, four-stroke",124.0,,naturally aspirated,Single,,11.0,10.2,manual,,5.0,119.0,,,,,,,,1380.0,,65.0,,,,,,,,,,,,,motorcycle_data_sample.csv,12,,bikez,2026-04-04T11:32:06.754747,track width not applicable for motorcycles
moto-0013,motorcycle_data_sample,motorcycle,Honda,V30 Magna,1984.0,Honda Honda V30 Magna 1984,,,,,,,gasoline,"V4, four-stroke",498.0,,naturally aspirated,V4,46.7,64.0,43.0,manual,,6.0,180.0,,,,,,,,1483.0,,197.0,,,5.19,120.0,,,,,,,,,motorcycle_data_sample.csv,13,,bikez,2026-04-04T11:32:06.754747,track width not applicable for motorcycles
moto-0015,motorcycle_data_sample,motorcycle,Indian,ME 100,1974.0,Indian motorcycles Indian ME 100 1974,,,,,,,gasoline,"Single cylinder, two-stroke",97.0,,naturally aspirated,Single,5.8,8.0,5.0,manual,,5.0,79.0,,,,,2057.0,,610.0,1270.0,,88.0,,,4.7,109.0,,,,,,,,,motorcycle_data_sample.csv,15,,bikez,2026-04-04T11:32:06.754747,track width not applicable for motorcycles
moto-0016,motorcycle_data_sample,motorcycle,KTM,620 EGS,1998.0,KTM KTM 620 EGS 1998,,,,,,,gasoline,"Single cylinder, four-stroke",609.0,,naturally aspirated,Single,36.5,50.0,60.0,manual,,5.0,131.0,,,,,,,,,,155.0,,,,,,,,,,,,,motorcycle_data_sample.csv,16,,bikez,2026-04-04T11:32:06.754747,track width not applicable for motorcycles
moto-0017,motorcycle_data_sample,motorcycle,KTM,Prestige,2006.0,KTM KTM Prestige 2006,,,,,,,gasoline,"Single cylinder, four-stroke",625.0,,naturally aspirated,Single,39.2,53.6,60.0,manual,,5.0,,,,,,,,,1510.0,,,,,,,,,,,,,,,motorcycle_data_sample.csv,17,,bikez,2026-04-04T11:32:06.754747,track width not applicable for motorcycles
moto-0018,motorcycle_data_sample,motorcycle,Kawasaki,KE-250,1977.0,Kawasaki Kawasaki KE-250 1977,,,,,,,gasoline,"Single cylinder, two-stroke",250.0,,naturally aspirated,Single,19.7,27.0,25.0,manual,,5.0,120.0,,,,,2189.0,,,,,128.0,,,,,,,,,,,,,motorcycle_data_sample.csv,18,,bikez,2026-04-04T11:32:06.754747,track width not applicable for motorcycles
moto-0019,motorcycle_data_sample,motorcycle,Kawasaki,Pulsar 200NS,2017.0,Kawasaki Kawasaki Pulsar 200NS 2017,,,,,,,gasoline,"Single cylinder, four-stroke",199.0,,naturally aspirated,Single,17.2,23.5,18.3,,,,151.0,,,,,2017.0,1075.0,804.0,1363.0,,135.0,,,,,,,,,,,,,motorcycle_data_sample.csv,19,,bikez,2026-04-04T11:32:06.754747,track width not applicable for motorcycles
moto-0020,motorcycle_data_sample,motorcycle,Kawasaki,VN 400 Classic,1996.0,Kawasaki Kawasaki VN 400 Classic 1996,,,,,,,gasoline,"V2, four-stroke",399.0,,naturally aspirated,,24.1,33.0,32.0,manual,,5.0,233.0,,,,,2370.0,930.0,1130.0,1605.0,,140.0,,,6.0,139.0,,,,,,,,,motorcycle_data_sample.csv,20,,bikez,2026-04-04T11:32:06.754747,track width not applicable for motorcycles
moto-0021,motorcycle_data_sample,motorcycle,Lifan,Camel 125,,Lifan motorcycles Lifan Camel 125,,,,,,,gasoline,,124.0,,naturally aspirated,,,11.5,9.2,manual,,5.0,122.0,,,,,2040.0,760.0,1060.0,1320.0,,93.0,,,2.1,49.0,,,,,,,,,motorcycle_data_sample.csv,21,,bikez,2026-04-04T13:41:17.163257,track width not applicable for motorcycles; year absent in source
moto-0022,motorcycle_data_sample,motorcycle,Lifan,Homas 150,,Lifan motorcycles Lifan Homas 150,,,,,,,gasoline,,158.0,,naturally aspirated,,,12.1,10.9,manual,,5.0,138.0,,,,,2060.0,760.0,1060.0,1320.0,,95.0,,,2.2,51.0,,,,,,,,,motorcycle_data_sample.csv,22,,bikez,2026-04-04T13:41:17.163257,track width not applicable for motorcycles; year absent in source
moto-0023,motorcycle_data_sample,motorcycle,Suzuki,GS150R,2014.0,Suzuki Suzuki GS150R 2014,,,,,,,gasoline,"Single cylinder, four-stroke",149.0,,naturally aspirated,Single,10.1,13.8,13.4,manual,,6.0,,,,,,2095.0,785.0,1120.0,1335.0,,,,,,,,,,,,,,,motorcycle_data_sample.csv,23,,bikez,2026-04-04T11:32:06.754747,track width not applicable for motorcycles
moto-0024,motorcycle_data_sample,motorcycle,Suzuki,RM 400 C,1978.0,Suzuki Suzuki RM 400 C 1978,,,,,,,gasoline,"Single cylinder, two-stroke",402.0,,naturally aspirated,Single,31.4,43.0,4.8,manual,,5.0,105.0,,,,,2140.0,885.0,1225.0,1450.0,,148.0,,,,,,,,,,,,,motorcycle_data_sample.csv,24,,bikez,2026-04-04T11:32:06.754747,track width not applicable for motorcycles
moto-0026,motorcycle_data_sample,motorcycle,Triumph,New Tiger 800,2011.0,Triumph Triumph New Tiger 800 2011,,,,,,,gasoline,"In-line three, four-stroke",799.0,,naturally aspirated,Inline-3,68.6,94.0,78.7,manual,,6.0,209.0,,,,,2212.0,795.0,1349.0,1554.0,,,,,,,,,,,,,,,motorcycle_data_sample.csv,26,,bikez,2026-04-04T11:32:06.754747,track width not applicable for motorcycles
moto-0027,motorcycle_data_sample,motorcycle,Triumph,Rocket X,2015.0,Triumph Triumph Rocket X 2015,,,,,,,gasoline,"In-line three, four-stroke",2294.0,,naturally aspirated,Inline-3,108.0,148.0,221.0,manual,,5.0,334.0,,,,,2500.0,970.0,1165.0,1695.0,,,,,8.11,188.0,,,,,,,,,motorcycle_data_sample.csv,27,,bikez,2026-04-04T11:32:06.754747,track width not applicable for motorcycles
moto-0028,motorcycle_data_sample,motorcycle,Triumph,Tiger,2000.0,Triumph Triumph Tiger 2000,,,,,,,gasoline,"In-line three, four-stroke",855.0,,naturally aspirated,Inline-3,63.5,87.0,85.0,manual,,6.0,215.0,,,,,,,,1550.0,,200.0,,,,,,,,,,,,,motorcycle_data_sample.csv,28,,bikez,2026-04-04T11:32:06.754747,track width not applicable for motorcycles
moto-0029,motorcycle_data_sample,motorcycle,Yamaha,GT80 B,1975.0,Yamaha Yamaha GT80 B 1975,,,,,,,gasoline,"Single cylinder, two-stroke",72.0,,naturally aspirated,Single,3.6,4.9,6.1,manual,,4.0,59.0,,,,,,,,,,91.0,,,,,,,,,,,,,motorcycle_data_sample.csv,29,,bikez,2026-04-04T11:32:06.754747,track width not applicable for motorcycles
moto-0030,motorcycle_data_sample,motorcycle,Yamaha,V-Max Hermes,2011.0,Yamaha Yamaha V-Max Hermes 2011,,,,,,,gasoline,"V4, four-stroke",1671.0,,naturally aspirated,V4,146.0,200.0,166.8,manual,,5.0,283.0,,,,,2395.0,820.0,1189.0,1699.0,,,,,8.71,202.0,,,,,,,,,motorcycle_data_sample.csv,30,,bikez,2026-04-04T11:32:06.754747,track width not applicable for motorcycles
moto-0031,motorcycle_data_sample,motorcycle,Yamaha,YX 600 Radian,1986.0,Yamaha Yamaha YX 600 Radian 1986,,,,,,,gasoline,"In-line four, four-stroke",599.0,,naturally aspirated,Inline-4,38.3,52.4,35.6,manual,,6.0,197.0,,,,,2075.0,770.0,1095.0,1385.0,,125.0,,,5.1,118.0,,,,,,,,,motorcycle_data_sample.csv,31,,bikez,2026-04-04T11:32:06.754747,track width not applicable for motorcycles
truck-0002,truck_data_sample,truck,DAF,CF-series,,DAF CF-series FAG 9.2TD (310 Hp),FAG 9.2TD (310 Hp),Medium,Chassis,6.0,6x2,6x2,diesel,,9186.0,6.0,turbocharged,,231.0,310.0,1275.0,Automated,ZF TraXon,12.0,,23476.0,,16476.0,,7000.0,2550.0,3350.0,3800.0,,90.0,,,29.5,782.0,,,,,,,,,truck_data_sample.csv,2,,car2db,2026-04-03T13:47:08.787610,payload derived from gvw - kerb; top speed from DAF CF series type-approval family listing; year absent in source
truck-0003,truck_data_sample,truck,DAF,CF-series,,DAF CF-series FAG 9.2TD (360 Hp),FAG 9.2TD (360 Hp),Medium,Chassis,6.0,6x2,6x2,diesel,,9200.0,6.0,turbocharged,,268.0,360.0,1450.0,Automated,ZF TraXon,12.0,,23476.0,,16476.0,,7000.0,2550.0,3350.0,3800.0,,90.0,,,29.5,782.0,,,,,,,,,truck_data_sample.csv,3,,car2db,2026-04-03T13:47:08.787610,payload derived from gvw - kerb; top speed from DAF CF series type-approval family listing; year absent in source
truck-0004,truck_data_sample,truck,DAF,CF85.430,,DAF CF85.430 FTT 12.6TD (430 Hp),FTT 12.6TD (430 Hp),Heavy,,6.0,6x4,6x4,diesel,diesel,12583.0,6.0,With intercooling,,319.2,428.0,1950.0,mechanical,,16.0,,28000.0,50000.0,20400.0,,6200.0,2550.0,3350.0,3800.0,,90.0,,,35.0,928.0,,,,,,,,,truck_data_sample.csv,4,https://truck-data.com/en/truck/DAF/CF85.430/FTT-12.6TD-(430-Hp)/42,truck-data.com,2026-04-04T14:15:24.643985,payload derived from gvw - kerb; top speed from DAF CF85.430 type-approval family listing; year absent in source; power_kw derived from power_hp
truck-0007,truck_data_sample,truck,Fiat,Doblo Cargo,,Fiat Doblo Cargo 1.2 MTJ (85 Hp),1.2 MTJ (85 Hp),Light,Diesel,,FWD,FWD,diesel,diesel,1248.0,4.0,,,63.4,85.0,200.0,,,5.0,,2020.0,,595.0,,4390.0,1722.0,1818.0,2583.0,,153.0,,,9.0,239.0,,,60.0,,,,,,truck_data_sample.csv,7,https://truck-data.com/en/light-truck/Fiat/Doblo-Cargo/1.2-MTJ-(85-Hp)/176,truck-data.com,2026-04-04T14:15:24.643985,payload derived from gvw - kerb; year absent in source; power_kw derived from power_hp
truck-0005,truck_data_sample,truck,Fiat,Doblo Cargo,,Fiat Doblo Cargo 1.3 JTD MultiJet (70 Hp),1.3 JTD MultiJet (70 Hp),Light,Van,,FWD,FWD,diesel,,1248.0,4.0,,,52.2,70.0,180.0,,,5.0,,1865.0,,555.0,,4390.0,1715.0,1800.0,2565.0,,150.0,,,9.0,239.0,,,60.0,,,,,,truck_data_sample.csv,5,https://truck-data.com/en/light-truck/Fiat/Doblo-Cargo/1.3-JTD-MultiJet-(70-Hp)/177,truck-data.com,2026-04-04T14:15:24.643985,payload derived from gvw - kerb; year absent in source; power_kw derived from power_hp
truck-0006,truck_data_sample,truck,Fiat,Doblo Cargo,,Fiat Doblo Cargo 1.4 8V (77 Hp),1.4 8V (77 Hp),Light,Van,,FWD,FWD,,,730.0,4.0,,,57.4,77.0,115.0,,,5.0,,1913.0,,723.0,,4390.0,1722.0,1831.0,2583.0,,148.0,,,7.4,196.0,,,60.0,,,,,,truck_data_sample.csv,6,https://truck-data.com/en/light-truck/Fiat/Doblo-Cargo/1.4-8V-(77-Hp)/178,truck-data.com,2026-04-04T14:15:24.643985,payload derived from gvw - kerb; year absent in source; power_kw derived from power_hp
truck-0008,truck_data_sample,truck,Ford,Tourneo Connect,,Ford Tourneo Connect 1.8 TDCi (75Hp),1.8 TDCi (75Hp),Light,Minibus,,FWD,FWD,diesel,diesel,1753.0,4.0,,,55.9,75.0,175.0,,,5.0,,2151.0,,663.0,,4418.0,1795.0,1814.0,2664.0,,140.0,,,10.0,265.0,,,60.0,,,,,,truck_data_sample.csv,8,https://truck-data.com/en/light-truck/Ford/Tourneo-Connect/1.8-TDCi-(75Hp)/382,truck-data.com,2026-04-04T14:15:24.643985,payload derived from gvw - kerb; top speed and wheelbase from Ford Tourneo Connect technical specs; year absent in source; power_kw derived from power_hp
truck-0009,truck_data_sample,truck,Ford,Transit Connect T200,,Ford Transit Connect T200 1.8TDi (75 Hp),1.8TDi (75 Hp),Light,Van,,,,diesel,diesel,750.0,4.0,,,55.9,75.0,175.0,,,5.0,,2260.0,,691.0,,4418.0,1814.0,2044.0,2664.0,,144.0,,,9.0,239.0,,,60.0,,,,,,truck_data_sample.csv,9,https://truck-data.com/en/light-truck/Ford/Transit-Connect-T200/1.8TDi-(75-Hp)/390,truck-data.com,2026-04-06T13:21:31.944243,payload derived from gvw - kerb; top speed from Transit Connect T200 technical specs; wheelbase from shared platform data; year absent in source; power_kw derived from power_hp
truck-0010,truck_data_sample,truck,Ford,Transit Kombi SWB,,Ford Transit Kombi SWB 2.4L DTCi (140 Hp),2.4L DTCi (140 Hp),Light,Diesel,,RWD,RWD,diesel,diesel,2400.0,4.0,,,104.4,140.0,375.0,,,,,3500.0,,1500.0,,4972.0,2360.0,2348.0,3300.0,,90.0,,,7.1,183.0,,,58.0,,,,,,truck_data_sample.csv,10,https://truck-data.com/en/light-truck/Ford/Transit-Kombi-SWB/2.4L-DTCi-(140-Hp)/435,truck-data.com,2026-04-06T13:21:38.207670,payload derived from gvw - kerb; top speed from a Ford Transit 140 hp light-truck listing; year absent in source; power_kw derived from power_hp
truck-0011,truck_data_sample,truck,MAN,10,,MAN 10 10.153 LC,10.153 LC,Medium,,,,,diesel,,4580.0,4.0,turbocharged intercooled,,115.0,155.0,580.0,,,,,10000.0,,5937.0,,5500.0,2370.0,2900.0,3050.0,,89.0,,,20.0,530.0,,,,,,,,,truck_data_sample.csv,11,,car2db,2026-04-03T13:47:08.787610,payload derived from gvw - kerb; top speed from MAN 10.153 listing with limiter set to 89 km/h; year absent in source
truck-0012,truck_data_sample,truck,MAN,10,,MAN 10 10.153 LK,10.153 LK,Medium,,,,,diesel,,4580.0,4.0,turbocharged intercooled,,115.0,155.0,580.0,,,,,10000.0,,5937.0,,5500.0,2370.0,2900.0,3050.0,,89.0,,,20.0,530.0,,,,,,,,,truck_data_sample.csv,12,,car2db,2026-04-03T13:47:08.787610,payload derived from gvw - kerb; top speed from MAN 10.153 listing with limiter set to 89 km/h; year absent in source
truck-0013,truck_data_sample,truck,MAN,19.440,,MAN 19.440 L 19.440 BB,L 19.440 BB,Heavy,,4.0,4x2,4x2,diesel,diesel,10500.0,6.0,,,328.1,440.0,2100.0,mechanical,,,,19000.0,,11600.0,,5870.0,2500.0,3460.0,3800.0,,90.0,,,35.0,928.0,,,,,,,,,truck_data_sample.csv,13,https://truck-data.com/en/truck/MAN/19.440/L-19.440-BB/253,truck-data.com,2026-04-04T14:15:24.643985,payload derived from gvw - kerb; top speed from comparable MAN 19.440 type-approval listing; year absent in source; power_kw derived from power_hp
truck-0014,truck_data_sample,truck,Mercedes-Benz,4x2,,Mercedes-Benz 4x2 OM 457LA,OM 457LA,Heavy,,4.0,4x2,4x2,diesel,,11967.0,6.0,,,263.0,354.0,1850.0,,,,,18083.0,40000.0,11283.0,,5818.0,2490.0,3195.0,3600.0,,90.0,,,30.0,795.0,,,450.0,,,,,,truck_data_sample.csv,14,,car2db,2026-04-03T13:47:08.787610,payload derived from gvw - kerb; year absent in source
truck-0015,truck_data_sample,truck,Mercedes-Benz,Actros,,Mercedes-Benz Actros 4141 K,4141 K,Medium,,8.0,8x4,8x4,diesel,,12000.0,6.0,turbocharged,,304.0,408.0,2000.0,,,,,,,31159.0,,7444.0,2550.0,3200.0,4500.0,,90.0,,,35.0,928.0,,,,,,,,,truck_data_sample.csv,15,,car2db,2026-04-03T13:47:08.787610,payload derived from gvw - kerb; top speed from Actros 4141 K listing with 90 km/h speed limiter; year absent in source
truck-0016,truck_data_sample,truck,Mercedes-Benz,Actros,,Mercedes-Benz Actros Actros 1841,Actros 1841,Medium,Flatbed,4.0,4x2,4x2,diesel,OM 471,12000.0,6.0,turbocharged,,304.0,408.0,2000.0,automatic,PowerShift 3,12.0,,18000.0,40000.0,9159.0,,7444.0,2500.0,3800.0,3794.0,,89.0,,,30.5,808.0,,,400.0,,,,,,truck_data_sample.csv,16,,car2db,2026-04-03T13:47:08.787610,payload derived from gvw - kerb; year absent in source
truck-0017,truck_data_sample,truck,Renault,Master II Van,,Renault Master II Van L3H2 2.5 dCi 115,L3H2 2.5 dCi 115,Light,Van,,FWD,FWD,diesel,,2463.0,4.0,,,85.8,115.0,290.0,,,6.0,,3500.0,,1039.0,,5080.0,2359.0,2490.0,4078.0,,143.0,,,8.4,223.0,,,100.0,,,,,,truck_data_sample.csv,17,https://truck-data.com/en/light-truck/Renault/Master-II-Van/L3H2-2.5-dCi-115/642,truck-data.com,2026-04-04T14:15:24.643985,payload derived from gvw - kerb; year absent in source; power_kw derived from power_hp
truck-0018,truck_data_sample,truck,Renault,Rapid Van (F40),,Renault Rapid Van (F40) 1.6 D (F404) (55 Hp),1.6 D (F404) (55 Hp),Light,Van,,FWD,FWD,diesel,diesel,1595.0,4.0,,,41.0,55.0,102.0,,,5.0,,,,16490.0,,3980.0,2550.0,3950.0,2580.0,,150.0,,,28.0,742.0,,,,,,,,,truck_data_sample.csv,18,https://truck-data.com/en/light-truck/Renault/Rapid-Van-(F40)/1.6-D-(F404)-(55-Hp)/654,truck-data.com,2026-04-04T14:15:24.643985,payload derived from gvw - kerb; year absent in source; power_kw derived from power_hp
truck-0019,truck_data_sample,truck,Renault,Trafic Van (TXX),,Renault Trafic Van (TXX) 1.6 (65 Hp),1.6 (65 Hp),Light,Petrol,,,,,gasoline,1598.0,4.0,,,48.5,65.0,110.0,,,,,,,16490.0,,4999.0,2550.0,3950.0,2800.0,,105.0,,,5.9,152.0,,,80.0,,,,,,truck_data_sample.csv,19,https://truck-data.com/en/light-truck/Renault/Trafic-Van-(TXX)/1.6-(65-Hp)/543,truck-data.com,2026-04-06T13:27:59.369680,payload derived from gvw - kerb; year absent in source; power_kw derived from power_hp
truck-0020,truck_data_sample,truck,Scania,New Griffin,,Scania New Griffin P340 LA4X2HNA,P340 LA4X2HNA,Heavy,,4.0,4x2,4x2,diesel,,11000.0,6.0,turbocharged,,253.0,340.0,1600.0,,,,,18000.0,,11200.0,,6200.0,2600.0,3950.0,3950.0,,85.0,,,30.0,795.0,,,600.0,,,,,,truck_data_sample.csv,20,,car2db,2026-04-03T13:47:08.787610,payload derived from gvw - kerb; year absent in source
truck-0022,truck_data_sample,truck,Scania,T,,Scania T T114CB6x4NZ 380,T114CB6x4NZ 380,Medium,Tipper,6.0,6x4,6x4,diesel,,11000.0,6.0,turbocharged intercooled,,283.0,380.0,1800.0,,GR900,9.0,,18000.0,,8500.0,,6200.0,2600.0,4070.0,3700.0,,90.0,,,30.0,795.0,,,300.0,,,,,,truck_data_sample.csv,22,,car2db,2026-04-03T13:47:08.787610,payload derived from gvw - kerb; top speed from Scania 4-series type-approval listing; year absent in source
truck-0021,truck_data_sample,truck,Scania,T,,Scania T T124 CB6X4NZ,T124 CB6X4NZ,Medium,Tipper,6.0,6x4,6x4,diesel,,11705.0,6.0,turbocharged,,268.0,360.0,1665.0,manual,,9.0,,18000.0,,8500.0,,6200.0,2600.0,4070.0,3700.0,,90.0,,,30.0,795.0,,,,,,,,,truck_data_sample.csv,21,,car2db,2026-04-03T13:47:08.787610,payload derived from gvw - kerb; top speed from Scania 4-series type-approval listing; year absent in source
truck-0023,truck_data_sample,truck,Toyota,Lite Ace (2 rows of seats),,Toyota Lite Ace (2 rows of seats) 2.0D (73Hp),2.0D (73Hp),Light,Minibus,,AWD,AWD,diesel,diesel,1974.0,4.0,,,54.4,73.0,132.0,,,5.0,,1730.0,,530.0,,4195.0,1650.0,1950.0,2100.0,,155.0,,,10.0,265.0,,,52.0,,,,,,truck_data_sample.csv,23,https://truck-data.com/en/light-truck/Toyota/Lite-Ace-(2-rows-of-seats)/2.0D-(73Hp)/1418,truck-data.com,2026-04-04T14:15:24.643985,payload derived from gvw - kerb; top speed estimated from Toyota Lite Ace family summary (155-180 km/h); year absent in source; power_kw derived from power_hp
truck-0024,truck_data_sample,truck,Toyota,Lite Ace (2 rows of seats),,Toyota Lite Ace (2 rows of seats) 2.0DT (85Hp) 4WD,2.0DT (85Hp) 4WD,Light,Minibus,,AWD,AWD,diesel,diesel,1974.0,4.0,,,63.4,85.0,173.0,,,5.0,,1730.0,,530.0,,4195.0,1650.0,1950.0,2100.0,,180.0,,,10.0,265.0,,,52.0,,,,,,truck_data_sample.csv,24,https://truck-data.com/en/light-truck/Toyota/Lite-Ace-(2-rows-of-seats)/2.0DT-(85Hp)-4WD/1419,truck-data.com,2026-04-04T14:15:24.643985,payload derived from gvw - kerb; top speed from Toyota Lite Ace family summary; year absent in source; power_kw derived from power_hp
truck-0025,truck_data_sample,truck,Toyota,Lite Ace Van (3 rows of seats),,Toyota Lite Ace Van (3 rows of seats) 1.5i (97Hp) 4WD,1.5i (97Hp) 4WD,Light,Minibus,,AWD,AWD,,gasoline,1495.0,4.0,,,72.3,97.0,134.0,,,5.0,,1730.0,,530.0,,4195.0,1665.0,1900.0,2650.0,,180.0,,,6.4,168.0,,,43.0,,,,,,truck_data_sample.csv,25,https://truck-data.com/en/light-truck/Toyota/Lite-Ace-Van-(3-rows-of-seats)/1.5i-(97Hp)-4WD/1437,truck-data.com,2026-04-04T14:15:24.643985,payload derived from gvw - kerb; top speed from Toyota Lite Ace family summary; year absent in source; power_kw derived from power_hp
truck-0028,truck_data_sample,truck,Volkswagen,LT III Van,,"Volkswagen LT III Van LT 28 2,5 TDI 109Hp average base","LT 28 2,5 TDI 109Hp average base",Light,Van,,RWD,RWD,diesel,,1118.0,5.0,,,81.3,109.0,280.0,,,5.0,,2800.0,,1118.0,,5740.0,1933.0,2155.0,3550.0,,146.0,,,9.1,241.0,,,76.0,,,,,,truck_data_sample.csv,28,"https://truck-data.com/en/light-truck/Volkswagen/LT-III-Van/LT-28-2,5-TDI-109Hp-average-base/2224",truck-data.com,2026-04-04T14:15:24.643985,payload derived from gvw - kerb; top speed from VW LT 28 2.5 TDI 109 hp fourgon listing; year absent in source; power_kw derived from power_hp
truck-0026,truck_data_sample,truck,Volkswagen,LT III Van,,"Volkswagen LT III Van LT 28 2,5 TDI 109Hp short base","LT 28 2,5 TDI 109Hp short base",Light,Van,,RWD,RWD,diesel,,983.0,5.0,,,81.3,109.0,280.0,,,5.0,,2800.0,,1000.0,,5740.0,1933.0,2350.0,3000.0,,148.0,,,9.1,241.0,,,76.0,,,,,,truck_data_sample.csv,26,"https://truck-data.com/en/light-truck/Volkswagen/LT-III-Van/LT-28-2,5-TDI-109Hp-short-base/2223",truck-data.com,2026-04-04T14:15:24.643985,payload derived from gvw - kerb; top speed from VW LT 28 2.5 TDI 109 hp combi listing; year absent in source; power_kw derived from power_hp
truck-0027,truck_data_sample,truck,Volkswagen,LT III Van,,"Volkswagen LT III Van LT 28 2,5 TDI 83Hp average base","LT 28 2,5 TDI 83Hp average base",Light,Van,,RWD,RWD,diesel,,1118.0,5.0,,,61.9,83.0,200.0,,,5.0,,2800.0,,1118.0,,5740.0,1922.0,2155.0,3550.0,,133.0,,,9.0,239.0,,,76.0,,,,,,truck_data_sample.csv,27,"https://truck-data.com/en/light-truck/Volkswagen/LT-III-Van/LT-28-2,5-TDI-83Hp-average-base/2226",truck-data.com,2026-04-04T14:15:24.643985,payload derived from gvw - kerb; top speed from VW LT 28 2.5 TDI 83 hp listing; year absent in source; power_kw derived from power_hp
truck-0029,truck_data_sample,truck,Volvo,FH,,Volvo FH D12D420,D12D420,Medium,,4.0,4x2,4x2,diesel,D13K,12800.0,6.0,Turbocharged,,313.0,420.0,2100.0,manual,Volvo I-Shift,14.0,,,40000.0,36400.0,,6537.0,2500.0,3950.0,3700.0,,89.0,,,29.0,769.0,,,690.0,,,,,,truck_data_sample.csv,29,,car2db,2026-04-03T13:47:08.787610,payload derived from gvw - kerb; year absent in source
truck-0030,truck_data_sample,truck,Volvo,FH,,Volvo FH D13B500,D13B500,Medium,,,,,diesel,D13K,12800.0,6.0,turbocharged intercooled,,372.0,500.0,2400.0,Automated,Volvo I-Shift,12.0,,18000.0,40000.0,10400.0,,6537.0,2500.0,3950.0,3750.0,,89.0,,,29.0,769.0,,,500.0,,,,,,truck_data_sample.csv,30,,car2db,2026-04-03T13:47:08.787610,payload derived from gvw - kerb; year absent in source
truck-0031,truck_data_sample,truck,Volvo,FM,,Volvo FM D12C3406x2,D12C3406x2,Heavy,,6.0,6x2,6x2,diesel,,,6.0,turbocharged,,253.0,340.0,1700.0,Automated,Volvo I-Shift,12.0,,30000.0,,22800.0,,6100.0,2550.0,3600.0,3721.0,,90.0,,,30.0,795.0,,,500.0,,,,,,truck_data_sample.csv,31,,car2db,2026-04-03T13:47:08.787610,payload derived from gvw - kerb; year absent in source
