prototype_id,make,model,variant_trim,generation,year,market,vehicle_kind,regulatory_category,segment,body_type,axle_configuration,drive_layout,drivetrain_config,axle_count,driven_axle_count,powertrain,powertrain_detail,energy_carrier,engine_displacement_cc,power_kw,torque_nm,battery_capacity_kwh,motor_power_kw,motor_count,motor_layout,motor_power_front_kw,motor_power_rear_kw,motor_reduction_front,motor_reduction_rear,drivetrain_ratio_lumped,curb_mass_kg,curb_mass_kg_min,curb_mass_kg_max,gross_mass_kg,gross_mass_kg_min,gross_mass_kg_max,payload_kg,mass_pair_status,model_scope,glider_kg,cargo_kg,seats,max_towing_kg,length_mm,length_mm_min,length_mm_max,width_mm,width_mm_min,width_mm_max,height_mm,height_mm_min,height_mm_max,wheelbase_mm,rear_axle_spacing_mm,track_width_mm,cg_height_m,drive_axle_weight_frac,tyre_code,wheel_radius_static_m,wheel_radius_dynamic_m,num_wheels,final_drive_ratio,gearbox_ratios,gear_count,transfer_ratios,transmission_type,transmission_eff,drag_coef,frontal_area_m2,rolling_resistance_coef,top_speed_kmh,acceleration_0_100_s,gradeability_pct,fuel_city_l_100km,fuel_highway_l_100km,fuel_combined_l_100km,energy_city_kwh_100km,energy_highway_kwh_100km,energy_combined_kwh_100km,electric_range_km,recharge_time_h,co2_emissions_gkm,range_km,cda_m2,tare_ratio_q,specific_power_kw_per_t,data_tier,source_file,source_url,last_updated,notes
vp-08f29b,Volvo,XC60,B5 (P) AWD Automatic Core,2027,2027.0,UK,car,M1,SUV,SUV,4x4,AWD,AWD,2.0,2.0,Hybrid,B5 petrol mild hybrid AWD,Gasoline,1969.0,184.0,360.0,,,,,,,,,,1900.0,1835.0,,2450.0,,,550.0,ok,single,,,5.0,2400.0,4708.0,,,,,,1660.0,,,2865.0,,,,,235/60R18,,,4.0,,,,,automatic,,,,,180.2,6.9,,,,,,,,,,,,,3.4545,96.84,brochure,Volvo_XC60_MY27_Edition_2_Price_List.pdf,,2026-09-22T11:41:30+00:00,"MY27 Edition 2, Core trim. Page 4 specifies 18-inch wheels with 235/60 summer tyres; page 15 gives power, masses, towing, dimensions and performance. Width in the brochure is stated only with extended/folded exterior mirrors, so width_mm is left blank. The q pair uses the manufacturer's 'running order' mass, which closes exactly with max payload and max total weight; minimum kerb mass is preserved separately in curb_mass_kg_min."
vp-0d9082,Ford,Transit Passenger Van,"T-350 PFDI V6, 15-seat, high roof, Long, RWD",2025 Transit,2025.0,US,bus,M2,Passenger Van,passenger van,4x2,RWD,RWD,2.0,1.0,ICE,3.5L PFDI naturally aspirated V6,Gasoline,3500.0,205.1,352.5,,,,,,,,,,2905.3,,,4309.1,,,1403.9,ok,single,,,15.0,,5981.7,,,2065.0,,,2758.4,,,3749.0,,,,,235/65R16C 121/119R,,,4.0,,4.696;2.985;2.146;1.769;1.520;1.275;1.100;0.854;0.689;0.636,10.0,,10-speed automatic,,,,,,,,,,,,,,,,,,,2.0695,70.60,brochure,2025 Ford Transit Technical Specifications.pdf,,2026-09-22T14:17:09+00:00,"Official Ford 2025 Transit technical specification. Passenger-van payload table: 9,500 lb GVWR and 3,095 lb max payload; curb/running mass is derived as GVWR - payload (6,405 lb), consistent with Ford's base-curb table to rounding. Pages 1-2 provide engine and 10-speed gearbox data; page 4 dimensions; pages 8-9 passenger-van payloads. Ford specifies 16-inch wheels in this document but not a tyre size/service description, so tyre_code is intentionally blank. 2025 Ford order guide states 235/65R16C 121/119 R for SRW Passenger Van configurations. The separate T-350HD DRW row is deliberately left unresolved because Ford lists configuration-dependent DRW sizes. Tyre evidence: manufacturer-model-year-configuration; https://www.fromtheroad.ford.com/content/dam/fordmediasite/us/en/library/2025/order-guides/2025_Ford_Transit_Order_Guide.pdf; locator: Tires – Single Rear Wheel (SRW), Passenger Van; secondary: https://www.ford.com/trucks/transit-passenger-van-wagon/gallery/"
vp-11b2e1,,,"Extra-long minibus, 19 passengers, 130 kW BiTurbo diesel",,,,,,,,,RWD,,,,,,,,,,,,,,,,,,,,,,5000.0,,,,,,,,,,7391.0,,,2069.0,,,,,,,,,,,205/75R16 C 113/111,,,6.0,,,8.0,,,,,,,,,,,,,,,,,,,,,,,,,https://www.man.eu/content/dam/man/countries/doc/bw-master/bus/broschueren/tge-minibus/man-bus-tge-coach-en.pdf/_jcr_content/renditions/original./man-bus-tge-coach-en.pdf,,"The catalogue gives weight variants for the family but no variant-specific curb/gross pair for this minibus; masses remain blank.; Official MAN Intercity data: long high-roof = 16 passengers, extra-long high-roof = 19 passengers; both are 5,000 kg GVW with twin rear tyres. The 19-passenger row is therefore corrected to extra-long (7,391 mm). Permissible axle loads are 2,200 kg front and 3,500 kg rear."
vp-36ba82,Ford,Transit Passenger Van,"T-350 EcoBoost V6, 12-seat, high roof, Long, RWD",2025 Transit,2025.0,US,bus,M2,Passenger Van,passenger van,4x2,RWD,RWD,2.0,1.0,ICE,3.5L EcoBoost twin-turbo V6,Gasoline,3500.0,231.2,542.3,,,,,,,,,,2895.7,,,4195.7,,,1300.0,ok,single,,,12.0,,5981.7,,,2065.0,,,2758.4,,,3749.0,,,,,235/65R16C 121/119R,,,4.0,,4.696;2.985;2.146;1.769;1.520;1.275;1.100;0.854;0.689;0.636,10.0,,10-speed automatic,,,,,,,,,,,,,,,,,,,2.2275,79.84,brochure,2025 Ford Transit Technical Specifications.pdf,,2026-09-22T14:17:09+00:00,"Official Ford 2025 Transit technical specification. Passenger-van payload table: 9,250 lb GVWR and 2,866 lb max payload; curb/running mass is derived as GVWR - payload (6,384 lb), consistent with Ford's base-curb table to rounding. Pages 1-2 provide engine and 10-speed gearbox data; page 4 dimensions; pages 8-9 passenger-van payloads. Ford specifies 16-inch wheels in this document but not a tyre size/service description, so tyre_code is intentionally blank. 2025 Ford order guide states 235/65R16C 121/119 R for SRW Passenger Van configurations. The separate T-350HD DRW row is deliberately left unresolved because Ford lists configuration-dependent DRW sizes. Tyre evidence: manufacturer-model-year-configuration; https://www.fromtheroad.ford.com/content/dam/fordmediasite/us/en/library/2025/order-guides/2025_Ford_Transit_Order_Guide.pdf; locator: Tires – Single Rear Wheel (SRW), Passenger Van; secondary: https://www.ford.com/trucks/transit-passenger-van-wagon/gallery/"
vp-53491b,,,,,,,,,,,,,,,,,,,,,,,,,,,,,,,2605.0,,,4105.0,,,,ok,,,,,,,,,2019.0,,,2611.0,,,,,,,,LT245/75R16,,,4.0,,,9.0,,,,,,,,,,,,,,,,,,,,,,,,,https://www.mbcollegestation.com/auto/new-2025-mercedes-benz-sprinter-passenger-144-wb-college-station-tx/111124619/,,"Power converted using 0.7457 kW/hp; torque converted using 1.35582 Nm/lb-ft; payload converted using 0.453592 kg/lb; length 234 in and wheelbase 144 in converted using 25.4 mm/in. Gross and curb masses are not stated in this brochure and remain blank.; Supplementary 2025 specification gives 5,743 lb curb mass, 9,050 lb GVWR, 79.5 in body width, 102.8 in height and LT245/75R16 tyres; converted values are recorded above. Treat the web specification as corroborating data for this exact 144 in RWD passenger-van configuration."
vp-540d01,Ford,Transit Passenger Van,"T-350 EcoBoost V6, 12-seat, low roof, Long, RWD",2025 Transit,2025.0,US,bus,M2,Passenger Van,passenger van,4x2,RWD,RWD,2.0,1.0,ICE,3.5L EcoBoost twin-turbo V6,Gasoline,3500.0,231.2,542.3,,,,,,,,,,2771.0,,,4195.7,,,1424.7,ok,single,,,12.0,,6035.0,,,2065.0,,,2093.0,,,3749.0,,,,,235/65R16C 121/119R,,,4.0,,4.696;2.985;2.146;1.769;1.520;1.275;1.100;0.854;0.689;0.636,10.0,,10-speed automatic,,,,,,,,,,,,,,,,,,,1.9449,83.44,brochure,2025 Ford Transit Technical Specifications.pdf,,2026-09-22T14:17:09+00:00,"Official Ford 2025 Transit technical specification. Passenger-van payload table: 9,250 lb GVWR and 3,141 lb max payload; curb/running mass is derived as GVWR - payload (6,109 lb), consistent with Ford's base-curb table to rounding. Pages 1-2 provide engine and 10-speed gearbox data; page 4 dimensions; pages 8-9 passenger-van payloads. Ford specifies 16-inch wheels in this document but not a tyre size/service description, so tyre_code is intentionally blank. 2025 Ford order guide states 235/65R16C 121/119 R for SRW Passenger Van configurations. The separate T-350HD DRW row is deliberately left unresolved because Ford lists configuration-dependent DRW sizes. Tyre evidence: manufacturer-model-year-configuration; https://www.fromtheroad.ford.com/content/dam/fordmediasite/us/en/library/2025/order-guides/2025_Ford_Transit_Order_Guide.pdf; locator: Tires – Single Rear Wheel (SRW), Passenger Van; secondary: https://www.ford.com/trucks/transit-passenger-van-wagon/gallery/"
vp-78ca54,Ford,Transit Passenger Van,"T-350 EcoBoost V6, 12-seat, low roof, Long, AWD",2025 Transit,2025.0,US,bus,M2,Passenger Van,passenger van,4x4,AWD,AWD,2.0,2.0,ICE,3.5L EcoBoost twin-turbo V6,Gasoline,3500.0,231.2,542.3,,,,,,,,,,2863.5,,,4195.7,,,1332.2,ok,single,,,12.0,,6035.0,,,2065.0,,,2093.0,,,3749.0,,,,,235/65R16C 121/119R,,,4.0,,4.696;2.985;2.146;1.769;1.520;1.275;1.100;0.854;0.689;0.636,10.0,,10-speed automatic,,,,,,,,,,,,,,,,,,,2.1495,80.74,brochure,2025 Ford Transit Technical Specifications.pdf,,2026-09-22T14:17:09+00:00,"Official Ford 2025 Transit technical specification. Passenger-van payload table: 9,250 lb GVWR and 2,937 lb max payload; curb/running mass is derived as GVWR - payload (6,313 lb), consistent with Ford's base-curb table to rounding. Pages 1-2 provide engine and 10-speed gearbox data; page 4 dimensions; pages 8-9 passenger-van payloads. Ford specifies 16-inch wheels in this document but not a tyre size/service description, so tyre_code is intentionally blank. 2025 Ford order guide states 235/65R16C 121/119 R for SRW Passenger Van configurations. The separate T-350HD DRW row is deliberately left unresolved because Ford lists configuration-dependent DRW sizes. Tyre evidence: manufacturer-model-year-configuration; https://www.fromtheroad.ford.com/content/dam/fordmediasite/us/en/library/2025/order-guides/2025_Ford_Transit_Order_Guide.pdf; locator: Tires – Single Rear Wheel (SRW), Passenger Van; secondary: https://www.ford.com/trucks/transit-passenger-van-wagon/gallery/"
vp-ac398a,Ford,Transit Passenger Van,"T-350 PFDI V6, 15-seat, low roof, Long, RWD",2025 Transit,2025.0,US,bus,M2,Passenger Van,passenger van,4x2,RWD,RWD,2.0,1.0,ICE,3.5L PFDI naturally aspirated V6,Gasoline,3500.0,205.1,352.5,,,,,,,,,,2768.7,,,4263.8,,,1495.0,ok,single,,,15.0,,6035.0,,,2065.0,,,2093.0,,,3749.0,,,,,235/65R16C 121/119R,,,4.0,,4.696;2.985;2.146;1.769;1.520;1.275;1.100;0.854;0.689;0.636,10.0,,10-speed automatic,,,,,,,,,,,,,,,,,,,1.8519,74.08,brochure,2025 Ford Transit Technical Specifications.pdf,,2026-09-22T14:17:09+00:00,"Official Ford 2025 Transit technical specification. Passenger-van payload table: 9,400 lb GVWR and 3,296 lb max payload; curb/running mass is derived as GVWR - payload (6,104 lb), consistent with Ford's base-curb table to rounding. Pages 1-2 provide engine and 10-speed gearbox data; page 4 dimensions; pages 8-9 passenger-van payloads. Ford specifies 16-inch wheels in this document but not a tyre size/service description, so tyre_code is intentionally blank. 2025 Ford order guide states 235/65R16C 121/119 R for SRW Passenger Van configurations. The separate T-350HD DRW row is deliberately left unresolved because Ford lists configuration-dependent DRW sizes. Tyre evidence: manufacturer-model-year-configuration; https://www.fromtheroad.ford.com/content/dam/fordmediasite/us/en/library/2025/order-guides/2025_Ford_Transit_Order_Guide.pdf; locator: Tires – Single Rear Wheel (SRW), Passenger Van; secondary: https://www.ford.com/trucks/transit-passenger-van-wagon/gallery/"
vp-adb830,,,,,,,,,,,,,,,,,,,,,,,,,,,,,,,,1648.0,,2830.0,,,1182.0,,,,,,2000.0,4981.0,,,,,,1904.0,,,3275.0,,,,,,,,,,,,,,,,,,,,,,,,,,,,,,,,,,,,https://www.vauxhall.co.uk/content/dam/vauxhall/Home/PDFs/Vans/vivaro/price-guides/New_Vivaro_MY25_PSG_1_December_Library.pdf,,"The supplied document describes this row as a panel van, so it is N1 rather than an M2 bus. Fuel value is the midpoint of the published low/high combined range.; Official MY2025A guide states 1,648 kg minimum mass, 1,182 kg maximum indicative payload and 2,830 kg GVW. These are configuration-bound published values, not a measured curb/payload pair. The published WLTP combined fuel range is 6.3–7.3 L/100 km and CO2 is 164–191 g/km; the existing 6.8 L/100 km remains an explicit midpoint adoption."
vp-babada,,,,,,,,,,,,,,,,,,,,,,,,,,,,,,,,,,,,,,,,,,,,4895.0,,,1928.0,,,1910.0,,,3200.0,,,,,,,,,,,6.0,,,,,,,,,,,,7.4,,,,,,195.0,,,,,,,https://tax.mercedes-benz.co.uk/companycar/tax/history/Mercedes-Benz/Vito%20Crew/22,,"The supplied document describes a crew van rather than a passenger Tourer; recorded as N1 without inventing a bus classification.; The 2022 brochure gives Crew Van L1 dimensions 4,895 x 1,928 x 1,910 mm with 3,200 mm wheelbase and combined WLTP fuel use 7.4 L/100 km. Standard 16-inch steel-wheel tyre fitment spans 195/65 R16 to 225/60 R16 depending configuration, so an exact tyre_code was deliberately not invented."
vp-c628f3,Ford,Transit Passenger Van,"T-350HD DRW PFDI V6, 15-seat, high roof, Long-EL, RWD",2025 Transit,2025.0,US,bus,M2,Passenger Van,passenger van,4x2,RWD,RWD,2.0,1.0,ICE,3.5L PFDI naturally aspirated V6,Gasoline,3500.0,205.1,352.5,,,,,,,,,,3154.3,,,4581.3,,,1427.0,ok,single,,,15.0,,6703.1,,,2065.0,,,2735.6,,,3759.2,,,,,195/75R16C 107/105R,,,6.0,,4.696;2.985;2.146;1.769;1.520;1.275;1.100;0.854;0.689;0.636,10.0,,10-speed automatic,,,,,,,,,,,,,,,,,,,2.2104,65.02,brochure,2025 Ford Transit Technical Specifications.pdf,,2026-09-22T14:44:07+00:00,"Official Ford 2025 Transit technical specification. Passenger-van payload table: 10,100 lb GVWR and 3,146 lb max payload; curb/running mass is derived as GVWR - payload (6,954 lb), consistent with Ford's base-curb table to rounding. Pages 1-2 provide engine and 10-speed gearbox data; page 4 dimensions; pages 8-9 passenger-van payloads. Ford specifies 16-inch wheels in this document but not a tyre size/service description, so tyre_code is intentionally blank. T-350HD DRW Passenger Van U4X with the 3.5L PFDI V6 is RWD with the Standard Front Axle in the 2025 order guide. Ford specifies 195/75R16C 107/105R for RWD DRW with the Standard Front Axle. This resolves the configuration ambiguity that caused the previous patch to leave this row blank. Tyre evidence: manufacturer-model-year-exact-configuration; https://www.fromtheroad.ford.com/content/dam/fordmediasite/us/en/library/2025/order-guides/2025_Ford_Transit_Order_Guide.pdf; locator: 2025 Transit order guide: DRW tyres + Passenger Van U4X front-axle availability"
vp-cdf3c7,Ford,Transit Passenger Van,"T-350 EcoBoost V6, 15-seat, medium roof, Long, RWD",2025 Transit,2025.0,US,bus,M2,Passenger Van,passenger van,4x2,RWD,RWD,2.0,1.0,ICE,3.5L EcoBoost twin-turbo V6,Gasoline,3500.0,231.2,542.3,,,,,,,,,,2859.4,,,4263.8,,,1404.3,ok,single,,,15.0,,5981.7,,,2065.0,,,2519.7,,,3749.0,,,,,235/65R16C 121/119R,,,4.0,,4.696;2.985;2.146;1.769;1.520;1.275;1.100;0.854;0.689;0.636,10.0,,10-speed automatic,,,,,,,,,,,,,,,,,,,2.0362,80.85,brochure,2025 Ford Transit Technical Specifications.pdf,,2026-09-22T14:17:09+00:00,"Official Ford 2025 Transit technical specification. Passenger-van payload table: 9,400 lb GVWR and 3,096 lb max payload; curb/running mass is derived as GVWR - payload (6,304 lb), consistent with Ford's base-curb table to rounding. Pages 1-2 provide engine and 10-speed gearbox data; page 4 dimensions; pages 8-9 passenger-van payloads. Ford specifies 16-inch wheels in this document but not a tyre size/service description, so tyre_code is intentionally blank. 2025 Ford order guide states 235/65R16C 121/119 R for SRW Passenger Van configurations. The separate T-350HD DRW row is deliberately left unresolved because Ford lists configuration-dependent DRW sizes. Tyre evidence: manufacturer-model-year-configuration; https://www.fromtheroad.ford.com/content/dam/fordmediasite/us/en/library/2025/order-guides/2025_Ford_Transit_Order_Guide.pdf; locator: Tires – Single Rear Wheel (SRW), Passenger Van; secondary: https://www.ford.com/trucks/transit-passenger-van-wagon/gallery/"
vp-d9f681,Volvo,XC90,B5 (P) AWD Automatic Core,2025,2025.0,UK,car,M1,SUV,SUV,4x4,AWD,AWD,2.0,2.0,Hybrid,B5 petrol mild hybrid AWD,Gasoline,1969.0,184.0,360.0,,,,,,,,,,2080.0,2015.0,,2790.0,,,710.0,ok,single,,,7.0,2400.0,4953.0,,,,,,1776.0,,,2984.0,,,,,235/55R19,,,4.0,,,,,automatic,,,,,180.2,7.7,,,,,,,,,,,,,2.9296,88.46,brochure,XC90_2025_v3.pdf,,2026-09-22T11:41:30+00:00,"MY25 Edition 3, Core trim. Page 4 specifies 19-inch wheels with 235/55 summer tyres for B5; page 15 gives power, masses, towing, dimensions and performance. Width in the brochure is stated only with extended/folded exterior mirrors, so width_mm is left blank. The q pair uses the manufacturer's 'running order' mass, which closes exactly with max payload and max total weight; minimum kerb mass is preserved separately in curb_mass_kg_min."
vp-f26977,Ford,Transit Passenger Van,"T-350 PFDI V6, 15-seat, medium roof, Long, RWD",2025 Transit,2025.0,US,bus,M2,Passenger Van,passenger van,4x2,RWD,RWD,2.0,1.0,ICE,3.5L PFDI naturally aspirated V6,Gasoline,3500.0,205.1,352.5,,,,,,,,,,2864.4,,,4309.1,,,1444.7,ok,single,,,15.0,,5981.7,,,2065.0,,,2519.7,,,3749.0,,,,,235/65R16C 121/119R,,,4.0,,4.696;2.985;2.146;1.769;1.520;1.275;1.100;0.854;0.689;0.636,10.0,,10-speed automatic,,,,,,,,,,,,,,,,,,,1.9827,71.60,brochure,2025 Ford Transit Technical Specifications.pdf,,2026-09-22T14:17:09+00:00,"Official Ford 2025 Transit technical specification. Passenger-van payload table: 9,500 lb GVWR and 3,185 lb max payload; curb/running mass is derived as GVWR - payload (6,315 lb), consistent with Ford's base-curb table to rounding. Pages 1-2 provide engine and 10-speed gearbox data; page 4 dimensions; pages 8-9 passenger-van payloads. Ford specifies 16-inch wheels in this document but not a tyre size/service description, so tyre_code is intentionally blank. 2025 Ford order guide states 235/65R16C 121/119 R for SRW Passenger Van configurations. The separate T-350HD DRW row is deliberately left unresolved because Ford lists configuration-dependent DRW sizes. Tyre evidence: manufacturer-model-year-configuration; https://www.fromtheroad.ford.com/content/dam/fordmediasite/us/en/library/2025/order-guides/2025_Ford_Transit_Order_Guide.pdf; locator: Tires – Single Rear Wheel (SRW), Passenger Van; secondary: https://www.ford.com/trucks/transit-passenger-van-wagon/gallery/"
vp-f55fe3,,,,,,,,,,,,,,,,,,,,,,,,,,,,,,,,,,,,,220.0,,,,,,,,,,,,,,,,,,,,,,,,,,,,,,,,,,,,,,,,,,,,,,,,,,,,,,
vp-f7e7fd,Ford,Transit Passenger Van,"T-350 PFDI V6, 12-seat, low roof, Long, RWD",2025 Transit,2025.0,US,bus,M2,Passenger Van,passenger van,4x2,RWD,RWD,2.0,1.0,ICE,3.5L PFDI naturally aspirated V6,Gasoline,3500.0,205.1,352.5,,,,,,,,,,2741.1,,,4195.7,,,1454.7,ok,single,,,12.0,,6035.0,,,2065.0,,,2093.0,,,3749.0,,,,,235/65R16C 121/119R,,,4.0,,4.696;2.985;2.146;1.769;1.520;1.275;1.100;0.854;0.689;0.636,10.0,,10-speed automatic,,,,,,,,,,,,,,,,,,,1.8843,74.83,brochure,2025 Ford Transit Technical Specifications.pdf,,2026-09-22T14:17:09+00:00,"Official Ford 2025 Transit technical specification. Passenger-van payload table: 9,250 lb GVWR and 3,207 lb max payload; curb/running mass is derived as GVWR - payload (6,043 lb), consistent with Ford's base-curb table to rounding. Pages 1-2 provide engine and 10-speed gearbox data; page 4 dimensions; pages 8-9 passenger-van payloads. Ford specifies 16-inch wheels in this document but not a tyre size/service description, so tyre_code is intentionally blank. 2025 Ford order guide states 235/65R16C 121/119 R for SRW Passenger Van configurations. The separate T-350HD DRW row is deliberately left unresolved because Ford lists configuration-dependent DRW sizes. Tyre evidence: manufacturer-model-year-configuration; https://www.fromtheroad.ford.com/content/dam/fordmediasite/us/en/library/2025/order-guides/2025_Ford_Transit_Order_Guide.pdf; locator: Tires – Single Rear Wheel (SRW), Passenger Van; secondary: https://www.ford.com/trucks/transit-passenger-van-wagon/gallery/"
vp-fd36ad,,,,,,,,,,,,,,,,,,,,,,,,,,,,,,,,,,,,,,,,,,,2000.0,,,,1941.0,,,,,,,,,,,,,,,,,,,,,,,,190.0,11.6,,,,,,,,,,,,,,,,,https://www.volkswagen-vans.co.uk/en/new-vehicles/multivan.html,,"Unladen mass includes approximately 90% fuel and 75 kg driver as stated by the brochure.; Official VW specification for Multivan Life standard 2.0 TDI 150PS DSG gives 1,941 mm width without mirrors, 2,000 kg max trailer weight, 118 mph maximum speed and 11.6 s 0–62 mph. The current VW page lists 4,973 mm length, while the local brochure row has 4,976 mm; the local source value was retained rather than silently overwritten."
vp-c7ea35,Fiat,500,"500e 42 kWh High Range, 87 kW (118 hp)",New 500 / 500e,2022.0,UK/EU,car,M1,A-segment,hatchback,4x2,FWD,FWD,2.0,1.0,BEV,42 kWh battery electric,Electricity,,87.0,,42.0,87.0,1.0,front,87.0,,9.56,,9.56,1290.0,,,1690.0,,,400.0,ok,single,,,,,3631.0,,,1683.0,,,1529.0,,,2322.0,,,,,195/55R16 91V,,,4.0,,,1.0,,single-speed reduction,,,,,149.7,9.0,,,,,,,13.7,320.0,4.25,0.0,,,3.2250,67.44,brochure,FIAT New 500 Owner Handbook 2020 + FIAT UK 500e MY22 price/specification guide,https://aftersales.fiat.com/eLumData/EN/00/332_NUOVA500/00_332_NUOVA500_603.85.160_EN_02_10.20_L_LG/00_332_NUOVA500_603.85.160_EN_02_10.20_L_LG.pdf,2026-09-22T12:39:36+00:00,"Official FIAT handbook gives 87 kW/220 Nm motor, 9.56:1 one-speed reduction, 1290 kg unladen mass, 1690 kg maximum permitted total mass, 400 kg payload including driver, 3631 x 1683 x 1529 mm dimensions and 195/55 R16 91V as one factory tyre size. FIAT UK MY22 data gives 42 kWh battery, 93 mph top speed, 9.0 s 0-62 mph, 13.7 kWh/100 km and up to 320 km WLTP range."
vp-7bb5ad,Toyota,Aygo X,1.0 VVT-i 5-speed manual,Aygo X,2022.0,UK/EU,car,M1,A-segment,crossover hatchback,4x2,FWD,FWD,2.0,1.0,ICE,1.0 VVT-i petrol,Gasoline,998.0,53.0,93.0,,,,,,,,,,,940.0,1015.0,1360.0,,,,range,range,,,,,3700.0,,,1740.0,,,1525.0,,,2430.0,,,,,175/65R17,,,4.0,4.294,3.545;2.047;1.310;1.027;0.850,5.0,,5-speed manual,,0.319,,,157.7,15.6,,,,,,,,,,109.0,,,,,web-cited,"Toyota Aygo X technical specifications, Toyota Media Site",https://media.toyota.co.uk/the-all-new-toyota-aygo-x-a-new-generation-of-accessible-style-and-fun/,2026-09-22T12:39:36+00:00,"Official launch technical table. Kerb mass is published as a 940-1015 kg range, so no single payload or q is manufactured from it. Factory tyre sizes are 175/65R17 or 175/60R18; 175/65R17 is stored as the representative tyre_code."
vp-5beedd,BMW,3 Series,"320i M Sport Saloon, 8-speed automatic",G20/G20 LCI,2026.0,UK/EU,car,M1,D-segment,sedan,4x2,RWD,RWD,2.0,1.0,ICE,320i 2.0 TwinPower Turbo petrol,Gasoline,1998.0,135.0,300.0,,,,,,,,,,1590.0,,,2070.0,,,480.0,ok,single,,,,1600.0,4713.0,,,1827.0,,,1440.0,,,2851.0,,,,,,,,4.0,,,8.0,,8-speed automatic,,,,,235.0,7.4,,,,,,,,,,,,,3.3125,84.91,web-cited,BMW UK 3 Series Saloon technical data,https://www.bmw.co.uk/en/all-models/3-series/3-series-saloon/bmw-3-series-saloon-technical-data.html,2026-09-22T12:39:36+00:00,"Current 320i representative for the long-running 3 Series model line. BMW lists 1590 kg curb, 2070 kg permissible gross and a separate 555 kg payload figure. Because that payload uses a different mass convention and does not close with the quoted curb/GVW pair, this project stores 480 kg = GVW-curb for the internally consistent q calculation and records the published 555 kg here."
vp-da7737,Volkswagen,T-Roc,"1.5 eTSI 150 PS, 7-speed DSG",2nd generation,2026.0,UK/EU,car,M1,B-SUV,SUV,4x2,FWD,FWD,2.0,1.0,Hybrid,1.5 eTSI mild-hybrid petrol,Gasoline,1498.0,110.0,250.0,,,,,,,,,,1465.0,,,1980.0,,,515.0,ok,single,,,,1500.0,4372.0,,,1828.0,,,1573.0,,,2629.0,,,,,,,,4.0,,,7.0,,7-speed DSG,,,,,212.4,8.9,,,,,,,,,,,,,2.8447,75.09,web-cited,Volkswagen UK new T-Roc technical data,https://www.volkswagen.co.uk/en/new/t-roc.html,2026-09-22T12:39:36+00:00,"Current 150 PS representative. Volkswagen publishes 1465 kg unladen and 1980 kg GVW; project payload is derived as 515 kg for a closed mass pair. The current technical page does not state a tyre size for the exact 150 PS configuration, so tyre_code is intentionally left blank."
vp-dfac45,Peugeot,2008,"Active Premium 1.2 PureTech 100 S&S, 6-speed manual",2nd generation,2022.0,UK/EU,car,M1,B-SUV,SUV,4x2,FWD,FWD,2.0,1.0,ICE,1.2 PureTech 100 petrol,Gasoline,1199.0,74.0,205.0,,,,,,,,,,1188.0,,,1710.0,,,522.0,ok,single,,,5.0,1200.0,4300.0,,,1770.0,,,1550.0,,,2605.0,,,,,215/65R16 H,,,4.0,,,6.0,,6-speed manual,,,,,,,,,,,,,,,,,,,2.2759,62.29,brochure,"Peugeot 2008 UK Price & Specification Guide, MY2022 v10.2",https://www.peugeot.co.uk/content/dam/peugeot/uk/b2c/buy/price-and-spec-guides/pdfs/2008-price-spec-guide.pdf,2026-09-22T12:39:36+00:00,"Official MY2022 brochure. For the first petrol/manual column the brochure gives 1199 cc, 74 kW, 205 Nm, 1188 kg kerb, 1710 kg GVW, 1200 kg braked towing and 215/65 R16 H tyres. Project payload is derived as 522 kg = GVW-curb."
vp-a59e0f,Renault,Captur,"techno TCe 90 MY26, 6-speed manual",2nd generation facelift,2026.0,UK/EU,car,M1,B-SUV,SUV,4x2,FWD,FWD,2.0,1.0,ICE,TCe 90 petrol,Gasoline,999.0,67.0,160.0,,,,,,,,,,1251.0,,,1730.0,,,479.0,ok,single,,,5.0,1200.0,4239.0,,,,,,1575.0,,,2639.0,,,,,215/55R18 95H,,,4.0,,,6.0,,6-speed manual,,,,,167.4,14.3,,,,,,,,,,,,,2.6117,53.56,web-cited,"Renault UK Captur configurator, techno TCe 90 MY26",https://www.renault.co.uk/hybrid-cars/captur/configurator.html,2026-09-22T12:39:36+00:00,Official configurator gives 1251 kg kerb excluding driver and 1730 kg GVW. It separately prints maximum payload including driver as 404 kg; the 75 kg difference is a mass-definition convention. Project payload is 479 kg = GVW-curb so q uses a closed pair. Width is not stored because the page reports width with mirrors folded/extended rather than a body width.
vp-f5d8f1,Dacia,Duster,"Expression mild hybrid 140 MY26, 6-speed manual",3rd generation,2026.0,UK/EU,car,M1,B-SUV,SUV,4x2,FWD,FWD,2.0,1.0,Hybrid,1.2 mild hybrid 140,Gasoline,1199.0,103.0,230.0,,,,,,,,,,1370.0,,,1830.0,,,460.0,ok,single,,,5.0,1500.0,4343.0,,,,,,1616.0,,,2657.0,,,,,215/65R17,,,4.0,,,6.0,,6-speed manual,,,,,180.2,9.4,,,,,,,,,,125.0,,,2.9783,75.18,web-cited,"Dacia UK Duster technical data, mild hybrid 140 MY26",https://www.dacia.co.uk/hybrid-and-electric-range/duster-suv/compare-specifications.html,2026-09-22T12:39:36+00:00,"Official page gives 1370 kg kerb excluding driver and 1830 kg GVW. It also displays a 528 kg 'maximum payload (including driver)' figure which does not reconcile with those two masses. For dataset consistency, payload_kg is the explicit derived difference 460 kg; the source discrepancy is preserved here. Width is not stored because only mirror-folded/extended widths are published."
vp-889d38,Nissan,Qashqai,"DIG-T 158 mild hybrid, 2WD manual (grade range)",J12 facelift,2025.0,UK/EU,car,M1,C-SUV,SUV,4x2,FWD,FWD,2.0,1.0,Hybrid,1.3 DIG-T 158 mild hybrid,Gasoline,1332.0,116.0,260.0,,,,,,,,,,,1345.0,1433.0,1905.0,,,,range,range,,,5.0,1680.0,4425.0,,,1835.0,,,1625.0,,,2665.0,,,,,215/65R17,,,4.0,,,6.0,,6-speed manual,,,,,206.0,9.5,,,,,,,,,,142-145,,,,,brochure,"Nissan Qashqai UK brochure, technical specifications",https://www.nissan.co.uk/content/dam/Nissan/gb/brochures/Vehicles/Nissan_Qashqai_UK.pdf,2026-09-22T12:39:36+00:00,"Official brochure publishes a 1345-1433 kg kerb range for the manual mild-hybrid and 1905 kg GVW, so the record remains model_scope=range and q is intentionally blank. Grade-dependent tyres include 215/65 R17, 235/55 R18, 235/50 R19 and 235/45 R20; 215/65R17 is stored as the base representative size."
vp-f0ba8b,,,,,,,,,,,,,,,,ICE,,Gasoline,,,,,,,,,,,,,,,,,,,,,,,,,,,,,,,,,,,,,,,,,,,,,,,,,,,,,,,,,,,,,,,,,,,,,,,,2026-09-22T13:55:59+00:00,"Imported in bulk from the Kaggle Car Specification Dataset 1945-2020. Per-value provenance is the dataset as a whole, not a fetched page for this vehicle.; Powertrain cleanup 2026-09-22T13:55:59+00:00: classified as ICE; energy carrier Gasoline. Basis: spark-ignition vehicle variant; no diesel/electric marker. The source dataset defines fuel_type, but the earlier canonical import did not carry the powertrain classification for this row."
vp-80a81f,,,,,,,,,,,,,,,,ICE,,Gasoline,,,,,,,,,,,,,,,,,,,,,,,,,,,,,,,,,,,,,,,,,,,,,,,,,,,,,,,,,,,,,,,,,,,,,,,,2026-09-22T13:55:59+00:00,"Imported in bulk from the Kaggle Car Specification Dataset 1945-2020. Per-value provenance is the dataset as a whole, not a fetched page for this vehicle. Kaggle held 2 records for this make/model/year/trim; the first was taken.; Powertrain cleanup 2026-09-22T13:55:59+00:00: classified as ICE; energy carrier Gasoline. Basis: spark-ignition vehicle variant; no diesel/electric marker. The source dataset defines fuel_type, but the earlier canonical import did not carry the powertrain classification for this row."
vp-7fbc12,,,,,,,,,,,,,,,,ICE,,Gasoline,,,,,,,,,,,,,,,,,,,,,,,,,,,,,,,,,,,,,,,,,,,,,,,,,,,,,,,,,,,,,,,,,,,,,,,,2026-09-22T13:55:59+00:00,"Imported in bulk from the Kaggle Car Specification Dataset 1945-2020. Per-value provenance is the dataset as a whole, not a fetched page for this vehicle. Kaggle held 3 records for this make/model/year/trim; the first was taken.; Powertrain cleanup 2026-09-22T13:55:59+00:00: classified as ICE; energy carrier Gasoline. Basis: spark-ignition vehicle variant; no diesel/electric marker. The source dataset defines fuel_type, but the earlier canonical import did not carry the powertrain classification for this row."
vp-7f9393,,,,,,,,,,,,,,,,ICE,,Gasoline,,,,,,,,,,,,,,,,,,,,,,,,,,,,,,,,,,,,,,,,,,,,,,,,,,,,,,,,,,,,,,,,,,,,,,,,2026-09-22T13:55:59+00:00,"Imported in bulk from the Kaggle Car Specification Dataset 1945-2020. Per-value provenance is the dataset as a whole, not a fetched page for this vehicle.; Powertrain cleanup 2026-09-22T13:55:59+00:00: classified as ICE; energy carrier Gasoline. Basis: spark-ignition vehicle variant; no diesel/electric marker. The source dataset defines fuel_type, but the earlier canonical import did not carry the powertrain classification for this row."
vp-1f9522,,,,,,,,,,,,,,,,ICE,,Gasoline,,,,,,,,,,,,,,,,,,,,,,,,,,,,,,,,,,,,,,,,,,,,,,,,,,,,,,,,,,,,,,,,,,,,,,,,2026-09-22T13:55:59+00:00,"Imported in bulk from the Kaggle Car Specification Dataset 1945-2020. Per-value provenance is the dataset as a whole, not a fetched page for this vehicle.; Powertrain cleanup 2026-09-22T13:55:59+00:00: classified as ICE; energy carrier Gasoline. Basis: spark-ignition vehicle variant; no diesel/electric marker. The source dataset defines fuel_type, but the earlier canonical import did not carry the powertrain classification for this row."
vp-9f5b16,,,,,,,,,,,,,,,,ICE,,Gasoline,,,,,,,,,,,,,,,,,,,,,,,,,,,,,,,,,,,,,,,,,,,,,,,,,,,,,,,,,,,,,,,,,,,,,,,,2026-09-22T13:55:59+00:00,"Imported in bulk from the Kaggle Car Specification Dataset 1945-2020. Per-value provenance is the dataset as a whole, not a fetched page for this vehicle.; Powertrain cleanup 2026-09-22T13:55:59+00:00: classified as ICE; energy carrier Gasoline. Basis: spark-ignition vehicle variant; no diesel/electric marker. The source dataset defines fuel_type, but the earlier canonical import did not carry the powertrain classification for this row."
vp-d8fa61,,,,,,,,,,,,,,,,ICE,,Gasoline,,,,,,,,,,,,,,,,,,,,,,,,,,,,,,,,,,,,,,,,,,,,,,,,,,,,,,,,,,,,,,,,,,,,,,,,2026-09-22T13:55:59+00:00,"Imported in bulk from the Kaggle Car Specification Dataset 1945-2020. Per-value provenance is the dataset as a whole, not a fetched page for this vehicle.; Powertrain cleanup 2026-09-22T13:55:59+00:00: classified as ICE; energy carrier Gasoline. Basis: spark-ignition vehicle variant; no diesel/electric marker. The source dataset defines fuel_type, but the earlier canonical import did not carry the powertrain classification for this row."
vp-b5a237,,,,,,,,,,,,,,,,ICE,,Gasoline,,,,,,,,,,,,,,,,,,,,,,,,,,,,,,,,,,,,,,,,,,,,,,,,,,,,,,,,,,,,,,,,,,,,,,,,2026-09-22T13:55:59+00:00,"Imported in bulk from the Kaggle Car Specification Dataset 1945-2020. Per-value provenance is the dataset as a whole, not a fetched page for this vehicle.; Powertrain cleanup 2026-09-22T13:55:59+00:00: classified as ICE; energy carrier Gasoline. Basis: spark-ignition vehicle variant; no diesel/electric marker. The source dataset defines fuel_type, but the earlier canonical import did not carry the powertrain classification for this row."
vp-e9c526,,,,,,,,,,,,,,,,ICE,,Gasoline,,,,,,,,,,,,,,,,,,,,,,,,,,,,,,,,,,,,,,,,,,,,,,,,,,,,,,,,,,,,,,,,,,,,,,,,2026-09-22T13:55:59+00:00,"Imported in bulk from the Kaggle Car Specification Dataset 1945-2020. Per-value provenance is the dataset as a whole, not a fetched page for this vehicle.; Powertrain cleanup 2026-09-22T13:55:59+00:00: classified as ICE; energy carrier Gasoline. Basis: spark-ignition vehicle variant; no diesel/electric marker. The source dataset defines fuel_type, but the earlier canonical import did not carry the powertrain classification for this row."
vp-65ba73,,,,,,,,,,,,,,,,ICE,,Gasoline,,,,,,,,,,,,,,,,,,,,,,,,,,,,,,,,,,,,,,,,,,,,,,,,,,,,,,,,,,,,,,,,,,,,,,,,2026-09-22T13:55:59+00:00,"Imported in bulk from the Kaggle Car Specification Dataset 1945-2020. Per-value provenance is the dataset as a whole, not a fetched page for this vehicle.; Powertrain cleanup 2026-09-22T13:55:59+00:00: classified as ICE; energy carrier Gasoline. Basis: spark-ignition vehicle variant; no diesel/electric marker. The source dataset defines fuel_type, but the earlier canonical import did not carry the powertrain classification for this row."
vp-b36248,,,,,,,,,,,,,,,,ICE,,Gasoline,,,,,,,,,,,,,,,,,,,,,,,,,,,,,,,,,,,,,,,,,,,,,,,,,,,,,,,,,,,,,,,,,,,,,,,,2026-09-22T13:55:59+00:00,"Imported in bulk from the Kaggle Car Specification Dataset 1945-2020. Per-value provenance is the dataset as a whole, not a fetched page for this vehicle. Kaggle held 2 records for this make/model/year/trim; the first was taken.; Powertrain cleanup 2026-09-22T13:55:59+00:00: classified as ICE; energy carrier Gasoline. Basis: spark-ignition vehicle variant; no diesel/electric marker. The source dataset defines fuel_type, but the earlier canonical import did not carry the powertrain classification for this row."
vp-0987d7,,,,,,,,,,,,,,,,ICE,,Gasoline,,,,,,,,,,,,,,,,,,,,,,,,,,,,,,,,,,,,,,,,,,,,,,,,,,,,,,,,,,,,,,,,,,,,,,,,2026-09-22T13:55:59+00:00,"Imported in bulk from the Kaggle Car Specification Dataset 1945-2020. Per-value provenance is the dataset as a whole, not a fetched page for this vehicle.; Powertrain cleanup 2026-09-22T13:55:59+00:00: classified as ICE; energy carrier Gasoline. Basis: spark-ignition vehicle variant; no diesel/electric marker. The source dataset defines fuel_type, but the earlier canonical import did not carry the powertrain classification for this row."
vp-df282e,,,,,,,,,,,,,,,,ICE,,Gasoline,,,,,,,,,,,,,,,,,,,,,,,,,,,,,,,,,,,,,,,,,,,,,,,,,,,,,,,,,,,,,,,,,,,,,,,,2026-09-22T13:55:59+00:00,"Imported in bulk from the Kaggle Car Specification Dataset 1945-2020. Per-value provenance is the dataset as a whole, not a fetched page for this vehicle. Kaggle held 4 records for this make/model/year/trim; the first was taken.; Powertrain cleanup 2026-09-22T13:55:59+00:00: classified as ICE; energy carrier Gasoline. Basis: spark-ignition vehicle variant; no diesel/electric marker. The source dataset defines fuel_type, but the earlier canonical import did not carry the powertrain classification for this row."
vp-c92379,,,,,,,,,,,,,,,,ICE,,Gasoline,,,,,,,,,,,,,,,,,,,,,,,,,,,,,,,,,,,,,,,,,,,,,,,,,,,,,,,,,,,,,,,,,,,,,,,,2026-09-22T13:55:59+00:00,"Imported in bulk from the Kaggle Car Specification Dataset 1945-2020. Per-value provenance is the dataset as a whole, not a fetched page for this vehicle. Kaggle held 4 records for this make/model/year/trim; the first was taken.; Powertrain cleanup 2026-09-22T13:55:59+00:00: classified as ICE; energy carrier Gasoline. Basis: spark-ignition vehicle variant; no diesel/electric marker. The source dataset defines fuel_type, but the earlier canonical import did not carry the powertrain classification for this row."
vp-28542f,,,,,,,,,,,,,,,,ICE,,Gasoline,,,,,,,,,,,,,,,,,,,,,,,,,,,,,,,,,,,,,,,,,,,,,,,,,,,,,,,,,,,,,,,,,,,,,,,,2026-09-22T13:55:59+00:00,"Imported in bulk from the Kaggle Car Specification Dataset 1945-2020. Per-value provenance is the dataset as a whole, not a fetched page for this vehicle. Kaggle held 2 records for this make/model/year/trim; the first was taken.; Powertrain cleanup 2026-09-22T13:55:59+00:00: classified as ICE; energy carrier Gasoline. Basis: spark-ignition vehicle variant; no diesel/electric marker. The source dataset defines fuel_type, but the earlier canonical import did not carry the powertrain classification for this row."
vp-3d2533,,,,,,,,,,,,,,,,ICE,,Gasoline,,,,,,,,,,,,,,,,,,,,,,,,,,,,,,,,,,,,,,,,,,,,,,,,,,,,,,,,,,,,,,,,,,,,,,,,2026-09-22T13:55:59+00:00,"Imported in bulk from the Kaggle Car Specification Dataset 1945-2020. Per-value provenance is the dataset as a whole, not a fetched page for this vehicle. Kaggle held 2 records for this make/model/year/trim; the first was taken.; Powertrain cleanup 2026-09-22T13:55:59+00:00: classified as ICE; energy carrier Gasoline. Basis: spark-ignition vehicle variant; no diesel/electric marker. The source dataset defines fuel_type, but the earlier canonical import did not carry the powertrain classification for this row."
vp-311f68,,,,,,,,,,,,,,,,ICE,,Gasoline,,,,,,,,,,,,,,,,,,,,,,,,,,,,,,,,,,,,,,,,,,,,,,,,,,,,,,,,,,,,,,,,,,,,,,,,2026-09-22T13:55:59+00:00,"Imported in bulk from the Kaggle Car Specification Dataset 1945-2020. Per-value provenance is the dataset as a whole, not a fetched page for this vehicle.; Powertrain cleanup 2026-09-22T13:55:59+00:00: classified as ICE; energy carrier Gasoline. Basis: spark-ignition vehicle variant; no diesel/electric marker. The source dataset defines fuel_type, but the earlier canonical import did not carry the powertrain classification for this row."
vp-7701e0,,,,,,,,,,,,,,,,ICE,,Gasoline,,,,,,,,,,,,,,,,,,,,,,,,,,,,,,,,,,,,,,,,,,,,,,,,,,,,,,,,,,,,,,,,,,,,,,,,2026-09-22T13:55:59+00:00,"Imported in bulk from the Kaggle Car Specification Dataset 1945-2020. Per-value provenance is the dataset as a whole, not a fetched page for this vehicle. Kaggle held 2 records for this make/model/year/trim; the first was taken.; Powertrain cleanup 2026-09-22T13:55:59+00:00: classified as ICE; energy carrier Gasoline. Basis: spark-ignition vehicle variant; no diesel/electric marker. The source dataset defines fuel_type, but the earlier canonical import did not carry the powertrain classification for this row."
vp-422231,,,,,,,,,,,,,,,,ICE,,Gasoline,,,,,,,,,,,,,,,,,,,,,,,,,,,,,,,,,,,,,,,,,,,,,,,,,,,,,,,,,,,,,,,,,,,,,,,,2026-09-22T13:55:59+00:00,"Imported in bulk from the Kaggle Car Specification Dataset 1945-2020. Per-value provenance is the dataset as a whole, not a fetched page for this vehicle.; Powertrain cleanup 2026-09-22T13:55:59+00:00: classified as ICE; energy carrier Gasoline. Basis: spark-ignition vehicle variant; no diesel/electric marker. The source dataset defines fuel_type, but the earlier canonical import did not carry the powertrain classification for this row."
vp-1b1d7b,,,,,,,,,,,,,,,,ICE,,Gasoline,,,,,,,,,,,,,,,,,,,,,,,,,,,,,,,,,,,,,,,,,,,,,,,,,,,,,,,,,,,,,,,,,,,,,,,,2026-09-22T13:55:59+00:00,"Imported in bulk from the Kaggle Car Specification Dataset 1945-2020. Per-value provenance is the dataset as a whole, not a fetched page for this vehicle. Kaggle held 2 records for this make/model/year/trim; the first was taken.; Powertrain cleanup 2026-09-22T13:55:59+00:00: classified as ICE; energy carrier Gasoline. Basis: spark-ignition vehicle variant; no diesel/electric marker. The source dataset defines fuel_type, but the earlier canonical import did not carry the powertrain classification for this row."
vp-add209,,,,,,,,,,,,,,,,ICE,,Gasoline,,,,,,,,,,,,,,,,,,,,,,,,,,,,,,,,,,,,,,,,,,,,,,,,,,,,,,,,,,,,,,,,,,,,,,,,2026-09-22T13:55:59+00:00,"Imported in bulk from the Kaggle Car Specification Dataset 1945-2020. Per-value provenance is the dataset as a whole, not a fetched page for this vehicle.; Powertrain cleanup 2026-09-22T13:55:59+00:00: classified as ICE; energy carrier Gasoline. Basis: spark-ignition vehicle variant; no diesel/electric marker. The source dataset defines fuel_type, but the earlier canonical import did not carry the powertrain classification for this row."
vp-0e0d10,,,,,,,,,,,,,,,,ICE,,Diesel,,,,,,,,,,,,,,,,,,,,,,,,,,,,,,,,,,,,,,,,,,,,,,,,,,,,,,,,,,,,,,,,,,,,,,,,2026-09-22T13:55:59+00:00,"Imported in bulk from the Kaggle Car Specification Dataset 1945-2020. Per-value provenance is the dataset as a whole, not a fetched page for this vehicle. Kaggle held 2 records for this make/model/year/trim; the first was taken.; Powertrain cleanup 2026-09-22T13:55:59+00:00: classified as ICE; energy carrier Diesel. Basis: explicit D/TD notation in source variant. The source dataset defines fuel_type, but the earlier canonical import did not carry the powertrain classification for this row."
vp-2a9557,,,,,,,,,,,,,,,,ICE,,Gasoline,,,,,,,,,,,,,,,,,,,,,,,,,,,,,,,,,,,,,,,,,,,,,,,,,,,,,,,,,,,,,,,,,,,,,,,,2026-09-22T13:55:59+00:00,"Imported in bulk from the Kaggle Car Specification Dataset 1945-2020. Per-value provenance is the dataset as a whole, not a fetched page for this vehicle. Kaggle held 3 records for this make/model/year/trim; the first was taken.; Powertrain cleanup 2026-09-22T13:55:59+00:00: classified as ICE; energy carrier Gasoline. Basis: spark-ignition vehicle variant; no diesel/electric marker. The source dataset defines fuel_type, but the earlier canonical import did not carry the powertrain classification for this row."
vp-d9efe8,,,,,,,,,,,,,,,,ICE,,Gasoline,,,,,,,,,,,,,,,,,,,,,,,,,,,,,,,,,,,,,,,,,,,,,,,,,,,,,,,,,,,,,,,,,,,,,,,,2026-09-22T13:55:59+00:00,"Imported in bulk from the Kaggle Car Specification Dataset 1945-2020. Per-value provenance is the dataset as a whole, not a fetched page for this vehicle.; Powertrain cleanup 2026-09-22T13:55:59+00:00: classified as ICE; energy carrier Gasoline. Basis: spark-ignition vehicle variant; no diesel/electric marker. The source dataset defines fuel_type, but the earlier canonical import did not carry the powertrain classification for this row."
vp-b13fea,,,,,,,,,,,,,,,,ICE,,Gasoline,,,,,,,,,,,,,,,,,,,,,,,,,,,,,,,,,,,,,,,,,,,,,,,,,,,,,,,,,,,,,,,,,,,,,,,,2026-09-22T13:55:59+00:00,"Imported in bulk from the Kaggle Car Specification Dataset 1945-2020. Per-value provenance is the dataset as a whole, not a fetched page for this vehicle.; Powertrain cleanup 2026-09-22T13:55:59+00:00: classified as ICE; energy carrier Gasoline. Basis: spark-ignition vehicle variant; no diesel/electric marker. The source dataset defines fuel_type, but the earlier canonical import did not carry the powertrain classification for this row."
vp-b8a255,,,,,,,,,,,,,,,,ICE,,Gasoline,,,,,,,,,,,,,,,,,,,,,,,,,,,,,,,,,,,,,,,,,,,,,,,,,,,,,,,,,,,,,,,,,,,,,,,,2026-09-22T13:55:59+00:00,"Imported in bulk from the Kaggle Car Specification Dataset 1945-2020. Per-value provenance is the dataset as a whole, not a fetched page for this vehicle.; Powertrain cleanup 2026-09-22T13:55:59+00:00: classified as ICE; energy carrier Gasoline. Basis: spark-ignition vehicle variant; no diesel/electric marker. The source dataset defines fuel_type, but the earlier canonical import did not carry the powertrain classification for this row."
vp-231b08,,,,,,,,,,,,,,,,ICE,,Gasoline/Ethanol,,,,,,,,,,,,,,,,,,,,,,,,,,,,,,,,,,,,,,,,,,,,,,,,,,,,,,,,,,,,,,,,,,,,,,,,2026-09-22T13:55:59+00:00,"Imported in bulk from the Kaggle Car Specification Dataset 1945-2020. Per-value provenance is the dataset as a whole, not a fetched page for this vehicle.; Powertrain cleanup 2026-09-22T13:55:59+00:00: classified as ICE; energy carrier Gasoline/Ethanol. Basis: explicit Flex notation in source variant. The source dataset defines fuel_type, but the earlier canonical import did not carry the powertrain classification for this row."
vp-419398,,,,,,,,,,,,,,,,ICE,,Gasoline,,,,,,,,,,,,,,,,,,,,,,,,,,,,,,,,,,,,,,,,,,,,,,,,,,,,,,,,,,,,,,,,,,,,,,,,2026-09-22T13:55:59+00:00,"Imported in bulk from the Kaggle Car Specification Dataset 1945-2020. Per-value provenance is the dataset as a whole, not a fetched page for this vehicle. Kaggle held 3 records for this make/model/year/trim; the first was taken.; Powertrain cleanup 2026-09-22T13:55:59+00:00: classified as ICE; energy carrier Gasoline. Basis: spark-ignition vehicle variant; no diesel/electric marker. The source dataset defines fuel_type, but the earlier canonical import did not carry the powertrain classification for this row."
vp-7fa6c6,,,,,,,,,,,,,,,,ICE,,Gasoline,,,,,,,,,,,,,,,,,,,,,,,,,,,,,,,,,,,,,,,,,,,,,,,,,,,,,,,,,,,,,,,,,,,,,,,,2026-09-22T13:55:59+00:00,"Imported in bulk from the Kaggle Car Specification Dataset 1945-2020. Per-value provenance is the dataset as a whole, not a fetched page for this vehicle.; Powertrain cleanup 2026-09-22T13:55:59+00:00: classified as ICE; energy carrier Gasoline. Basis: spark-ignition vehicle variant; no diesel/electric marker. The source dataset defines fuel_type, but the earlier canonical import did not carry the powertrain classification for this row."
vp-1ad335,,,,,,,,,,,,,,,,ICE,,Gasoline,,,,,,,,,,,,,,,,,,,,,,,,,,,,,,,,,,,,,,,,,,,,,,,,,,,,,,,,,,,,,,,,,,,,,,,,2026-09-22T13:55:59+00:00,"Imported in bulk from the Kaggle Car Specification Dataset 1945-2020. Per-value provenance is the dataset as a whole, not a fetched page for this vehicle.; Powertrain cleanup 2026-09-22T13:55:59+00:00: classified as ICE; energy carrier Gasoline. Basis: spark-ignition vehicle variant; no diesel/electric marker. The source dataset defines fuel_type, but the earlier canonical import did not carry the powertrain classification for this row."
vp-af87f3,,,,,,,,,,,,,,,,ICE,,Gasoline,,,,,,,,,,,,,,,,,,,,,,,,,,,,,,,,,,,,,,,,,,,,,,,,,,,,,,,,,,,,,,,,,,,,,,,,2026-09-22T13:55:59+00:00,"Imported in bulk from the Kaggle Car Specification Dataset 1945-2020. Per-value provenance is the dataset as a whole, not a fetched page for this vehicle.; Powertrain cleanup 2026-09-22T13:55:59+00:00: classified as ICE; energy carrier Gasoline. Basis: spark-ignition vehicle variant; no diesel/electric marker. The source dataset defines fuel_type, but the earlier canonical import did not carry the powertrain classification for this row."
vp-682816,,,,,,,,,,,,,,,,ICE,,Gasoline,,,,,,,,,,,,,,,,,,,,,,,,,,,,,,,,,,,,,,,,,,,,,,,,,,,,,,,,,,,,,,,,,,,,,,,,2026-09-22T13:55:59+00:00,"Imported in bulk from the Kaggle Car Specification Dataset 1945-2020. Per-value provenance is the dataset as a whole, not a fetched page for this vehicle.; Powertrain cleanup 2026-09-22T13:55:59+00:00: classified as ICE; energy carrier Gasoline. Basis: spark-ignition vehicle variant; no diesel/electric marker. The source dataset defines fuel_type, but the earlier canonical import did not carry the powertrain classification for this row."
vp-d244d2,,,,,,,,,,,,,,,,ICE,,Gasoline,,,,,,,,,,,,,,,,,,,,,,,,,,,,,,,,,,,,,,,,,,,,,,,,,,,,,,,,,,,,,,,,,,,,,,,,2026-09-22T13:55:59+00:00,"Imported in bulk from the Kaggle Car Specification Dataset 1945-2020. Per-value provenance is the dataset as a whole, not a fetched page for this vehicle.; Powertrain cleanup 2026-09-22T13:55:59+00:00: classified as ICE; energy carrier Gasoline. Basis: spark-ignition vehicle variant; no diesel/electric marker. The source dataset defines fuel_type, but the earlier canonical import did not carry the powertrain classification for this row."
vp-6cb8e2,,,,,,,,,,,,,,,,ICE,,Gasoline,,,,,,,,,,,,,,,,,,,,,,,,,,,,,,,,,,,,,,,,,,,,,,,,,,,,,,,,,,,,,,,,,,,,,,,,2026-09-22T13:55:59+00:00,"Imported in bulk from the Kaggle Car Specification Dataset 1945-2020. Per-value provenance is the dataset as a whole, not a fetched page for this vehicle.; Powertrain cleanup 2026-09-22T13:55:59+00:00: classified as ICE; energy carrier Gasoline. Basis: spark-ignition vehicle variant; no diesel/electric marker. The source dataset defines fuel_type, but the earlier canonical import did not carry the powertrain classification for this row."
vp-41a69c,,,,,,,,,,,,,,,,ICE,,Gasoline,,,,,,,,,,,,,,,,,,,,,,,,,,,,,,,,,,,,,,,,,,,,,,,,,,,,,,,,,,,,,,,,,,,,,,,,2026-09-22T13:55:59+00:00,"Imported in bulk from the Kaggle Car Specification Dataset 1945-2020. Per-value provenance is the dataset as a whole, not a fetched page for this vehicle.; Powertrain cleanup 2026-09-22T13:55:59+00:00: classified as ICE; energy carrier Gasoline. Basis: spark-ignition vehicle variant; no diesel/electric marker. The source dataset defines fuel_type, but the earlier canonical import did not carry the powertrain classification for this row."
vp-c4cfc6,,,,,,,,,,,,,,,,ICE,,Gasoline,,,,,,,,,,,,,,,,,,,,,,,,,,,,,,,,,,,,,,,,,,,,,,,,,,,,,,,,,,,,,,,,,,,,,,,,2026-09-22T13:55:59+00:00,"Imported in bulk from the Kaggle Car Specification Dataset 1945-2020. Per-value provenance is the dataset as a whole, not a fetched page for this vehicle.; Powertrain cleanup 2026-09-22T13:55:59+00:00: classified as ICE; energy carrier Gasoline. Basis: spark-ignition vehicle variant; no diesel/electric marker. The source dataset defines fuel_type, but the earlier canonical import did not carry the powertrain classification for this row."
vp-63c736,,,,,,,,,,,,,,,,ICE,,Gasoline,,,,,,,,,,,,,,,,,,,,,,,,,,,,,,,,,,,,,,,,,,,,,,,,,,,,,,,,,,,,,,,,,,,,,,,,2026-09-22T13:55:59+00:00,"Imported in bulk from the Kaggle Car Specification Dataset 1945-2020. Per-value provenance is the dataset as a whole, not a fetched page for this vehicle.; Powertrain cleanup 2026-09-22T13:55:59+00:00: classified as ICE; energy carrier Gasoline. Basis: spark-ignition vehicle variant; no diesel/electric marker. The source dataset defines fuel_type, but the earlier canonical import did not carry the powertrain classification for this row."
vp-66712f,,,,,,,,,,,,,,,,ICE,,Gasoline,,,,,,,,,,,,,,,,,,,,,,,,,,,,,,,,,,,,,,,,,,,,,,,,,,,,,,,,,,,,,,,,,,,,,,,,2026-09-22T13:55:59+00:00,"Imported in bulk from the Kaggle Car Specification Dataset 1945-2020. Per-value provenance is the dataset as a whole, not a fetched page for this vehicle. Kaggle held 10 records for this make/model/year/trim; the first was taken.; Powertrain cleanup 2026-09-22T13:55:59+00:00: classified as ICE; energy carrier Gasoline. Basis: spark-ignition vehicle variant; no diesel/electric marker. The source dataset defines fuel_type, but the earlier canonical import did not carry the powertrain classification for this row."
vp-6700de,,,,,,,,,,,,,,,,ICE,,Gasoline,,,,,,,,,,,,,,,,,,,,,,,,,,,,,,,,,,,,,,,,,,,,,,,,,,,,,,,,,,,,,,,,,,,,,,,,2026-09-22T13:55:59+00:00,"Imported in bulk from the Kaggle Car Specification Dataset 1945-2020. Per-value provenance is the dataset as a whole, not a fetched page for this vehicle. Kaggle held 3 records for this make/model/year/trim; the first was taken.; Powertrain cleanup 2026-09-22T13:55:59+00:00: classified as ICE; energy carrier Gasoline. Basis: spark-ignition vehicle variant; no diesel/electric marker. The source dataset defines fuel_type, but the earlier canonical import did not carry the powertrain classification for this row."
vp-05412b,,,,,,,,,,,,,,,,ICE,,Gasoline,,,,,,,,,,,,,,,,,,,,,,,,,,,,,,,,,,,,,,,,,,,,,,,,,,,,,,,,,,,,,,,,,,,,,,,,2026-09-22T13:55:59+00:00,"Imported in bulk from the Kaggle Car Specification Dataset 1945-2020. Per-value provenance is the dataset as a whole, not a fetched page for this vehicle. Kaggle held 2 records for this make/model/year/trim; the first was taken.; Powertrain cleanup 2026-09-22T13:55:59+00:00: classified as ICE; energy carrier Gasoline. Basis: spark-ignition vehicle variant; no diesel/electric marker. The source dataset defines fuel_type, but the earlier canonical import did not carry the powertrain classification for this row."
vp-59a2fc,,,,,,,,,,,,,,,,ICE,,Gasoline,,,,,,,,,,,,,,,,,,,,,,,,,,,,,,,,,,,,,,,,,,,,,,,,,,,,,,,,,,,,,,,,,,,,,,,,2026-09-22T13:55:59+00:00,"Imported in bulk from the Kaggle Car Specification Dataset 1945-2020. Per-value provenance is the dataset as a whole, not a fetched page for this vehicle. Kaggle held 2 records for this make/model/year/trim; the first was taken.; Powertrain cleanup 2026-09-22T13:55:59+00:00: classified as ICE; energy carrier Gasoline. Basis: spark-ignition vehicle variant; no diesel/electric marker. The source dataset defines fuel_type, but the earlier canonical import did not carry the powertrain classification for this row."
vp-4ea0e9,,,,,,,,,,,,,,,,ICE,,Gasoline,,,,,,,,,,,,,,,,,,,,,,,,,,,,,,,,,,,,,,,,,,,,,,,,,,,,,,,,,,,,,,,,,,,,,,,,2026-09-22T13:55:59+00:00,"Imported in bulk from the Kaggle Car Specification Dataset 1945-2020. Per-value provenance is the dataset as a whole, not a fetched page for this vehicle. Kaggle held 2 records for this make/model/year/trim; the first was taken.; Powertrain cleanup 2026-09-22T13:55:59+00:00: classified as ICE; energy carrier Gasoline. Basis: spark-ignition vehicle variant; no diesel/electric marker. The source dataset defines fuel_type, but the earlier canonical import did not carry the powertrain classification for this row."
vp-42b428,,,,,,,,,,,,,,,,ICE,,Gasoline,,,,,,,,,,,,,,,,,,,,,,,,,,,,,,,,,,,,,,,,,,,,,,,,,,,,,,,,,,,,,,,,,,,,,,,,2026-09-22T13:55:59+00:00,"Imported in bulk from the Kaggle Car Specification Dataset 1945-2020. Per-value provenance is the dataset as a whole, not a fetched page for this vehicle. Kaggle held 2 records for this make/model/year/trim; the first was taken.; Powertrain cleanup 2026-09-22T13:55:59+00:00: classified as ICE; energy carrier Gasoline. Basis: spark-ignition vehicle variant; no diesel/electric marker. The source dataset defines fuel_type, but the earlier canonical import did not carry the powertrain classification for this row."
vp-5ab833,,,,,,,,,,,,,,,,ICE,,Gasoline,,,,,,,,,,,,,,,,,,,,,,,,,,,,,,,,,,,,,,,,,,,,,,,,,,,,,,,,,,,,,,,,,,,,,,,,2026-09-22T13:55:59+00:00,"Imported in bulk from the Kaggle Car Specification Dataset 1945-2020. Per-value provenance is the dataset as a whole, not a fetched page for this vehicle.; Powertrain cleanup 2026-09-22T13:55:59+00:00: classified as ICE; energy carrier Gasoline. Basis: spark-ignition vehicle variant; no diesel/electric marker. The source dataset defines fuel_type, but the earlier canonical import did not carry the powertrain classification for this row."
vp-e03abb,,,,,,,,,,,,,,,,ICE,,Gasoline,,,,,,,,,,,,,,,,,,,,,,,,,,,,,,,,,,,,,,,,,,,,,,,,,,,,,,,,,,,,,,,,,,,,,,,,2026-09-22T13:55:59+00:00,"Imported in bulk from the Kaggle Car Specification Dataset 1945-2020. Per-value provenance is the dataset as a whole, not a fetched page for this vehicle.; Powertrain cleanup 2026-09-22T13:55:59+00:00: classified as ICE; energy carrier Gasoline. Basis: spark-ignition vehicle variant; no diesel/electric marker. The source dataset defines fuel_type, but the earlier canonical import did not carry the powertrain classification for this row."
vp-f8a6d9,,,,,,,,,,,,,,,,ICE,,Gasoline,,,,,,,,,,,,,,,,,,,,,,,,,,,,,,,,,,,,,,,,,,,,,,,,,,,,,,,,,,,,,,,,,,,,,,,,2026-09-22T13:55:59+00:00,"Imported in bulk from the Kaggle Car Specification Dataset 1945-2020. Per-value provenance is the dataset as a whole, not a fetched page for this vehicle.; Powertrain cleanup 2026-09-22T13:55:59+00:00: classified as ICE; energy carrier Gasoline. Basis: spark-ignition vehicle variant; no diesel/electric marker. The source dataset defines fuel_type, but the earlier canonical import did not carry the powertrain classification for this row."
vp-697e1e,,,,,,,,,,,,,,,,ICE,,Gasoline,,,,,,,,,,,,,,,,,,,,,,,,,,,,,,,,,,,,,,,,,,,,,,,,,,,,,,,,,,,,,,,,,,,,,,,,2026-09-22T13:55:59+00:00,"Imported in bulk from the Kaggle Car Specification Dataset 1945-2020. Per-value provenance is the dataset as a whole, not a fetched page for this vehicle.; Powertrain cleanup 2026-09-22T13:55:59+00:00: classified as ICE; energy carrier Gasoline. Basis: spark-ignition vehicle variant; no diesel/electric marker. The source dataset defines fuel_type, but the earlier canonical import did not carry the powertrain classification for this row."
vp-5bbbc4,,,,,,,,,,,,,,,,ICE,,Diesel,,,,,,,,,,,,,,,,,,,,,,,,,,,,,,,,,,,,,,,,,,,,,,,,,,,,,,,,,,,,,,,,,,,,,,,,2026-09-22T13:55:59+00:00,"Imported in bulk from the Kaggle Car Specification Dataset 1945-2020. Per-value provenance is the dataset as a whole, not a fetched page for this vehicle. Kaggle held 2 records for this make/model/year/trim; the first was taken.; Powertrain cleanup 2026-09-22T13:55:59+00:00: classified as ICE; energy carrier Diesel. Basis: explicit D/TD notation in source variant. The source dataset defines fuel_type, but the earlier canonical import did not carry the powertrain classification for this row."
vp-d32702,,,,,,,,,,,,,,,,ICE,,Gasoline,,,,,,,,,,,,,,,,,,,,,,,,,,,,,,,,,,,,,,,,,,,,,,,,,,,,,,,,,,,,,,,,,,,,,,,,2026-09-22T13:55:59+00:00,"Imported in bulk from the Kaggle Car Specification Dataset 1945-2020. Per-value provenance is the dataset as a whole, not a fetched page for this vehicle.; Powertrain cleanup 2026-09-22T13:55:59+00:00: classified as ICE; energy carrier Gasoline. Basis: spark-ignition vehicle variant; no diesel/electric marker. The source dataset defines fuel_type, but the earlier canonical import did not carry the powertrain classification for this row."
vp-9da661,,,,,,,,,,,,,,,,ICE,,Gasoline,,,,,,,,,,,,,,,,,,,,,,,,,,,,,,,,,,,,,,,,,,,,,,,,,,,,,,,,,,,,,,,,,,,,,,,,2026-09-22T13:55:59+00:00,"Imported in bulk from the Kaggle Car Specification Dataset 1945-2020. Per-value provenance is the dataset as a whole, not a fetched page for this vehicle.; Powertrain cleanup 2026-09-22T13:55:59+00:00: classified as ICE; energy carrier Gasoline. Basis: spark-ignition vehicle variant; no diesel/electric marker. The source dataset defines fuel_type, but the earlier canonical import did not carry the powertrain classification for this row."
vp-0f8bc5,,,,,,,,,,,,,,,,ICE,,Gasoline,,,,,,,,,,,,,,,,,,,,,,,,,,,,,,,,,,,,,,,,,,,,,,,,,,,,,,,,,,,,,,,,,,,,,,,,2026-09-22T13:55:59+00:00,"Imported in bulk from the Kaggle Car Specification Dataset 1945-2020. Per-value provenance is the dataset as a whole, not a fetched page for this vehicle. Kaggle held 3 records for this make/model/year/trim; the first was taken.; Powertrain cleanup 2026-09-22T13:55:59+00:00: classified as ICE; energy carrier Gasoline. Basis: spark-ignition vehicle variant; no diesel/electric marker. The source dataset defines fuel_type, but the earlier canonical import did not carry the powertrain classification for this row."
vp-584626,,,,,,,,,,,,,,,,ICE,,Gasoline,,,,,,,,,,,,,,,,,,,,,,,,,,,,,,,,,,,,,,,,,,,,,,,,,,,,,,,,,,,,,,,,,,,,,,,,2026-09-22T13:55:59+00:00,"Imported in bulk from the Kaggle Car Specification Dataset 1945-2020. Per-value provenance is the dataset as a whole, not a fetched page for this vehicle.; Powertrain cleanup 2026-09-22T13:55:59+00:00: classified as ICE; energy carrier Gasoline. Basis: spark-ignition vehicle variant; no diesel/electric marker. The source dataset defines fuel_type, but the earlier canonical import did not carry the powertrain classification for this row."
vp-061dc3,,,,,,,,,,,,,,,,ICE,,Gasoline,,,,,,,,,,,,,,,,,,,,,,,,,,,,,,,,,,,,,,,,,,,,,,,,,,,,,,,,,,,,,,,,,,,,,,,,2026-09-22T13:55:59+00:00,"Imported in bulk from the Kaggle Car Specification Dataset 1945-2020. Per-value provenance is the dataset as a whole, not a fetched page for this vehicle.; Powertrain cleanup 2026-09-22T13:55:59+00:00: classified as ICE; energy carrier Gasoline. Basis: spark-ignition vehicle variant; no diesel/electric marker. The source dataset defines fuel_type, but the earlier canonical import did not carry the powertrain classification for this row."
vp-d6edc8,,,,,,,,,,,,,,,,ICE,,Gasoline,,,,,,,,,,,,,,,,,,,,,,,,,,,,,,,,,,,,,,,,,,,,,,,,,,,,,,,,,,,,,,,,,,,,,,,,2026-09-22T13:55:59+00:00,"Imported in bulk from the Kaggle Car Specification Dataset 1945-2020. Per-value provenance is the dataset as a whole, not a fetched page for this vehicle.; Powertrain cleanup 2026-09-22T13:55:59+00:00: classified as ICE; energy carrier Gasoline. Basis: 1.4 gasoline calibration represented by this source row. The source dataset defines fuel_type, but the earlier canonical import did not carry the powertrain classification for this row."
vp-f3093f,,,,,,,,,,,,,,,,ICE,,Gasoline,,,,,,,,,,,,,,,,,,,,,,,,,,,,,,,,,,,,,,,,,,,,,,,,,,,,,,,,,,,,,,,,,,,,,,,,2026-09-22T13:55:59+00:00,"Imported in bulk from the Kaggle Car Specification Dataset 1945-2020. Per-value provenance is the dataset as a whole, not a fetched page for this vehicle. Kaggle held 3 records for this make/model/year/trim; the first was taken.; Powertrain cleanup 2026-09-22T13:55:59+00:00: classified as ICE; energy carrier Gasoline. Basis: spark-ignition vehicle variant; no diesel/electric marker. The source dataset defines fuel_type, but the earlier canonical import did not carry the powertrain classification for this row."
vp-0ad162,,,,,,,,,,,,,,,,ICE,,Gasoline,,,,,,,,,,,,,,,,,,,,,,,,,,,,,,,,,,,,,,,,,,,,,,,,,,,,,,,,,,,,,,,,,,,,,,,,2026-09-22T13:55:59+00:00,"Imported in bulk from the Kaggle Car Specification Dataset 1945-2020. Per-value provenance is the dataset as a whole, not a fetched page for this vehicle.; Powertrain cleanup 2026-09-22T13:55:59+00:00: classified as ICE; energy carrier Gasoline. Basis: spark-ignition vehicle variant; no diesel/electric marker. The source dataset defines fuel_type, but the earlier canonical import did not carry the powertrain classification for this row."
vp-d31c20,,,,,,,,,,,,,,,,ICE,,Gasoline,,,,,,,,,,,,,,,,,,,,,,,,,,,,,,,,,,,,,,,,,,,,,,,,,,,,,,,,,,,,,,,,,,,,,,,,2026-09-22T13:55:59+00:00,"Imported in bulk from the Kaggle Car Specification Dataset 1945-2020. Per-value provenance is the dataset as a whole, not a fetched page for this vehicle.; Powertrain cleanup 2026-09-22T13:55:59+00:00: classified as ICE; energy carrier Gasoline. Basis: spark-ignition vehicle variant; no diesel/electric marker. The source dataset defines fuel_type, but the earlier canonical import did not carry the powertrain classification for this row."
vp-d2b760,,,,,,,,,,,,,,,,ICE,,Gasoline,,,,,,,,,,,,,,,,,,,,,,,,,,,,,,,,,,,,,,,,,,,,,,,,,,,,,,,,,,,,,,,,,,,,,,,,2026-09-22T13:55:59+00:00,"Imported in bulk from the Kaggle Car Specification Dataset 1945-2020. Per-value provenance is the dataset as a whole, not a fetched page for this vehicle.; Powertrain cleanup 2026-09-22T13:55:59+00:00: classified as ICE; energy carrier Gasoline. Basis: spark-ignition vehicle variant; no diesel/electric marker. The source dataset defines fuel_type, but the earlier canonical import did not carry the powertrain classification for this row."
vp-da6e96,,,,,,,,,,,,,,,,ICE,,Gasoline,,,,,,,,,,,,,,,,,,,,,,,,,,,,,,,,,,,,,,,,,,,,,,,,,,,,,,,,,,,,,,,,,,,,,,,,2026-09-22T13:55:59+00:00,"Imported in bulk from the Kaggle Car Specification Dataset 1945-2020. Per-value provenance is the dataset as a whole, not a fetched page for this vehicle.; Powertrain cleanup 2026-09-22T13:55:59+00:00: classified as ICE; energy carrier Gasoline. Basis: spark-ignition vehicle variant; no diesel/electric marker. The source dataset defines fuel_type, but the earlier canonical import did not carry the powertrain classification for this row."
vp-a31a9b,,,,,,,,,,,,,,,,ICE,,Gasoline,,,,,,,,,,,,,,,,,,,,,,,,,,,,,,,,,,,,,,,,,,,,,,,,,,,,,,,,,,,,,,,,,,,,,,,,2026-09-22T13:55:59+00:00,"Imported in bulk from the Kaggle Car Specification Dataset 1945-2020. Per-value provenance is the dataset as a whole, not a fetched page for this vehicle.; Powertrain cleanup 2026-09-22T13:55:59+00:00: classified as ICE; energy carrier Gasoline. Basis: spark-ignition vehicle variant; no diesel/electric marker. The source dataset defines fuel_type, but the earlier canonical import did not carry the powertrain classification for this row."
vp-15fe85,,,,,,,,,,,,,,,,ICE,,Gasoline,,,,,,,,,,,,,,,,,,,,,,,,,,,,,,,,,,,,,,,,,,,,,,,,,,,,,,,,,,,,,,,,,,,,,,,,2026-09-22T13:55:59+00:00,"Imported in bulk from the Kaggle Car Specification Dataset 1945-2020. Per-value provenance is the dataset as a whole, not a fetched page for this vehicle.; Powertrain cleanup 2026-09-22T13:55:59+00:00: classified as ICE; energy carrier Gasoline. Basis: spark-ignition vehicle variant; no diesel/electric marker. The source dataset defines fuel_type, but the earlier canonical import did not carry the powertrain classification for this row."
vp-123b7a,ГАЗ,ГАЗ-322132,,,,,,M2,,,,,,,,,,,,,,,,,,,,,,,,,,,,,,,,,,,,,,,,,,,,,,,,,,185/75R16C,,,,,,,,,,,,,,,,,,,,,,,,,,,,,,,,2026-09-22T14:17:09+00:00,Exact GAZ-322132 specification lists 185/75R16C; a vehicle-sale record for the same model also records 185/75R16C tyres. Tyre evidence: exact-model-specification; https://komsmash.ru/katalog/gazel-biznes-mikroavtobus/gazel-biznes-mikroavtobus-gaz-322132.html; locator: Specifications: Шины; secondary: https://b2b.house/activepurchase/s8c138820-92eb-4c13-9d79-8b0fc3d30289_0b28cf39/
vp-06d121,ПАЗ,ПАЗ-3205-110,,,,,,M3,,,,,,,,,,,,,,,,,,,,,,,,,,,,,,,,,,,,,,,,,,,,,,,,,,8.25R20,,,,,,,,,,,,,,,,,,,,,,,,,,,,,,,,2026-09-22T14:17:09+00:00,"The project tyre catalogue already transcribes NIIAT printed p.230 as the radial 8.25 R20 PAZ-3205 family table. This records the source-backed family size, not a claim that every modification used one unique tyre brand. Tyre evidence: same-source-family-table; kratkii_avtomobilnyi_spravochnik_niiat_tom_1_2002.pdf; locator: printed p. 230; PAZ-3205 tyre-service table; secondary: https://www.autoopt.ru/auto/encyclopedia/bus/paz/mark/paz-3205-110"
vp-85cdee,ПАЗ,ПАЗ-32051-110,,,,,,M3,,,,,,,,,,,,,,,,,,,,,,,,,,,,,,,,,,,,,,,,,,,,,,,,,,8.25R20,,,,,,,,,,,,,,,,,,,,,,,,,,,,,,,,2026-09-22T14:17:09+00:00,"The project tyre catalogue already transcribes NIIAT printed p.230 as the radial 8.25 R20 PAZ-3205 family table. This records the source-backed family size, not a claim that every modification used one unique tyre brand. Tyre evidence: same-source-family-table; kratkii_avtomobilnyi_spravochnik_niiat_tom_1_2002.pdf; locator: printed p. 230; PAZ-3205 tyre-service table; secondary: https://www.autoopt.ru/auto/encyclopedia/bus/paz/mark/paz-3205-110"
vp-92b243,ПАЗ,ПАЗ-3205-110-50,,,,,,M3,,,,,,,,,,,,,,,,,,,,,,,,,,,,,,,,,,,,,,,,,,,,,,,,,,8.25R20,,,,,,,,,,,,,,,,,,,,,,,,,,,,,,,,2026-09-22T14:17:09+00:00,"The project tyre catalogue already transcribes NIIAT printed p.230 as the radial 8.25 R20 PAZ-3205 family table. This records the source-backed family size, not a claim that every modification used one unique tyre brand. Tyre evidence: same-source-family-table; kratkii_avtomobilnyi_spravochnik_niiat_tom_1_2002.pdf; locator: printed p. 230; PAZ-3205 tyre-service table; secondary: https://www.autoopt.ru/auto/encyclopedia/bus/paz/mark/paz-3205-110"
vp-77b4e8,ПАЗ,ПАЗ-32051-110-50,,,,,,M3,,,,,,,,,,,,,,,,,,,,,,,,,,,,,,,,,,,,,,,,,,,,,,,,,,8.25R20,,,,,,,,,,,,,,,,,,,,,,,,,,,,,,,,2026-09-22T14:17:09+00:00,"The project tyre catalogue already transcribes NIIAT printed p.230 as the radial 8.25 R20 PAZ-3205 family table. This records the source-backed family size, not a claim that every modification used one unique tyre brand. Tyre evidence: same-source-family-table; kratkii_avtomobilnyi_spravochnik_niiat_tom_1_2002.pdf; locator: printed p. 230; PAZ-3205 tyre-service table; secondary: https://www.autoopt.ru/auto/encyclopedia/bus/paz/mark/paz-3205-110"
vp-d39498,ПАЗ,ПАЗ-3205-110-60,,,,,,M3,,,,,,,,,,,,,,,,,,,,,,,,,,,,,,,,,,,,,,,,,,,,,,,,,,8.25R20,,,,,,,,,,,,,,,,,,,,,,,,,,,,,,,,2026-09-22T14:17:09+00:00,"The project tyre catalogue already transcribes NIIAT printed p.230 as the radial 8.25 R20 PAZ-3205 family table. This records the source-backed family size, not a claim that every modification used one unique tyre brand. Tyre evidence: same-source-family-table; kratkii_avtomobilnyi_spravochnik_niiat_tom_1_2002.pdf; locator: printed p. 230; PAZ-3205 tyre-service table; secondary: https://www.autoopt.ru/auto/encyclopedia/bus/paz/mark/paz-3205-110"
vp-99d001,ПАЗ,ПАЗ-32051-110-60,,,,,,M3,,,,,,,,,,,,,,,,,,,,,,,,,,,,,,,,,,,,,,,,,,,,,,,,,,8.25R20,,,,,,,,,,,,,,,,,,,,,,,,,,,,,,,,2026-09-22T14:17:09+00:00,"The project tyre catalogue already transcribes NIIAT printed p.230 as the radial 8.25 R20 PAZ-3205 family table. This records the source-backed family size, not a claim that every modification used one unique tyre brand. Tyre evidence: same-source-family-table; kratkii_avtomobilnyi_spravochnik_niiat_tom_1_2002.pdf; locator: printed p. 230; PAZ-3205 tyre-service table; secondary: https://www.autoopt.ru/auto/encyclopedia/bus/paz/mark/paz-3205-110"
vp-012023,ПАЗ,ПАЗ-320507-110,,,,,,M3,,,,,,,,,,,,,,,,,,,,,,,,,,,,,,,,,,,,,,,,,,,,,,,,,,8.25R20,,,,,,,,,,,,,,,,,,,,,,,,,,,,,,,,2026-09-22T14:17:09+00:00,"The project tyre catalogue already transcribes NIIAT printed p.230 as the radial 8.25 R20 PAZ-3205 family table. This records the source-backed family size, not a claim that every modification used one unique tyre brand. Tyre evidence: same-source-family-table; kratkii_avtomobilnyi_spravochnik_niiat_tom_1_2002.pdf; locator: printed p. 230; PAZ-3205 tyre-service table; secondary: https://www.autoopt.ru/auto/encyclopedia/bus/paz/mark/paz-3205-110"
vp-9cdf81,ПАЗ,ПАЗ-320517-110,,,,,,M3,,,,,,,,,,,,,,,,,,,,,,,,,,,,,,,,,,,,,,,,,,,,,,,,,,8.25R20,,,,,,,,,,,,,,,,,,,,,,,,,,,,,,,,2026-09-22T14:17:09+00:00,"The project tyre catalogue already transcribes NIIAT printed p.230 as the radial 8.25 R20 PAZ-3205 family table. This records the source-backed family size, not a claim that every modification used one unique tyre brand. Tyre evidence: same-source-family-table; kratkii_avtomobilnyi_spravochnik_niiat_tom_1_2002.pdf; locator: printed p. 230; PAZ-3205 tyre-service table; secondary: https://www.autoopt.ru/auto/encyclopedia/bus/paz/mark/paz-3205-110"
vp-79cc80,ПАЗ,ПАЗ-3205-110-20,,,,,,M3,,,,,,,,,,,,,,,,,,,,,,,,,,,,,,,,,,,,,,,,,,,,,,,,,,8.25R20,,,,,,,,,,,,,,,,,,,,,,,,,,,,,,,,2026-09-22T14:17:09+00:00,"The project tyre catalogue already transcribes NIIAT printed p.230 as the radial 8.25 R20 PAZ-3205 family table. This records the source-backed family size, not a claim that every modification used one unique tyre brand. Tyre evidence: same-source-family-table; kratkii_avtomobilnyi_spravochnik_niiat_tom_1_2002.pdf; locator: printed p. 230; PAZ-3205 tyre-service table; secondary: https://www.autoopt.ru/auto/encyclopedia/bus/paz/mark/paz-3205-110"
vp-e9659c,ПАЗ,ПАЗ-3205-110-21,,,,,,M3,,,,,,,,,,,,,,,,,,,,,,,,,,,,,,,,,,,,,,,,,,,,,,,,,,8.25R20,,,,,,,,,,,,,,,,,,,,,,,,,,,,,,,,2026-09-22T14:17:09+00:00,"The project tyre catalogue already transcribes NIIAT printed p.230 as the radial 8.25 R20 PAZ-3205 family table. This records the source-backed family size, not a claim that every modification used one unique tyre brand. Tyre evidence: same-source-family-table; kratkii_avtomobilnyi_spravochnik_niiat_tom_1_2002.pdf; locator: printed p. 230; PAZ-3205 tyre-service table; secondary: https://www.autoopt.ru/auto/encyclopedia/bus/paz/mark/paz-3205-110"
vp-b36ec6,ПАЗ,ПАЗ-3205-110-22,,,,,,M3,,,,,,,,,,,,,,,,,,,,,,,,,,,,,,,,,,,,,,,,,,,,,,,,,,8.25R20,,,,,,,,,,,,,,,,,,,,,,,,,,,,,,,,2026-09-22T14:17:09+00:00,"The project tyre catalogue already transcribes NIIAT printed p.230 as the radial 8.25 R20 PAZ-3205 family table. This records the source-backed family size, not a claim that every modification used one unique tyre brand. Tyre evidence: same-source-family-table; kratkii_avtomobilnyi_spravochnik_niiat_tom_1_2002.pdf; locator: printed p. 230; PAZ-3205 tyre-service table; secondary: https://www.autoopt.ru/auto/encyclopedia/bus/paz/mark/paz-3205-110"
vp-1ffb60,ПАЗ,ПАЗ-3205-110-80,,,,,,M3,,,,,,,,,,,,,,,,,,,,,,,,,,,,,,,,,,,,,,,,,,,,,,,,,,8.25R20,,,,,,,,,,,,,,,,,,,,,,,,,,,,,,,,2026-09-22T14:17:09+00:00,"The project tyre catalogue already transcribes NIIAT printed p.230 as the radial 8.25 R20 PAZ-3205 family table. This records the source-backed family size, not a claim that every modification used one unique tyre brand. Tyre evidence: same-source-family-table; kratkii_avtomobilnyi_spravochnik_niiat_tom_1_2002.pdf; locator: printed p. 230; PAZ-3205 tyre-service table; secondary: https://www.autoopt.ru/auto/encyclopedia/bus/paz/mark/paz-3205-110"
vp-eaba4e,Škoda,32Tr SOR,"low-entry, 3-door",,,,,M3,,,,,,,,,,,,,,,,,,,,,,,,,,,,,,,,,,,,,,,,,,,,,,,,,,275/70R22.5,,,,,,,,,,,,,,,,,,,,,,,,,,,,,,,,2026-09-22T14:17:09+00:00,Official 32Tr technical description specifies radial low-profile 275/70 R22.5 tyres with M+S marking. Tyre evidence: official-exact-model-technical-description; https://smlouvy.gov.cz/smlouva/soubor/34983211/p%C5%99%C3%ADloha%20%C4%8D.%202.2%20technick%C3%BD%20popis%20-%20parci%C3%A1ln%C3%AD%20trolejbus.pdf?backlink=cnadr; locator: §4.2 KOLA A PNEUMATIKY
vp-396d03,Fiat,Doblo Cargo,1.2 MTJ (85 Hp),,,,,N1,,,,,,,,,,,,,,,,,,,,,,,,,,,,,,,,,,,,,,,,,,,,,,,,,,185/65R15,,,,,,,,,,,,,,,,,,,,,,,,,,,,,,,,2026-09-22T14:17:09+00:00,The exact source row lists 185/65R15. Tyre evidence: exact-source-row; https://truck-data.com/en/light-truck/Fiat/Doblo-Cargo/1.2-MTJ-(85-Hp)/176; locator: Dimensions and weight → Tires
vp-1d9e7e,Fiat,Doblo Cargo,1.3 JTD MultiJet (70 Hp),,,,,N1,,,,,,,,,,,,,,,,,,,,,,,,,,,,,,,,,,,,,,,,,,,,,,,,,,175/70R14,,,,,,,,,,,,,,,,,,,,,,,,,,,,,,,,2026-09-22T14:17:09+00:00,The exact source row lists 175/70 R14. Tyre evidence: exact-source-row; https://truck-data.com/en/light-truck/Fiat/Doblo-Cargo/1.3-JTD-MultiJet-(70-Hp)/177; locator: Dimensions and weight → Tires
vp-dcabfc,Ford,Tourneo Connect,1.8 TDCi (75Hp),,,,,N1,,,,,,,,,,,,,,,,,,,,,,,,,,,,,,,,,,,,,,,,,,,,,,,,,,195/65R15,,,,,,,,,,,,,,,,,,,,,,,,,,,,,,,,2026-09-22T14:17:09+00:00,The exact source row lists 195/65R15. Tyre evidence: exact-source-row; https://truck-data.com/en/light-truck/Ford/Tourneo-Connect/1.8-TDCi-(75Hp)/382; locator: Dimensions and weight → Tires
vp-f06ced,Renault,Master II Van,L3H2 2.5 dCi 115,,,,,N1,,,,,,,,,,,,,,,,,,,,,,,,,,,,,,,,,,,,,,,,,,,,,,,,,,215/65R16,,,,,,,,,,,,,,,,,,,,,,,,,,,,,,,,2026-09-22T14:17:09+00:00,The exact source row lists 215/65 R16. Tyre evidence: exact-source-row; https://truck-data.com/en/light-truck/Renault/Master-II-Van/L3H2-2.5-dCi-115/642; locator: Dimensions and weight → Tires
vp-e75f99,Volkswagen,LT III Van,"LT 28 2,5 TDI 109Hp average base",,,,,N1,,,,,,,,,,,,,,,,,,,,,,,,,,,,,,,,,,,,,,,,,,,,,,,,,,195/70R15,,,,,,,,,,,,,,,,,,,,,,,,,,,,,,,,2026-09-22T14:17:09+00:00,"The exact source row lists 195/70 R15. Tyre evidence: exact-source-row; https://truck-data.com/en/light-truck/Volkswagen/LT-III-Van/LT-28-2,5-TDI-109Hp-average-base/2224; locator: Dimensions and weight → Tires"
vp-a53d15,Volkswagen,LT III Van,"LT 28 2,5 TDI 109Hp short base",,,,,N1,,,,,,,,,,,,,,,,,,,,,,,,,,,,,,,,,,,,,,,,,,,,,,,,,,195/70R15C,,,,,,,,,,,,,,,,,,,,,,,,,,,,,,,,2026-09-22T14:17:09+00:00,"The exact source row lists 195/70 R15 C. Tyre evidence: exact-source-row; https://truck-data.com/en/light-truck/Volkswagen/LT-III-Van/LT-28-2,5-TDI-109Hp-short-base/2223; locator: Dimensions and weight → Tires"
vp-f60e18,Volkswagen,LT III Van,"LT 28 2,5 TDI 83Hp average base",,,,,N1,,,,,,,,,,,,,,,,,,,,,,,,,,,,,,,,,,,,,,,,,,,,,,,,,,195/70R15,,,,,,,,,,,,,,,,,,,,,,,,,,,,,,,,2026-09-22T14:17:09+00:00,"The exact source row lists 195/70 R15. Tyre evidence: exact-source-row; https://truck-data.com/en/light-truck/Volkswagen/LT-III-Van/LT-28-2,5-TDI-83Hp-average-base/2226; locator: Dimensions and weight → Tires"
vp-ae64b8,Ford,Ranger,Double Cab High Rider XLT 4x4 3.2 TDCi,,,,,N1,,,,,,,,,,,,,,,,,,,,,,,,,,,,,,,,,,,,,,,,,,,,,,,,,,265/65R17 112T,,,,,,,,,,,,,,,,,,,,,,,,,,,,,,,,2026-09-22T14:17:09+00:00,Ford owner data includes 265/65R17 112T; an exact 3.2 TDCi XLT 4x4 listing corroborates 265/65R17 front/rear. Tyre evidence: manufacturer-spec-plus-exact-trim-corroboration; https://www.fordservicecontent.com/Ford_Content/vdirsnet/OwnerManual/Home/Content?ProcUid=G1970540&Uid=G1970539&buildtype=web&countryCode=USA&div=f&languageCode=en&vFilteringEnabled=False&variantid=6124; locator: Wheels and Tires → Technical Specifications; secondary: https://www.changecars.co.za/new-or-used-cars-for-sale/gauteng/vanderbijlpark/extended-cab/ford/ranger/3-2-tdci-xlt/1209489
vp-add9f4,Scania,New Griffin,P340 LA4X2HNA,,,,,N3,,,,,,,,,,,,,,,,,,,,,,,,,,,,,,,,,,,,,,,,,,,,,,,,,,315/70R22.5,,,,,,,,,,,,,,,,,,,,,,,,,,,,,,,,2026-09-22T14:17:09+00:00,Exact P340 LA4X2HNA page lists GoodYear or Michelin 315/70R22.5. Tyre evidence: exact-model-configuration; https://truck-data.com/en/truck/Scania/P340/P340-LA4X2HNA/610; locator: Dimension and weight → Tires dimensions
vp-02597b,Mazda,MX-30,First Edition,,,,,M1,,,,,,,,,,,,,,,,,,,,,,,,,,,,,,,,,,,,,,,,,,,,,,,,,,215/55R18 95H,,,,,,,,,,,,,,,,,,,,,,,,,,,,,,,,2026-09-22T14:44:07+00:00,Mazda's MX-30 owner/specification material states 215/55R18 95H as the standard tyre. Tyre evidence: manufacturer-model-standard-fitment; https://www2.mazda.co.jp/carlife/owner/manual/mx-30/dr/eda/contents/20010118.html; locator: MX-30 owner manual: standard tyre; secondary: https://www.mazda.co.jp/content/dam/mazda/official/mazda-co-jp/cars/passenger/mx-30/catalog_spec/pdf/mx-30_specification_202503.pdf
vp-c33f36,Mazda,MX-30,Luxury,,,,,M1,,,,,,,,,,,,,,,,,,,,,,,,,,,,,,,,,,,,,,,,,,,,,,,,,,215/55R18 95H,,,,,,,,,,,,,,,,,,,,,,,,,,,,,,,,2026-09-22T14:44:07+00:00,Mazda's MX-30 owner/specification material states 215/55R18 95H as the standard tyre. Tyre evidence: manufacturer-model-standard-fitment; https://www2.mazda.co.jp/carlife/owner/manual/mx-30/dr/eda/contents/20010118.html; locator: MX-30 owner manual: standard tyre; secondary: https://www.mazda.co.jp/content/dam/mazda/official/mazda-co-jp/cars/passenger/mx-30/catalog_spec/pdf/mx-30_specification_202503.pdf
vp-711639,Subaru,Forester,2.0i E-BOXER Comfort,,,,,M1,,,,,,,,,,,,,,,,,,,,,,,,,,,,,,,,,,,,,,,,,,,,,,,,,,225/60R17,,,,,,,,,,,,,,,,,,,,,,,,,,,,,,,,2026-09-22T14:44:07+00:00,Subaru's 2020/21 Forester Comfort lists 17-inch alloy wheels with 225/60R17 tyres. Tyre evidence: manufacturer-exact-trim; https://www.subaru.nl/media/h0ditcsr/prijslijst_subaru_forester_2020.pdf; locator: Forester 2.0i e-BOXER Comfort standard equipment; secondary: https://www.subaru.nl/media/fnnieusx/prijslijst_nl_21my_forester.pdf
vp-a9d57a,Ford,Puma,1.0 EcoBoost 125hp ST-Line,,,,,M1,,,,,,,,,,,,,,,,,,,,,,,,,,,,,,,,,,,,,,,,,,,,,,,,,,205/45R17,,,,,,,,,,,,,,,,,,,,,,,,,,,,,,,,2026-09-22T14:44:07+00:00,Ford's Puma ordering guide lists the ST-Line standard 17x7 wheel fitted with 205/45R17 tyres. Tyre evidence: manufacturer-exact-trim; https://media.ford.com/content/dam/fordmedia/Europe/gb/2019/09/Puma_Customer_Price_List-Effective_1st_October_2019.pdf; locator: Wheels & tyres: ST-Line standard wheel/tyre
vp-888713,Kia,Picanto,1.0 DPi DynamicLine 4-zits,,,,,M1,,,,,,,,,,,,,,,,,,,,,,,,,,,,,,,,,,,,,,,,,,,,,,,,,,175/65R14,,,,,,,,,,,,,,,,,,,,,,,,,,,,,,,,2026-09-22T14:44:07+00:00,Archived Netherlands market price/equipment material identifies 175/65R14 for Picanto DynamicLine. Kept below 'manufacturer-hosted' evidence level because the archived copy is no longer on Kia's own site. Tyre evidence: archived-market-price-list-exact-trim; Kia Netherlands Picanto price/equipment list (archived copy); locator: DynamicLine: 14-inch alloy / 175/65R14
vp-0ba341,Kia,Picanto,1.0 DPi DynamicLine 5-zits,,,,,M1,,,,,,,,,,,,,,,,,,,,,,,,,,,,,,,,,,,,,,,,,,,,,,,,,,175/65R14,,,,,,,,,,,,,,,,,,,,,,,,,,,,,,,,2026-09-22T14:44:07+00:00,Archived Netherlands market price/equipment material identifies 175/65R14 for Picanto DynamicLine. Kept below 'manufacturer-hosted' evidence level because the archived copy is no longer on Kia's own site. Tyre evidence: archived-market-price-list-exact-trim; Kia Netherlands Picanto price/equipment list (archived copy); locator: DynamicLine: 14-inch alloy / 175/65R14
vp-902fcc,Nissan,Juke,DIG-T 117 Acenta,,,,,M1,,,,,,,,,,,,,,,,,,,,,,,,,,,,,,,,,,,,,,,,,,,,,,,,,,215/60R17,,,,,,,,,,,,,,,,,,,,,,,,,,,,,,,,2026-09-22T14:44:07+00:00,Nissan's Juke specification lists 215/60R17 for Acenta/N-Connecta 17-inch configurations. Tyre evidence: manufacturer-trim-corroborated; https://www.nissan.co.uk/content/dam/Nissan/gb/brochures/Vehicles/Nissan_Juke_UK.pdf; locator: WHEELS: Acenta Premium tyre size; secondary: https://www.nissan.co.uk/vehicles/new-vehicles/juke/prices-specifications.html
vp-f491d1,Volkswagen,Golf,1.4 EHybrid 245hp GTE,,,,,M1,,,,,,,,,,,,,,,,,,,,,,,,,,,,,,,,,,,,,,,,,,,,,,,,,,225/45R17,,,,,,,,,,,,,,,,,,,,,,,,,,,,,,,,2026-09-22T14:44:07+00:00,Volkswagen's Golf hybrid technical table lists 225/45R17 as the standard tyre for GTE. Tyre evidence: manufacturer-exact-powertrain-trim; https://www.volkswagen-newsroom.com/en/golf-etsi-golf-ehybrid-and-golf-gte-international-media-drive-6336/the-technical-data-of-the-new-golf-hybrid-models-6344; locator: Technical data: Golf GTE standard tyre
vp-37ede4,Volkswagen,Golf,"1.5 eTSI (Mk8 launch, mild hybrid)",,,,,M1,,,,,,,,,,,,,,,,,,,,,,,,,,,,,,,,,,,,,,,,,,,,,,,,,,205/55R16,,,,,,,,,,,,,,,,,,,,,,,,,,,,,,,,2026-09-22T14:44:07+00:00,Volkswagen's Golf hybrid technical table lists 205/55R16 as the standard tyre for eTSI equipment versions. Tyre evidence: manufacturer-exact-powertrain-family; https://www.volkswagen-newsroom.com/en/golf-etsi-golf-ehybrid-and-golf-gte-international-media-drive-6336/the-technical-data-of-the-new-golf-hybrid-models-6344; locator: Technical data: Golf eTSI standard tyre
vp-d16b2b,BYD,Dolphin Active,,,,,,M1,,,,,,,,,,,,,,,,,,,,,,,,,,,,,,,,,,,,,,,,,,,,,,,,,,195/60R16,,,,,,,,,,,,,,,,,,,,,,,,,,,,,,,,2026-09-22T14:44:07+00:00,The lower-output/base DOLPHIN configuration uses the 16-inch 195/60R16 fitment; the higher Long Range configuration uses the larger 17-inch fitment. Tyre evidence: manufacturer-base-grade; BYD DOLPHIN Japanese-market specification / dealer technical material; locator: DOLPHIN Standard/base model wheel and tyre specification; secondary: https://dealer.bydauto.co.jp/hp/koshigaya/bdhk4mkdnblc/?c=0&p=6
vp-6d4aa8,Toyota,C-HR,1.2T Active,,,,,M1,,,,,,,,,,,,,,,,,,,,,,,,,,,,,,,,,,,,,,,,,,,,,,,,,,215/60R17,,,,,,,,,,,,,,,,,,,,,,,,,,,,,,,,2026-09-22T14:44:07+00:00,Toyota C-HR brochure states 17-inch wheels with 215/60R17 tyres are standard on Active. Tyre evidence: market-brochure-exact-trim; https://www.vangent.nl/uploads/models/downloads/brochures/C-HR-2019-12_tcm-22-916765.pdf; locator: Wheels/tyres: Active standard
vp-12d960,Toyota,C-HR,1.2T Dynamic,,,,,M1,,,,,,,,,,,,,,,,,,,,,,,,,,,,,,,,,,,,,,,,,,,,,,,,,,225/50R18,,,,,,,,,,,,,,,,,,,,,,,,,,,,,,,,2026-09-22T14:44:07+00:00,Toyota C-HR brochure states 18-inch wheels with 225/50R18 tyres are standard on Dynamic. Tyre evidence: market-brochure-exact-trim; https://www.vangent.nl/uploads/models/downloads/brochures/C-HR-2019-12_tcm-22-916765.pdf; locator: Wheels/tyres: Dynamic standard
vp-c9dda7,УАЗ,"УАЗ 3303, 3741.3909",,,,,,N1,,,,,,,,,,,,,,,,,,,,,,,,,,,,,,,,,,,,,,,,,,,,,,,,,,225/75R16,,,,,,,,,,,,,,,,,,,,,,,,,,,,,,,,2026-09-22T14:44:07+00:00,"The three UAZ models grouped in this prototype (3303, 3741 and 3909) are independently specified with 225/75R16, so the grouped row can safely carry the common tyre geometry. Tyre evidence: family-members-corroborated; UAZ-3741 / UAZ-3909 / UAZ-3303 technical specification references; locator: factory tyre size across all three named family members"
vp-cc781f,ГАЗ,ГАЗ 3307. 3309,,,,,,N2,,,,,,,,,,,,,,,,,,,,,,,,,,,,,,,,,,,,,,,,,,,,,,,,,,8.25R20,,,,,,,,,,,,,,,,,,,,,,,,,,,,,,,,2026-09-22T14:44:07+00:00,Technical tyre-application references specify 8.25R20 for the GAZ-3307/3309 family. Tyre evidence: normative-technical-family-reference; historical tyre application / technical norm for GAZ-3307 and GAZ-3309; locator: GAZ-3307/3309 radial tyre applicability
vp-75ca9f,ГАЗ,ГАЗ-САЗ-3507,,,,,,N2,,,,,,,,,,,,,,,,,,,,,,,,,,,,,,,,,,,,,,,,,,,,,,,,,,8.25R20,,,,,,,,,,,,,,,,,,,,,,,,,,,,,,,,2026-09-22T14:44:07+00:00,Historical technical norms list 8.25R20 as a radial fitment for GAZ-SAZ-3507. Some historical tables also list an 8.25-20 bias-ply alternative; this row records the radial fitment. Tyre evidence: normative-technical-model-reference; historical tyre resource norm for GAZ-SAZ-3507; locator: GAZ-SAZ-3507 tyre-size table
vp-e6709a,ВАЗ,ВАЗ-2329,,,,,,N1,,,,,,,,,,,,,,,,,,,,,,,,,,,,,,,,,,,,,,,,,,,,,,,,,,175/80R16,,,,,,,,,,,,,,,,,,,,,,,,,,,,,,,,2026-09-22T14:44:07+00:00,Multiple factory-size references identify 175/80R16 as the base/recommended fitment for VAZ-2329. Tyre evidence: factory-size-corroborated; VAZ-2329 factory tyre-size references; locator: base/recommended tyre size
vp-b75e4e,ГАЗ,ГАЗ-322100,,,,,,M2,,,,,,,,,,,,,,,,,,,,,,,,,,,,,,,,,,,,,,,,,,,,,,,,,,185/75R16,,,,,,,,,,,,,,,,,,,,,,,,,,,,,,,,2026-09-22T14:44:07+00:00,Exact GAZ-322100 specifications list 185/75R16 at both axles. Tyre evidence: exact-model-specification; GAZ-322100 vehicle specification; locator: front/rear tyre size
vp-361605,Audi,e-tron Sportback,50 Quattro Business Edition Plus,,,,,M1,,,,,,,,,,,,,,,,,,,,,,,,,,,,,,,,,,,,,,,,,,,,,,,,,,255/55R19 111H,,,,,,,,,,,,,,,,,,,,,,,,,,,,,,,,2026-09-22T15:03:45+00:00,2020 European Audi e-tron Sportback 50 quattro is specified with 255/55R19 111H as the standard fitment; Michelin's vehicle fitment database independently matches the same vehicle/size. Tyre evidence: exact-model-year-standard-fitment; https://www.automobile-catalog.com/tire/2020/2965460/audi_e-tron_sportback_50_quattro.html; locator: 2020 Europe standard tyre size; secondary: https://www.michelin.co.uk/auto/browse-tyres/by-vehicle/audi/e-tron/e-tron-sportback-50-quattro/2020/electrique-313-230-kw/255---55-R-19-111H
vp-941da3,Audi,e-tron Sportback,50 Quattro Business Edition,,,,,M1,,,,,,,,,,,,,,,,,,,,,,,,,,,,,,,,,,,,,,,,,,,,,,,,,,255/55R19 111H,,,,,,,,,,,,,,,,,,,,,,,,,,,,,,,,2026-09-22T15:03:45+00:00,2020 European Audi e-tron Sportback 50 quattro is specified with 255/55R19 111H as the standard fitment; Michelin's vehicle fitment database independently matches the same vehicle/size. Tyre evidence: exact-model-year-standard-fitment; https://www.automobile-catalog.com/tire/2020/2965460/audi_e-tron_sportback_50_quattro.html; locator: 2020 Europe standard tyre size; secondary: https://www.michelin.co.uk/auto/browse-tyres/by-vehicle/audi/e-tron/e-tron-sportback-50-quattro/2020/electrique-313-230-kw/255---55-R-19-111H
vp-53afb4,BMW,5 series,530e,,,,,M1,,,,,,,,,,,,,,,,,,,,,,,,,,,,,,,,,,,,,,,,,,,,,,,,,,225/55R17 101Y,,,,,,,,,,,,,,,,,,,,,,,,,,,,,,,,2026-09-22T15:03:45+00:00,2020 European BMW 530e standard fitment is listed as 225/55R17 101Y. Tyre evidence: exact-model-year-standard-fitment; https://www.automobile-catalog.com/tire/2020/2964830/bmw_530e.html; locator: 2020 Europe standard tyre size
vp-b44f4b,Hyundai,i20,1.2 MPI Comfort,,,,,M1,,,,,,,,,,,,,,,,,,,,,,,,,,,,,,,,,,,,,,,,,,,,,,,,,,185/65R15,,,,,,,,,,,,,,,,,,,,,,,,,,,,,,,,2026-09-22T15:03:45+00:00,Two Dutch registration/CarBase matches for the 2020-2023 i20 1.2 MPI Comfort family list original tyre size 185/65R15. Tyre evidence: exact-trim-registration-corroboration; https://www.autoweek.nl/kentekencheck/P-344-PR/; locator: CarBase match: i20 1.2 MPI Comfort 2020-2023; original tyre size; secondary: https://www.autoweek.nl/kentekencheck/K-149-GN/
vp-d0819c,Hyundai,i30,1.5 T-GDI 48V N Line Sky,,,,,M1,,,,,,,,,,,,,,,,,,,,,,,,,,,,,,,,,,,,,,,,,,,,,,,,,,225/40R18,,,,,,,,,,,,,,,,,,,,,,,,,,,,,,,,2026-09-22T15:03:45+00:00,Hyundai's 2020 N Line price list specifies 225/40R18 for the 1.5 T-GDi N Line/N Line+. Tyre evidence: manufacturer-exact-engine-trim; https://www.hyundai.sk/files/download/static/i30/cennik-hyundai-i30-n-line-2020-5.pdf; locator: 2020 i30 N Line price list: 1.5 T-GDi tyre size; secondary: https://www.hyundai.sk/files/download/model/i30-2020/katalog-hyundai-i30-new-2020-10.pdf
vp-fd26b5,Jaguar,E-Pace,P160 R-Dynamic HSE,,,,,M1,,,,,,,,,,,,,,,,,,,,,,,,,,,,,,,,,,,,,,,,,,,,,,,,,,235/50R20,,,,,,,,,,,,,,,,,,,,,,,,,,,,,,,,2026-09-22T15:03:45+00:00,The P160 R-Dynamic HSE specification lists 235/50R20 front and rear. Tyre evidence: exact-trim-specification; https://www.autoexpress.co.uk/jaguar/e-pace/prices-specs/101423/1.5-p160-r-dynamic-hse-black-5dr-auto-2wd; locator: Tyres: front and rear
vp-676e93,Lexus,RX,450h Business Line,,,,,M1,,,,,,,,,,,,,,,,,,,,,,,,,,,,,,,,,,,,,,,,,,,,,,,,,,235/65R18,,,,,,,,,,,,,,,,,,,,,,,,,,,,,,,,2026-09-22T15:03:45+00:00,RX 450h Business Line (2019-2023) is listed with 235/65R18 front and rear. Tyre evidence: exact-trim-specification; https://cars-data.com/en/lexus/rx/2019/450h-business-line--98855/specs; locator: Chassis: front and rear tyre size; secondary: https://www.autoweek.nl/auto/98855/lexus-rx-450h-business-line/
vp-d59965,Lexus,RX,450h Executive Line,,,,,M1,,,,,,,,,,,,,,,,,,,,,,,,,,,,,,,,,,,,,,,,,,,,,,,,,,235/55R20,,,,,,,,,,,,,,,,,,,,,,,,,,,,,,,,2026-09-22T15:03:45+00:00,RX 450h Executive Line is listed with 235/55R20 front and rear; Lexus brochure material also lists 235/55R20 for Executive Line. Tyre evidence: exact-trim-specification; https://www.autoweek.nl/auto/98858/lexus-rx-450h-executive-line/; locator: Chassis: front and rear tyre size; secondary: https://nl.lexus.be/content/dam/lexus/nmsc/belgium/local-assets/new-cars/brochures/2022/nl/LEXUS%20RX%20MB%20MY22_Hybrid%20BENL%20150dpi.pdf
vp-c6971d,Mercedes,E-class,-Benz E 200,,,,,M1,,,,,,,,,,,,,,,,,,,,,,,,,,,,,,,,,,,,,,,,,,,,,,,,,,225/55R17 Y,,,,,,,,,,,,,,,,,,,,,,,,,,,,,,,,2026-09-22T15:03:45+00:00,2020 European Mercedes-Benz E 200 standard fitment is listed as 225/55R17 Y. Tyre evidence: exact-model-year-standard-fitment; https://www.automobile-catalog.com/tire/2020/2968175/mercedes-benz_e_200.html; locator: 2020 Europe standard tyre size
vp-26f825,Mercedes,E-class,-Benz E 300,,,,,M1,,,,,,,,,,,,,,,,,,,,,,,,,,,,,,,,,,,,,,,,,,,,,,,,,,225/55R17 Y,,,,,,,,,,,,,,,,,,,,,,,,,,,,,,,,2026-09-22T15:03:45+00:00,2020 European Mercedes-Benz E 300 standard fitment is listed as 225/55R17 Y. Tyre evidence: exact-model-year-standard-fitment; https://www.automobile-catalog.com/tire/2020/2968205/mercedes-benz_e_300.html; locator: 2020 Europe standard tyre size
vp-30a1ef,Volvo,V90,T8 Recharge AWD Inscription,,,,,M1,,,,,,,,,,,,,,,,,,,,,,,,,,,,,,,,,,,,,,,,,,,,,,,,,,255/40R19,,,,,,,,,,,,,,,,,,,,,,,,,,,,,,,,2026-09-22T15:03:45+00:00,V90 T8 Recharge AWD Inscription (2020) is listed with 255/40R19 front and rear. Tyre evidence: exact-trim-specification; https://cars-data.com/en/volvo/v90/2020-wagon-facelift-8262/t8-recharge-awd-inscription-100113--100113/specs; locator: Chassis: front and rear tyre size
vp-33e411,Volvo,V90,T8 Recharge AWD R-Design,,,,,M1,,,,,,,,,,,,,,,,,,,,,,,,,,,,,,,,,,,,,,,,,,,,,,,,,,255/40R19,,,,,,,,,,,,,,,,,,,,,,,,,,,,,,,,2026-09-22T15:03:45+00:00,V90 T8 Recharge AWD R-Design is listed with 255/40R19 front and rear. Tyre evidence: exact-trim-specification; https://www.autoweek.nl/auto/104236/v90-t8-recharge-awd-r-design/; locator: Chassis: front and rear tyre size; secondary: https://cars-data.com/en/volvo/v90/2020-wagon-facelift-8262/t8-recharge-awd-r-design-100114--100114
vp-01c77f,Volkswagen,Up,1.0 R-Line,,,,,M1,,,,,,,,,,,,,,,,,,,,,,,,,,,,,,,,,,,,,,,,,,,,,,,,,,185/50R16,,,,,,,,,,,,,,,,,,,,,,,,,,,,,,,,2026-09-22T15:03:45+00:00,R-Line standard 16-inch Triangle Black fitment is 185/50R16; a Volkswagen dealer publication describing the R-Line package corroborates the same size. Tyre evidence: exact-trim-standard-fitment; https://www.lookers.co.uk/volkswagen/used-car/volkswagen/up/1-0-r-line-hatchback-5dr-petrol-manual-euro-6--s/s---65-ps-/id/808069; locator: Tyres: front/rear; R-Line 16-inch Triangle Black; secondary: https://www.nipex.ba/novosti/atraktivni-paket-opreme-201cr-line201d-od-sada-stize-i-sa-najmanjim-volkswagenovim-modelom-2013-up
