prototype_id,make,model,variant_trim,year,field,value_kg,source_url,source_title,source_type,retrieved,notes
vp-ae64b8,Ford,Ranger,Double Cab High Rider XLT 4x4 3.2 TDCi,2019,gross_mass_kg,3200,https://www.autonet.co.za/helderberg/car-specification/FORD-RANGER-3-2TDCi-XLT-4X4-AT-PU-DC--26975,"Ford Ranger 3.2TDCi XLT 4X4 A/T P/U D/C -- Autonet Helderberg specification sheet (Gross Laden Mass 3200 kg; Licencing/Tare Mass 2118 kg)",dealer_spec_sheet,2026-08-12,"GVM (Gross Laden Mass) is 3200 kg for the South African-market Ranger T6 3.2 TDCi XLT 4x4 double cab. This exact page is for the 6-speed automatic derivative (tare 2118 kg), not the manual derivative this row's existing curb_mass_kg (2159 kg, confirmed separately via carfolio.com for the manual 3.2 TDCi XLT 4x4) describes. GVM on this platform is an axle/chassis rating set by the frame and suspension, not the transmission or engine -- confirmed independently by a second, unrelated listing for the 2.0 SiT XLT 4x4 double cab (a different engine and a lower tare of 2044 kg) that states the identical 3200 kg GVM, so the rating is not engine- or trim-specific. Implied payload against the row's existing curb mass: 3200 - 2159 = 1041 kg, plausible for a 4x4 double-cab bakkie."
vp-53afb4,BMW,5 series,530e,2020,gross_mass_kg,2505,https://opendata.rdw.nl/resource/m9d7-ebf2.json?merk=BMW&handelsbenaming=530E&massa_ledig_voertuig=1810&%24select=merk%2Chandelsbenaming%2Cvariant%2Cmassa_ledig_voertuig%2Ctoegestane_maximum_massa_voertuig%2Ctechnische_max_massa_voertuig%2Cdatum_eerste_toelating&%24limit=1000,"RDW (Netherlands national vehicle register) open data, dataset m9d7-ebf2 ""Gekentekende voertuigen"": BMW 530E, variant 11AG, massa ledig voertuig 1810 kg, technisch toelaatbare maximummassa 2505 kg",national_vehicle_register,2026-08-13,"RDW is the Dutch national registration/type-approval database; technische_max_massa_voertuig is the EU technically permissible maximum laden mass. 894 registrations carry massa_ledig_voertuig=1810 and all state 2505 kg, all under one type-approval variant (11AG = 530e rear-drive, G30 LCI). The row's curb_mass_kg (1810 kg) matches RDW massa ledig voertuig exactly, so the pair is on one basis. Excludes 530e xDrive (RDW variant 31CG, leeg 1935 / max 2610). Implied useful load 2505-1810 = 695 kg."
vp-f491d1,Volkswagen,Golf,1.4 EHybrid 245hp GTE,2020,gross_mass_kg,2040,https://www.volkswagen.de/idhub/content/dam/onehub_pkw/importers/de/besitzer-und-nutzer/hilfe-und-dialogcenter/downloads/produktbroschueren/golf-(bq)/golf-gte_preisliste.pdf,"Volkswagen AG, ""Technik und Preise, gueltig fuer das Modelljahr 2020 - Der Golf GTE"" price/technical-data brochure: Leergewicht 1615 kg, zul. Gesamtgewicht 2040 kg, Zuladung 403-585 kg",manufacturer_brochure,2026-08-13,"Manufacturer document for the exact car (Golf Mk8 GTE 1.4 eHybrid 245 PS, model year 2020). VW's Leergewicht 1615 kg is per RL 92/21/EWG (driver 68 kg, 7 kg luggage, tank 90% full) and is 9 kg from this row's curb_mass_kg of 1624 kg, so the two masses are on the same basis. Independently confirmed by RDW dataset m9d7-ebf2: 1000+ GOLF GTE registrations, variant ACDGEAX0, massa ledig 1524 kg (= 1624 minus the 100 kg NL rijklaar allowance), technisch toelaatbare maximummassa 2040 kg. Implied useful load 2040-1624 = 416 kg, inside VW's own stated Zuladung range of 403-585 kg. Note: volkswagen.at currently lists 2100 kg for a later model year of the GTE; 2040 kg is the MY2020 figure this row describes."
vp-676e93,Lexus,RX,450h Business Line,2019,gross_mass_kg,2715,https://media.lexus.co.uk/wp-content/uploads/sites/3/pdf/211012M-RX-Tech-Spec.pdf,"Lexus UK media site, ""LEXUS RX TECHNICAL SPECIFICATIONS"" (engine code 2GR-FXS, V6): Kerb weight 2100-2210 kg, Gross vehicle weight 2715 kg",manufacturer_spec_sheet,2026-08-13,"Manufacturer technical-specification sheet for the RX 450h (RX IV, engine 2GR-FXS) -- the same generation and powertrain as this 2019 row. Confirmed independently by RDW dataset m9d7-ebf2: 1000 LEXUS RX450H registrations with massa ledig voertuig 2075 kg (matching this row's curb_mass_kg exactly), variant GYL25(W), technisch toelaatbare maximummassa 2715 kg. Business Line and Executive Line are Dutch equipment trims of the same technical variant GYL25(W), which carries one permissible mass. Excludes the 7-seat RX 450h L (RDW variant GYL26, leeg 2180 / max 2840). Implied useful load 2715-2075 = 640 kg."
vp-d59965,Lexus,RX,450h Executive Line,2019,gross_mass_kg,2715,https://media.lexus.co.uk/wp-content/uploads/sites/3/pdf/211012M-RX-Tech-Spec.pdf,"Lexus UK media site, ""LEXUS RX TECHNICAL SPECIFICATIONS"" (engine code 2GR-FXS, V6): Kerb weight 2100-2210 kg, Gross vehicle weight 2715 kg",manufacturer_spec_sheet,2026-08-13,"Same technical variant as vp-676e93 (Lexus RX 450h, RX IV, GYL25(W)); Executive Line is an equipment trim, not a separate type approval. See vp-676e93 notes for the RDW cross-check. Implied useful load 2715-2075 = 640 kg."
vp-711639,Subaru,Forester,2.0i E-BOXER Comfort,2019,gross_mass_kg,2185,https://opendata.rdw.nl/resource/m9d7-ebf2.json?merk=SUBARU&handelsbenaming=FORESTER&massa_ledig_voertuig=1631&%24select=merk%2Chandelsbenaming%2Cvariant%2Cmassa_ledig_voertuig%2Ctoegestane_maximum_massa_voertuig%2Ctechnische_max_massa_voertuig%2Cdatum_eerste_toelating&%24limit=1000,"RDW open data, dataset m9d7-ebf2: SUBARU FORESTER, variant SKE (SK-generation e-Boxer), massa ledig voertuig 1631 kg, technisch toelaatbare maximummassa 2185 kg",national_vehicle_register,2026-08-13,"The row's curb_mass_kg (1631 kg) matches RDW massa ledig voertuig exactly, and every registration at that mass is variant SKE -- the SK-generation 2.0i e-Boxer, i.e. this exact car. All SKE registrations state 2185 kg regardless of equipment level (leeg 1627-1667). The preceding SJ5 generation is a different figure (2015 kg) and is excluded by the mass filter. Cross-checked against a UK towing-guide spec table quoting Subaru's own figures for the Forester e-Boxer Premium Lineartronic: kerb 1687 kg, gross vehicle mass 2185 kg (https://www.herewetow.co.uk/subaru-forester-e-boxer-hybrid-electric-vehicle/). Implied useful load 2185-1631 = 554 kg."
vp-c8872f,Toyota,Camry Hybrid,Active (EU spec),2021,gross_mass_kg,2100,https://opendata.rdw.nl/resource/m9d7-ebf2.json?merk=TOYOTA&handelsbenaming=TOYOTA+CAMRY&massa_ledig_voertuig=1570&%24select=merk%2Chandelsbenaming%2Cvariant%2Cmassa_ledig_voertuig%2Ctoegestane_maximum_massa_voertuig%2Ctechnische_max_massa_voertuig%2Cdatum_eerste_toelating&%24limit=1000,"RDW open data, dataset m9d7-ebf2: TOYOTA CAMRY, variant AXVH71(E), massa ledig voertuig 1570 kg, technisch toelaatbare maximummassa 2100 kg",national_vehicle_register,2026-08-13,"AXVH71 is the XV70 Camry Hybrid 2.5 -- the only Camry sold in the EU in this period, and the exact vehicle this row describes. All 375 registrations at massa ledig 1570 kg state 2100 kg, across every equipment code. This row's curb_mass_kg (1595 kg) is Toyota's published minimum EU kerb weight, 25 kg above the RDW unladen figure. Implied useful load 2100-1595 = 505 kg."
vp-02597b,Mazda,MX-30,First Edition,2020,gross_mass_kg,2119,https://opendata.rdw.nl/resource/m9d7-ebf2.json?merk=MAZDA&handelsbenaming=MAZDA+MX-30&massa_ledig_voertuig=1620&%24select=merk%2Chandelsbenaming%2Cvariant%2Cmassa_ledig_voertuig%2Ctoegestane_maximum_massa_voertuig%2Ctechnische_max_massa_voertuig%2Cdatum_eerste_toelating&%24limit=1000,"RDW open data, dataset m9d7-ebf2: MAZDA MX-30, variant 1WB, massa ledig voertuig 1620 kg, technisch toelaatbare maximummassa 2119 kg",national_vehicle_register,2026-08-13,"The row's curb_mass_kg (1620 kg) matches RDW massa ledig voertuig exactly. The MX-30 e-Skyactiv EV has a single type-approval variant (1WB) in RDW; all 2035 registrations state 2119 kg, so First Edition and Luxury (equipment trims) share it. Independently confirmed at 2119 kg by the EVKX spec page for the Mazda MX-30 e-Skyactiv EV (https://evkx.net/models/mazda/mx-30/mx-30_e-skyactiv_ev/), which cites Mazda's figures. Implied useful load 2119-1620 = 499 kg."
vp-c33f36,Mazda,MX-30,Luxury,2020,gross_mass_kg,2119,https://opendata.rdw.nl/resource/m9d7-ebf2.json?merk=MAZDA&handelsbenaming=MAZDA+MX-30&massa_ledig_voertuig=1620&%24select=merk%2Chandelsbenaming%2Cvariant%2Cmassa_ledig_voertuig%2Ctoegestane_maximum_massa_voertuig%2Ctechnische_max_massa_voertuig%2Cdatum_eerste_toelating&%24limit=1000,"RDW open data, dataset m9d7-ebf2: MAZDA MX-30, variant 1WB, massa ledig voertuig 1620 kg, technisch toelaatbare maximummassa 2119 kg",national_vehicle_register,2026-08-13,Same single type-approval variant (1WB) as vp-02597b; Luxury is an equipment trim. See vp-02597b notes. Implied useful load 2119-1620 = 499 kg.
vp-361605,Audi,e-tron Sportback,50 Quattro Business Edition Plus,2020,gross_mass_kg,3040,https://opendata.rdw.nl/resource/m9d7-ebf2.json?merk=AUDI&handelsbenaming=E-TRON+SPORTBACK+50&massa_ledig_voertuig=2345&%24select=merk%2Chandelsbenaming%2Cvariant%2Cmassa_ledig_voertuig%2Ctoegestane_maximum_massa_voertuig%2Ctechnische_max_massa_voertuig%2Cdatum_eerste_toelating&%24limit=1000,"RDW open data, dataset m9d7-ebf2: AUDI E-TRON SPORTBACK 50, variant SBM2RQ1, massa ledig voertuig 2345 kg, technisch toelaatbare maximummassa 3040 kg",national_vehicle_register,2026-08-13,"792 registrations of the e-tron Sportback 50 quattro all state 3040 kg under one type-approval variant (SBM2RQ1), across every equipment code, so the figure does not move with trim -- Business Edition and Business Edition Plus share it. Deliberately excludes the 55 quattro (RDW variant SBM1JQ1, leeg 2345-2495 / max 3150-3170), a different power and mass class. This row's curb_mass_kg (2375 kg) is 30 kg above RDW massa ledig voertuig (2345 kg) and close to Audi's own published unladen-without-driver figure; implied useful load 3040-2375 = 665 kg, plausible for a large SUV."
vp-941da3,Audi,e-tron Sportback,50 Quattro Business Edition,2020,gross_mass_kg,3040,https://opendata.rdw.nl/resource/m9d7-ebf2.json?merk=AUDI&handelsbenaming=E-TRON+SPORTBACK+50&massa_ledig_voertuig=2345&%24select=merk%2Chandelsbenaming%2Cvariant%2Cmassa_ledig_voertuig%2Ctoegestane_maximum_massa_voertuig%2Ctechnische_max_massa_voertuig%2Cdatum_eerste_toelating&%24limit=1000,"RDW open data, dataset m9d7-ebf2: AUDI E-TRON SPORTBACK 50, variant SBM2RQ1, massa ledig voertuig 2345 kg, technisch toelaatbare maximummassa 3040 kg",national_vehicle_register,2026-08-13,Same type-approval variant (SBM2RQ1) as vp-361605; Business Edition is an equipment trim of the same 50 quattro. See vp-361605 notes. Implied useful load 3040-2375 = 665 kg.
vp-c0d302,Tesla,Model Y,Long Range AWD,2021,gross_mass_kg,2371,https://opendata.rdw.nl/resource/m9d7-ebf2.json?merk=TESLA&handelsbenaming=MODEL+Y&massa_ledig_voertuig=1956&%24select=merk%2Chandelsbenaming%2Cvariant%2Cmassa_ledig_voertuig%2Ctoegestane_maximum_massa_voertuig%2Ctechnische_max_massa_voertuig%2Cdatum_eerste_toelating&%24limit=1000,"RDW open data, dataset m9d7-ebf2: TESLA MODEL Y, variant Y5CD, massa ledig voertuig 1956 kg, technisch toelaatbare maximummassa 2371 kg",national_vehicle_register,2026-08-13,"This is the EU figure, matching the row's market=EU. Model Y went on sale in Europe in August 2021 as Long Range AWD and Performance AWD; every 2021-2022 Dutch registration found (1000 sampled, 1747 in the grouped count) carries the same type approval and the same masses -- massa ledig 1956 kg, technisch toelaatbare maximummassa 2371 kg -- so the two trims genuinely share this figure rather than it being spread from one to the other. The row's curb_mass_kg (1950 kg) is within 6 kg of RDW massa ledig voertuig. Implied useful load 2371-1950 = 421 kg, consistent with the Model Y's known low EU payload. The US GVWR (5302 lb / 2405 kg) is a different market's rating and is deliberately not used."
vp-cd6621,Tesla,Model Y,Performance AWD,2021,gross_mass_kg,2371,https://opendata.rdw.nl/resource/m9d7-ebf2.json?merk=TESLA&handelsbenaming=MODEL+Y&massa_ledig_voertuig=1956&%24select=merk%2Chandelsbenaming%2Cvariant%2Cmassa_ledig_voertuig%2Ctoegestane_maximum_massa_voertuig%2Ctechnische_max_massa_voertuig%2Cdatum_eerste_toelating&%24limit=1000,"RDW open data, dataset m9d7-ebf2: TESLA MODEL Y, variant Y5CD, massa ledig voertuig 1956 kg, technisch toelaatbare maximummassa 2371 kg",national_vehicle_register,2026-08-13,Same EU type approval and same masses as vp-c0d302; the 2021 European Model Y range (Long Range AWD and Performance AWD) is registered under one set of permissible masses. See vp-c0d302 notes. Implied useful load 2371-1950 = 421 kg.
vp-37ede4,Volkswagen,Golf,"1.5 eTSI (Mk8 launch, mild hybrid)",2019,curb_mass_kg,1380,https://www.adac.de/rund-ums-fahrzeug/autokatalog/marken-modelle/vw/golf/viii/306840/,"ADAC Autokatalog -- VW Golf 1.5 eTSI Life DSG (01/20 - 09/20): Leergewicht 1380 kg, zul. Gesamtgewicht 1880 kg, Zuladung 500 kg, 110 kW (150 PS), 1498 ccm, 7-Gang-Doppelkupplungsgetriebe",technical_database_manufacturer_data,2026-08-13,"Exact variant match for this row: Golf VIII hatchback (row length 4284 mm, not the 4633 mm Variant estate), 1498 cc, 110 kW, DSG -- the 1.5 eTSI ACT 150 PS mild hybrid of the Mk8 launch range (build period 01/2020-09/2020, the launch model this 2019-dated row names). Curb and gross are taken from the SAME table so they share one basis: ADAC Leergewicht is the EU kerb weight including the 75 kg driver, and 1380 + 500 = 1880 exactly reproduces the table's own Zuladung. Independently confirmed by angurten.de's spec table for 'VW Golf VIII 1.5 eTSI ACT (150 PS)', 110 kW, 7-Gang DSG, 01/2020-09/2020: Leergewicht 1380 kg, zul. Gesamtgewicht 1880 kg, Zuladung 500 kg (https://www.angurten.de/is/technische-daten/VW-Golf+VIII-15+eTSI+ACT+(150+PS)-110-kW-150-PS-1679-17246.html). Cross-checked against RDW dataset m9d7-ebf2 (Dutch national register), merk VOLKSWAGEN handelsbenaming GOLF cilinderinhoud 1498 first admission 2019-10..2022-06: type-approval variant ACDFYAX0 carries technische_max_massa_voertuig = 1880 kg on 1215 registrations, at massa ledig voertuig 1280 kg (RDW unladen mass excludes the driver; 1380 - 75 = 1305, inside the 1265-1325 spread RDW records for this variant). Implied useful load 500 kg, inside the 350-700 kg passenger-car band."
vp-37ede4,Volkswagen,Golf,"1.5 eTSI (Mk8 launch, mild hybrid)",2019,gross_mass_kg,1880,https://www.adac.de/rund-ums-fahrzeug/autokatalog/marken-modelle/vw/golf/viii/306840/,"ADAC Autokatalog -- VW Golf 1.5 eTSI Life DSG (01/20 - 09/20): zul. Gesamtgewicht 1880 kg (Leergewicht 1380 kg, Zuladung 500 kg)",technical_database_manufacturer_data,2026-08-13,"Same table as this row's curb_mass_kg fill, so the pair is on one basis. 1880 kg is independently stated by angurten.de for the same engine/gearbox/build period and by RDW (m9d7-ebf2) as technische_max_massa_voertuig for Golf type-approval variant ACDFYAX0 on 1215 registrations -- three sources, one figure. Useful load 1880 - 1380 = 500 kg."
vp-c6971d,Mercedes-Benz,E-class,E 200,2020,gross_mass_kg,2360,https://opendata.rdw.nl/resource/m9d7-ebf2.json?%24select=variant%2Cuitvoering%2Cinrichting%2Ccilinderinhoud%2Ctechnische_max_massa_voertuig%2Ccount(*)%20as%20n&%24where=merk%20like%20%27MERCEDES%25%27%20and%20handelsbenaming%3D%27E%20200%27%20and%20massa_ledig_voertuig%3D1600&%24group=variant%2Cuitvoering%2Cinrichting%2Ccilinderinhoud%2Ctechnische_max_massa_voertuig,"RDW (Netherlands national vehicle register) open data, dataset m9d7-ebf2 ""Gekentekende voertuigen"": MERCEDES-BENZ E 200, sedan, 1991 cc, variant U08KT0, massa ledig voertuig 1600 kg, technisch toelaatbare maximummassa 2360 kg",national_vehicle_register,2026-08-14,"Exact-variant confirmation: filtering handelsbenaming to exactly 'E 200' at massa_ledig_voertuig = 1600 kg (the row's own curb mass) returns 336 registrations, ALL under the single type-approval variant U08KT0, ALL 1991 cc sedans, and ALL stating technische_max_massa_voertuig = 2360 kg across eleven different uitvoering (equipment) codes -- so the permissible mass is a type-approval constant here, not equipment-dependent. Independently confirmed by automoli.com's W213-facelift-2020 technical-data table for the E 200 (197 PS) EQ Boost 9G-TRONIC: Leergewicht 1625 kg, zulaessiges Gesamtgewicht 2360 kg, Zuladung 735 kg (https://www.automoli.com/de/vehicles/mercedes-benz/klasa-e/klasa-e-w213-facelift-2020-7586/). Payload note: 2360 - 1600 = 760 kg, above the 350-700 kg rule of thumb for a passenger car. This is genuine and not a wrong figure -- the W213 executive saloon really does carry a ~735 kg rated Zuladung, and the extra 25 kg is the gap between this row's curb basis (1600 kg, matching RDW's driver-excluded massa ledig voertuig) and automoli's 1625 kg Leergewicht. Two independent sources state 2360 kg for this exact engine/body."
vp-26f825,Mercedes-Benz,E-class,E 300,2020,gross_mass_kg,2390,https://opendata.rdw.nl/resource/m9d7-ebf2.json?%24select=handelsbenaming%2Cvariant%2Cinrichting%2Ccilinderinhoud%2Ctechnische_max_massa_voertuig%2Ccount(*)%20as%20n&%24where=merk%20like%20%27MERCEDES%25%27%20and%20handelsbenaming%20like%20%27E%20300%25%27%20and%20massa_ledig_voertuig%3D1630&%24group=handelsbenaming%2Cvariant%2Cinrichting%2Ccilinderinhoud%2Ctechnische_max_massa_voertuig,"RDW (Netherlands national vehicle register) open data, dataset m9d7-ebf2 ""Gekentekende voertuigen"": MERCEDES-BENZ E 300, sedan, 1991 cc, variant U08LT0, massa ledig voertuig 1630 kg, technisch toelaatbare maximummassa 2390 kg",national_vehicle_register,2026-08-14,"At massa_ledig_voertuig = 1630 kg (the row's own curb mass) the only 1991 cc sedan 'E 300' in the register is variant U08LT0 with technische_max_massa_voertuig = 2390 kg. The other hits at that unladen mass are excluded as different vehicles: 'E 300 TURBODIESEL' 2996 cc stationwagen (variant J225A0, 2310 kg) and the 3498 cc J055M0 sedan -- neither is this row's 2020 M264 four-cylinder petrol E 300. Independently confirmed by automoli.com's W213-facelift-2020 table for the E 300 (258 PS) EQ Boost 9G-TRONIC: Leergewicht 1655 kg, zulaessiges Gesamtgewicht 2390 kg, Zuladung 735 kg (https://www.automoli.com/de/vehicles/mercedes-benz/klasa-e/klasa-e-w213-facelift-2020-7586/). Same 25 kg curb-basis offset and the same above-band 760 kg implied useful load as the E 200 row (vp-c6971d); see that row's note. Two independent sources state 2390 kg."
vp-6f90d7,BMW,5 series,M550i XDrive,2020,gross_mass_kg,2560,https://opendata.rdw.nl/resource/m9d7-ebf2.json?%24select=handelsbenaming%2Cvariant%2Cuitvoering%2Cinrichting%2Ctechnische_max_massa_voertuig%2Ccount(*)%20as%20n&%24where=merk%3D%27BMW%27%20and%20handelsbenaming%20like%20%27M550%25%27%20and%20massa_ledig_voertuig%3D1890&%24group=handelsbenaming%2Cvariant%2Cuitvoering%2Cinrichting%2Ctechnische_max_massa_voertuig,"RDW (Netherlands national vehicle register) open data, dataset m9d7-ebf2 ""Gekentekende voertuigen"": BMW M550I XDRIVE, sedan, 4395 cc, variant 11BK, massa ledig voertuig 1890 kg, technisch toelaatbare maximummassa 2560 kg",national_vehicle_register,2026-08-14,"58 registrations at massa_ledig_voertuig = 1890 kg (the row's own curb mass exactly), every one of them handelsbenaming M550I XDRIVE, 4395 cc V8, sedan, type-approval variant 11BK, and every one stating technische_max_massa_voertuig = 2560 kg across three uitvoering codes (IAW50000, DAW500L0, IAW500M0) -- a single type-approval figure, not equipment-dependent. First-admission dates run 2020-2022, i.e. the G30 LCI, matching this row's 2020 model year; the 11xx variant series is the same G30 LCI family as the 530e's 11AG used in the previous batch. Deliberately NOT confused with the earlier pre-LCI M550i xDrive (variant JB91, massa ledig 1785 / max 2460) or with the M550d xDrive diesel (JN91/JD71). Implied useful load 2560 - 1890 = 670 kg, inside the 350-700 kg band."
vp-a9d57a,Ford,Puma,1.0 EcoBoost 125hp ST-Line,2020,gross_mass_kg,1760,https://www.angurten.de/is/technische-daten/Ford-Puma-10+l+EcoBoost+MHEV+(125+PS)-92-kW-125-PS-1934-18339.html,"angurten.de technical-data table -- Ford Puma 1.0 l EcoBoost MHEV (125 PS), 92 kW, 999 cc, 6-speed manual, from 06/2020: Leergewicht 1280 kg, zul. Gesamtgewicht 1760 kg, Zuladung 480 kg",technical_database_manufacturer_data,2026-08-14,"Exact engine match: 999 cc, 92 kW (125 PS) mild-hybrid Puma, manual gearbox. The basis lines up exactly: the published Leergewicht of 1280 kg is this row's curb mass (1205 kg) plus the 75 kg driver that the EU kerb-weight definition includes, so 1205 kg is the driver-excluded figure and 1760 kg the type-approval permissible maximum for the same car. Confirmed independently by RDW (Netherlands national register, dataset m9d7-ebf2): at merk FORD, handelsbenaming PUMA, massa_ledig_voertuig = 1205 kg, type-approval variant B7JB12X states technische_max_massa_voertuig = 1760 kg on 17 of 18 registrations. RDW also shows 1760 kg recurring at unladen masses 1180, 1215 and 1219 kg, i.e. across equipment levels, which is why the same figure is applied to both the ST-Line and Titanium X rows -- while the heavier Puma type approvals (1785 kg at unladen 1201-1226, 1830/1835 kg at unladen 1234-1279) are deliberately excluded as different powertrains/gearboxes. Implied useful load 1760 - 1205 = 555 kg (= the maker's stated 480 kg Zuladung plus the 75 kg driver), inside the 350-700 kg band."
vp-d40e97,Ford,Puma,1.0 EcoBoost 125hp Titanium X,2020,gross_mass_kg,1760,https://www.angurten.de/is/technische-daten/Ford-Puma-10+l+EcoBoost+MHEV+(125+PS)-92-kW-125-PS-1934-18339.html,"angurten.de technical-data table -- Ford Puma 1.0 l EcoBoost MHEV (125 PS), 92 kW, 999 cc, 6-speed manual, from 06/2020: Leergewicht 1280 kg, zul. Gesamtgewicht 1760 kg, Zuladung 480 kg",technical_database_manufacturer_data,2026-08-14,"Same powertrain and same curb mass (1205 kg) as the ST-Line row vp-a9d57a; ST-Line and Titanium X are equipment levels on one type approval. The figure is shared here only because RDW shows 1760 kg recurring across several unladen masses (1180/1205/1215/1219 kg) under one variant B7JB12X, i.e. it is not equipment-dependent within this engine. See vp-a9d57a for the full basis reasoning."
vp-b65958,Skoda,Octavia,1.5 TSI,2020,gross_mass_kg,1888,https://opendata.rdw.nl/resource/m9d7-ebf2.json?%24select=variant%2Cuitvoering%2Ccilinderinhoud%2Caantal_zitplaatsen%2Ctechnische_max_massa_voertuig%2Ccount(*)%20as%20n&%24where=merk%20like%20%27SKODA%25%27%20and%20handelsbenaming%20like%20%27OCTAVIA%25%27%20and%20massa_ledig_voertuig%3D1338&%24group=variant%2Cuitvoering%2Ccilinderinhoud%2Caantal_zitplaatsen%2Ctechnische_max_massa_voertuig,"RDW (Netherlands national vehicle register) open data, dataset m9d7-ebf2 ""Gekentekende voertuigen"": SKODA OCTAVIA, 1498 cc, 5 seats, variant ACDHFAX0, uitvoering NFD7FD7CW0054BIVL0C1ASA, massa ledig voertuig 1338 kg, technisch toelaatbare maximummassa 1888 kg",national_vehicle_register,2026-08-14,"At massa_ledig_voertuig = 1338 kg (this row's exact curb mass) the register holds 13 Octavias, all 1498 cc, all 5-seat, all under the single type-approval variant ACDHFAX0 and the single uitvoering code NFD7FD7CW0054BIVL0C1ASA, all stating 1888 kg. The one other hit at that unladen mass is a 1984 cc car from 2019 with no variant recorded and is excluded. Cross-checked against Skoda's own technical-data sheet for the fourth-generation (NX) Octavia, engine column '1.5 TSI/110 kW' (the row's 110 kW / 1498 cc manual): kerb weight incl. 75 kg driver 1353-1511 kg, payload 474-609 kg, total weight 1850-1910 kg (https://cdn.skoda-storyboard.com/2024/05/Octavia_technical_data_EN_842ba18d.pdf). 1888 kg sits inside that published total-weight range and 1338 + 75 = 1413 kg inside the published kerb range, so the register figure is consistent with the manufacturer for this exact engine. Caveat recorded deliberately: Skoda publishes the total weight as a RANGE (1850-1910 kg) because it varies with body and equipment, so 1888 kg is not a single type-approval constant for '1.5 TSI 110 kW' in general -- it is the figure the register attaches to precisely the equipment whose unladen mass equals this row's curb mass, which is what makes the pair self-consistent. The registrations carrying it are 2022 first-admissions of the same NX generation as this 2020 row. Implied useful load 550 kg, inside the 350-700 kg band."
