model,size,rating,single_load_kg,dual_load_kg,speed_kmh,source_ref,source_file,source_locator,note,load_index_single,load_index_dual,speed_code,single_load_kg_from_lookup,dual_load_kg_from_lookup,dual_load_kg_normalized,speed_kmh_from_lookup,lookup_consistency,dual_fitment_status,size_geometry_normalized,construction,service_marking,tube_type,ply_rating,inflation_pressure_bar,recommended_rim,designation_nominal_diameter_mm,designation_nominal_radius_m,engineering_gap_flags
У-2,8.25 R20,130/128J,1900,1800,100,niiat-tyre-service,kratkii_avtomobilnyi_spravochnik_niiat_tom_1_2002.pdf,printed p. 230,Радіальна; варіант таблиці ПАЗ-3205.,130,128,J,1900,1800,1800,100,ok,rated,8.25R20,radial,,,,,,,,reference_pressure_not_structured;approved_rim_not_structured;static_radius_not_available;rolling_radius_not_available;dynamic_radius_not_available
КИ-111,8.25 R20,130/128J,1900,1800,100,niiat-tyre-service,kratkii_avtomobilnyi_spravochnik_niiat_tom_1_2002.pdf,printed p. 230,Радіальна; варіант таблиці ПАЗ-3205.,130,128,J,1900,1800,1800,100,ok,rated,8.25R20,radial,,,,,,,,reference_pressure_not_structured;approved_rim_not_structured;static_radius_not_available;rolling_radius_not_available;dynamic_radius_not_available
ВИ-401,8.25 R20,127/124K,1750,1600,110,niiat-tyre-service,kratkii_avtomobilnyi_spravochnik_niiat_tom_1_2002.pdf,printed p. 230,Радіальна; варіант таблиці ПАЗ-3205.,127,124,K,1750,1600,1600,110,ok,rated,8.25R20,radial,,,,,,,,reference_pressure_not_structured;approved_rim_not_structured;static_radius_not_available;rolling_radius_not_available;dynamic_radius_not_available
Mitas NB 41,8.25-20,133/131J,2060,1950,100,mitas-truck-2019,Mitas_truck_2019_en_cz_lr.pdf,PDF p. 4,"Діагональна TT, 14 PR; 6,75 бар; обід 6.5-20. Не є автоматичною заміною радіальної шини.",133,131,J,2060,1950,1950,100,ok,rated,8.25-20,bias,,TT,14,6.75,6.5-20.,,,static_radius_not_available;rolling_radius_not_available;dynamic_radius_not_available
Mitas NB 59,8.25-20,133/131J,2060,1950,100,mitas-truck-2019,Mitas_truck_2019_en_cz_lr.pdf,PDF p. 4,"Діагональна TT, 14 PR; 6,75 бар; обід 6.5-20. Не є автоматичною заміною радіальної шини.",133,131,J,2060,1950,1950,100,ok,rated,8.25-20,bias,,TT,14,6.75,6.5-20.,,,static_radius_not_available;rolling_radius_not_available;dynamic_radius_not_available
Mitas NB 60,8.25-20,133/131J,2060,1950,100,mitas-truck-2019,Mitas_truck_2019_en_cz_lr.pdf,PDF p. 4,"Діагональна TT, 14 PR; 6,75 бар; обід 6.5-20. Не є автоматичною заміною радіальної шини.",133,131,J,2060,1950,1950,100,ok,rated,8.25-20,bias,,TT,14,6.75,6.5-20.,,,static_radius_not_available;rolling_radius_not_available;dynamic_radius_not_available
Mitas NR 21,6.50 R20,115/113L,1215,1150,120,mitas-truck-2019,Mitas_truck_2019_en_cz_lr.pdf,PDF p. 4,"Радіальна TL, 10 PR; 5,50 бар; перевірте обід і зазор.",115,113,L,1215,1150,1150,120,ok,rated,6.50R20,radial,,TL,10,5.50,,,,approved_rim_not_structured;static_radius_not_available;rolling_radius_not_available;dynamic_radius_not_available
Mitas NR 36,6.50 R20,115/113L,1215,1150,120,mitas-truck-2019,Mitas_truck_2019_en_cz_lr.pdf,PDF p. 4,"Радіальна TL, 10 PR; 5,50 бар; перевірте обід і зазор.",115,113,L,1215,1150,1150,120,ok,rated,6.50R20,radial,,TL,10,5.50,,,,approved_rim_not_structured;static_radius_not_available;rolling_radius_not_available;dynamic_radius_not_available
Continental VanContact Ultra,195/75 R16 C,107/105R,975,925,170,continental-technical-data-2024,Continental__TechnicalDataBook_03_24__Screen_EN.pdf.coredownload.pdf,PDF p. 72,Комерційна шина; перевірте обід і зазор.,107,105,R,975,925,925,170,ok,rated,195/75R16,radial,C,,,,,698.9,0.3494,reference_pressure_not_structured;approved_rim_not_structured;static_radius_not_available;rolling_radius_not_available;dynamic_radius_not_available
Continental VanContact AP,205/75 R16 C,110/108R,1060,1000,170,continental-technical-data-2024,Continental__TechnicalDataBook_03_24__Screen_EN.pdf.coredownload.pdf,PDF p. 72,Комерційна шина; перевірте обід і зазор.,110,108,R,1060,1000,1000,170,ok,rated,205/75R16,radial,C,,,,,713.9,0.3569,reference_pressure_not_structured;approved_rim_not_structured;static_radius_not_available;rolling_radius_not_available;dynamic_radius_not_available
Continental VanContact Ice,215/75 R16 C,113/111R,1150,1090,170,continental-technical-data-2024,Continental__TechnicalDataBook_03_24__Screen_EN.pdf.coredownload.pdf,PDF p. 73,Комерційна зимова шина; перевірте обід і зазор.,113,111,R,1150,1090,1090,170,ok,rated,215/75R16,radial,C,,,,,728.9,0.3644,reference_pressure_not_structured;approved_rim_not_structured;static_radius_not_available;rolling_radius_not_available;dynamic_radius_not_available
Continental VanContact Winter,225/75 R16 C,116/114R,1250,1180,170,continental-technical-data-2024,Continental__TechnicalDataBook_03_24__Screen_EN.pdf.coredownload.pdf,PDF p. 73,Комерційна зимова шина; перевірте обід і зазор.,116,114,R,1250,1180,1180,170,ok,rated,225/75R16,radial,C,,,,,743.9,0.372,reference_pressure_not_structured;approved_rim_not_structured;static_radius_not_available;rolling_radius_not_available;dynamic_radius_not_available
Continental VancoCamper,225/75 R16 CP,116R,1250,,170,continental-technical-data-2024,Continental__TechnicalDataBook_03_24__Screen_EN.pdf.coredownload.pdf,PDF p. 73,здвоєне навантаження не подано; застосовувати лише для одиночного встановлення.,116,,R,1250,,,170,ok,not_stated,225/75R16,radial,CP,,,,,743.9,0.372,dual_rating_not_stated;reference_pressure_not_structured;approved_rim_not_structured;static_radius_not_available;rolling_radius_not_available;dynamic_radius_not_available
Continental ContiVanContact 100,215/70 R16 C,108/106T,1000,950,190,continental-technical-data-2024,Continental__TechnicalDataBook_03_24__Screen_EN.pdf.coredownload.pdf,PDF p. 74,Комерційна шина; перевірте обід і зазор.,108,106,T,1000,950,950,190,ok,rated,215/70R16,radial,C,,,,,707.4,0.3537,reference_pressure_not_structured;approved_rim_not_structured;static_radius_not_available;rolling_radius_not_available;dynamic_radius_not_available
Continental VanContact Ultra,195/65 R16 C,104/102T,900,850,190,continental-technical-data-2024,Continental__TechnicalDataBook_03_24__Screen_EN.pdf.coredownload.pdf,PDF p. 76,Комерційна шина; перевірте обід і зазор.,104,102,T,900,850,850,190,ok,rated,195/65R16,radial,C,,,,,659.9,0.3299,reference_pressure_not_structured;approved_rim_not_structured;static_radius_not_available;rolling_radius_not_available;dynamic_radius_not_available
Continental ContiVanContact 100,205/65 R16 C,103/101H,875,825,210,continental-technical-data-2024,Continental__TechnicalDataBook_03_24__Screen_EN.pdf.coredownload.pdf,PDF p. 76,Комерційна шина; перевірте обід і зазор.,103,101,H,875,825,825,210,ok,rated,205/65R16,radial,C,,,,,672.9,0.3364,reference_pressure_not_structured;approved_rim_not_structured;static_radius_not_available;rolling_radius_not_available;dynamic_radius_not_available
Continental VanContact Ultra,215/65 R16 C,106/104T,950,900,190,continental-technical-data-2024,Continental__TechnicalDataBook_03_24__Screen_EN.pdf.coredownload.pdf,PDF p. 76,Комерційна шина; перевірте обід і зазор.,106,104,T,950,900,900,190,ok,rated,215/65R16,radial,C,,,,,685.9,0.3429,reference_pressure_not_structured;approved_rim_not_structured;static_radius_not_available;rolling_radius_not_available;dynamic_radius_not_available
Continental VanContact Ultra,225/65 R16 C,112/110R,1120,1060,170,continental-technical-data-2024,Continental__TechnicalDataBook_03_24__Screen_EN.pdf.coredownload.pdf,PDF p. 77,Комерційна шина; перевірте обід і зазор.,112,110,R,1120,1060,1060,170,ok,rated,225/65R16,radial,C,,,,,698.9,0.3494,reference_pressure_not_structured;approved_rim_not_structured;static_radius_not_available;rolling_radius_not_available;dynamic_radius_not_available
Continental VancoCamper,225/65 R16 CP,112R,1120,,170,continental-technical-data-2024,Continental__TechnicalDataBook_03_24__Screen_EN.pdf.coredownload.pdf,PDF p. 77,здвоєне навантаження не подано; застосовувати лише для одиночного встановлення.,112,,R,1120,,,170,ok,not_stated,225/65R16,radial,CP,,,,,698.9,0.3494,dual_rating_not_stated;reference_pressure_not_structured;approved_rim_not_structured;static_radius_not_available;rolling_radius_not_available;dynamic_radius_not_available
Continental VanContact Ultra,235/65 R16 C,115/113R,1215,1150,170,continental-technical-data-2024,Continental__TechnicalDataBook_03_24__Screen_EN.pdf.coredownload.pdf,PDF p. 77,Комерційна шина; перевірте обід і зазор.,115,113,R,1215,1150,1150,170,ok,rated,235/65R16,radial,C,,,,,711.9,0.3559,reference_pressure_not_structured;approved_rim_not_structured;static_radius_not_available;rolling_radius_not_available;dynamic_radius_not_available
Continental VanContact Camper,235/65 R16 CP,115R,1215,,170,continental-technical-data-2024,Continental__TechnicalDataBook_03_24__Screen_EN.pdf.coredownload.pdf,PDF p. 78,здвоєне навантаження не подано; застосовувати лише для одиночного встановлення.,115,,R,1215,,,170,ok,not_stated,235/65R16,radial,CP,,,,,711.9,0.3559,dual_rating_not_stated;reference_pressure_not_structured;approved_rim_not_structured;static_radius_not_available;rolling_radius_not_available;dynamic_radius_not_available
Continental ContiVanContact 100,285/65 R16 C,131R,1950,,170,continental-technical-data-2024,Continental__TechnicalDataBook_03_24__Screen_EN.pdf.coredownload.pdf,PDF p. 78,здвоєне навантаження не подано; застосовувати лише для одиночного встановлення.,131,,R,1950,,,170,ok,not_stated,285/65R16,radial,C,,,,,776.9,0.3884,dual_rating_not_stated;reference_pressure_not_structured;approved_rim_not_structured;static_radius_not_available;rolling_radius_not_available;dynamic_radius_not_available
