#WLTC_class_1,,
#version 1.4,,
Time (sec), Vehicle speed (km/h), Phase
0,0.0 ,Low
1,0.0 ,Low
2,0.0 ,Low
3,0.0 ,Low
4,0.0 ,Low
5,0.0 ,Low
6,0.0 ,Low
7,0.0 ,Low
8,0.0 ,Low
9,0.0 ,Low
10,0.0 ,Low
11,0.0 ,Low
12,0.2 ,Low
13,3.1 ,Low
14,5.7 ,Low
15,8.0 ,Low
16,10.1 ,Low
17,12.0 ,Low
18,13.8 ,Low
19,15.4 ,Low
20,16.7 ,Low
21,17.7 ,Low
22,18.3 ,Low
23,18.8 ,Low
24,18.9 ,Low
25,18.4 ,Low
26,16.9 ,Low
27,14.3 ,Low
28,10.8 ,Low
29,7.1 ,Low
30,4.0 ,Low
31,0.0 ,Low
32,0.0 ,Low
33,0.0 ,Low
34,0.0 ,Low
35,1.5 ,Low
36,4.0 ,Low
37,5.8 ,Low
38,7.5 ,Low
39,9.2 ,Low
40,10.9 ,Low
41,12.4 ,Low
42,13.9 ,Low
43,15.4 ,Low
44,16.6 ,Low
45,17.5 ,Low
46,18.3 ,Low
47,18.9 ,Low
48,19.5 ,Low
49,20.1 ,Low
50,20.8 ,Low
51,21.6 ,Low
52,22.5 ,Low
53,23.2 ,Low
54,23.9 ,Low
55,24.5 ,Low
56,25.1 ,Low
57,25.4 ,Low
58,25.2 ,Low
59,24.2 ,Low
60,22.3 ,Low
61,19.9 ,Low
62,17.3 ,Low
63,14.7 ,Low
64,12.1 ,Low
65,9.5 ,Low
66,6.6 ,Low
67,4.1 ,Low
68,0.0 ,Low
69,0.0 ,Low
70,0.0 ,Low
71,0.0 ,Low
72,0.0 ,Low
73,0.0 ,Low
74,0.0 ,Low
75,0.0 ,Low
76,0.0 ,Low
77,0.0 ,Low
78,0.0 ,Low
79,0.0 ,Low
80,0.0 ,Low
81,0.0 ,Low
82,0.0 ,Low
83,0.0 ,Low
84,0.0 ,Low
85,0.0 ,Low
86,0.0 ,Low
87,0.0 ,Low
88,0.0 ,Low
89,0.0 ,Low
90,0.0 ,Low
91,0.0 ,Low
92,0.0 ,Low
93,0.0 ,Low
94,0.0 ,Low
95,0.0 ,Low
96,0.0 ,Low
97,0.0 ,Low
98,0.0 ,Low
99,0.0 ,Low
100,0.0 ,Low
101,0.0 ,Low
102,0.0 ,Low
103,0.0 ,Low
104,0.0 ,Low
105,0.0 ,Low
106,0.0 ,Low
107,0.0 ,Low
108,0.7 ,Low
109,1.1 ,Low
110,1.5 ,Low
111,2.5 ,Low
112,3.5 ,Low
113,4.7 ,Low
114,6.1 ,Low
115,7.8 ,Low
116,9.6 ,Low
117,11.4 ,Low
118,13.1 ,Low
119,15.0 ,Low
120,16.6 ,Low
121,18.4 ,Low
122,20.0 ,Low
123,21.8 ,Low
124,23.4 ,Low
125,25.1 ,Low
126,26.8 ,Low
127,28.5 ,Low
128,30.0 ,Low
129,31.4 ,Low
130,32.5 ,Low
131,33.2 ,Low
132,33.4 ,Low
133,33.0 ,Low
134,32.4 ,Low
135,32.1 ,Low
136,31.9 ,Low
137,31.9 ,Low
138,32.2 ,Low
139,32.9 ,Low
140,33.7 ,Low
141,34.6 ,Low
142,35.6 ,Low
143,36.6 ,Low
144,37.5 ,Low
145,38.4 ,Low
146,39.3 ,Low
147,40.0 ,Low
148,40.6 ,Low
149,41.1 ,Low
150,41.4 ,Low
151,41.6 ,Low
152,41.8 ,Low
153,41.8 ,Low
154,41.9 ,Low
155,41.9 ,Low
156,42.0 ,Low
157,42.1 ,Low
158,42.2 ,Low
159,42.3 ,Low
160,42.6 ,Low
161,43.0 ,Low
162,43.4 ,Low
163,43.7 ,Low
164,44.1 ,Low
165,44.4 ,Low
166,44.5 ,Low
167,44.6 ,Low
168,44.5 ,Low
169,44.4 ,Low
170,44.4 ,Low
171,44.3 ,Low
172,44.3 ,Low
173,44.3 ,Low
174,44.2 ,Low
175,44.1 ,Low
176,44.0 ,Low
177,43.9 ,Low
178,43.8 ,Low
179,43.7 ,Low
180,43.5 ,Low
181,43.4 ,Low
182,43.1 ,Low
183,42.9 ,Low
184,42.7 ,Low
185,42.5 ,Low
186,42.3 ,Low
187,42.2 ,Low
188,42.2 ,Low
189,42.2 ,Low
190,42.3 ,Low
191,42.4 ,Low
192,42.4 ,Low
193,42.6 ,Low
194,42.8 ,Low
195,43.1 ,Low
196,43.3 ,Low
197,43.4 ,Low
198,43.4 ,Low
199,43.4 ,Low
200,43.2 ,Low
201,42.9 ,Low
202,42.6 ,Low
203,42.2 ,Low
204,41.9 ,Low
205,41.5 ,Low
206,41.0 ,Low
207,40.5 ,Low
208,39.9 ,Low
209,39.3 ,Low
210,38.7 ,Low
211,38.1 ,Low
212,37.6 ,Low
213,37.1 ,Low
214,36.5 ,Low
215,35.7 ,Low
216,35.1 ,Low
217,34.4 ,Low
218,33.9 ,Low
219,33.6 ,Low
220,33.5 ,Low
221,33.6 ,Low
222,33.9 ,Low
223,34.3 ,Low
224,34.8 ,Low
225,35.2 ,Low
226,35.6 ,Low
227,36.0 ,Low
228,36.4 ,Low
229,36.9 ,Low
230,37.4 ,Low
231,37.9 ,Low
232,38.3 ,Low
233,38.7 ,Low
234,39.1 ,Low
235,39.3 ,Low
236,39.5 ,Low
237,39.7 ,Low
238,39.9 ,Low
239,40.0 ,Low
240,40.1 ,Low
241,40.1 ,Low
242,40.1 ,Low
243,40.0 ,Low
244,39.8 ,Low
245,39.8 ,Low
246,39.8 ,Low
247,39.9 ,Low
248,40.1 ,Low
249,40.1 ,Low
250,39.7 ,Low
251,38.8 ,Low
252,37.4 ,Low
253,35.6 ,Low
254,33.4 ,Low
255,31.2 ,Low
256,29.1 ,Low
257,27.6 ,Low
258,26.6 ,Low
259,26.2 ,Low
260,26.3 ,Low
261,26.7 ,Low
262,27.5 ,Low
263,28.4 ,Low
264,29.4 ,Low
265,30.4 ,Low
266,31.2 ,Low
267,31.9 ,Low
268,32.5 ,Low
269,33.0 ,Low
270,33.4 ,Low
271,33.8 ,Low
272,34.1 ,Low
273,34.3 ,Low
274,34.3 ,Low
275,33.9 ,Low
276,33.3 ,Low
277,32.6 ,Low
278,31.8 ,Low
279,30.7 ,Low
280,29.6 ,Low
281,28.6 ,Low
282,27.8 ,Low
283,27.2 ,Low
284,26.4 ,Low
285,25.8 ,Low
286,25.3 ,Low
287,24.9 ,Low
288,24.5 ,Low
289,24.2 ,Low
290,24.0 ,Low
291,23.8 ,Low
292,23.6 ,Low
293,23.5 ,Low
294,23.4 ,Low
295,23.3 ,Low
296,23.3 ,Low
297,23.2 ,Low
298,23.1 ,Low
299,23.0 ,Low
300,22.8 ,Low
301,22.5 ,Low
302,22.1 ,Low
303,21.7 ,Low
304,21.1 ,Low
305,20.4 ,Low
306,19.5 ,Low
307,18.5 ,Low
308,17.6 ,Low
309,16.6 ,Low
310,15.7 ,Low
311,14.9 ,Low
312,14.3 ,Low
313,13.8 ,Low
314,13.6 ,Low
315,13.4 ,Low
316,13.4 ,Low
317,13.5 ,Low
318,13.5 ,Low
319,13.5 ,Low
320,13.4 ,Low
321,13.3 ,Low
322,13.1 ,Low
323,12.9 ,Low
324,12.9 ,Low
325,12.8 ,Low
326,13.0 ,Low
327,13.4 ,Low
328,13.8 ,Low
329,14.1 ,Low
330,14.2 ,Low
331,14.4 ,Low
332,14.5 ,Low
333,14.5 ,Low
334,14.4 ,Low
335,14.3 ,Low
336,14.3 ,Low
337,14.0 ,Low
338,13.0 ,Low
339,11.4 ,Low
340,9.2 ,Low
341,6.9 ,Low
342,4.8 ,Low
343,3.3 ,Low
344,2.3 ,Low
345,1.9 ,Low
346,1.7 ,Low
347,1.6 ,Low
348,1.4 ,Low
349,1.3 ,Low
350,1.2 ,Low
351,1.1 ,Low
352,1.0 ,Low
353,0.8 ,Low
354,0.6 ,Low
355,0.0 ,Low
356,0.0 ,Low
357,0.0 ,Low
358,0.0 ,Low
359,0.0 ,Low
360,0.0 ,Low
361,2.2 ,Low
362,4.5 ,Low
363,6.6 ,Low
364,8.6 ,Low
365,10.6 ,Low
366,12.5 ,Low
367,14.4 ,Low
368,16.3 ,Low
369,17.9 ,Low
370,19.1 ,Low
371,19.9 ,Low
372,20.3 ,Low
373,20.5 ,Low
374,20.7 ,Low
375,21.0 ,Low
376,21.6 ,Low
377,22.6 ,Low
378,23.7 ,Low
379,24.8 ,Low
380,25.7 ,Low
381,26.2 ,Low
382,26.4 ,Low
383,26.4 ,Low
384,26.4 ,Low
385,26.5 ,Low
386,26.6 ,Low
387,26.8 ,Low
388,26.9 ,Low
389,27.2 ,Low
390,27.5 ,Low
391,28.0 ,Low
392,28.8 ,Low
393,29.9 ,Low
394,31.0 ,Low
395,31.9 ,Low
396,32.5 ,Low
397,32.6 ,Low
398,32.4 ,Low
399,32.0 ,Low
400,31.3 ,Low
401,30.3 ,Low
402,28.5 ,Low
403,26.2 ,Low
404,23.6 ,Low
405,21.1 ,Low
406,19.0 ,Low
407,17.5 ,Low
408,16.0 ,Low
409,14.0 ,Low
410,11.4 ,Low
411,8.4 ,Low
412,5.3 ,Low
413,2.9 ,Low
414,0.0 ,Low
415,0.0 ,Low
416,0.0 ,Low
417,0.0 ,Low
418,0.0 ,Low
419,0.0 ,Low
420,0.0 ,Low
421,0.0 ,Low
422,0.0 ,Low
423,0.0 ,Low
424,0.0 ,Low
425,0.0 ,Low
426,0.0 ,Low
427,0.0 ,Low
428,0.0 ,Low
429,0.0 ,Low
430,0.0 ,Low
431,0.0 ,Low
432,0.0 ,Low
433,0.0 ,Low
434,0.0 ,Low
435,0.0 ,Low
436,0.0 ,Low
437,0.0 ,Low
438,0.0 ,Low
439,0.0 ,Low
440,0.0 ,Low
441,0.0 ,Low
442,0.0 ,Low
443,0.0 ,Low
444,0.0 ,Low
445,0.0 ,Low
446,0.0 ,Low
447,0.0 ,Low
448,0.0 ,Low
449,0.0 ,Low
450,0.0 ,Low
451,0.0 ,Low
452,0.0 ,Low
453,0.0 ,Low
454,0.0 ,Low
455,0.0 ,Low
456,0.0 ,Low
457,0.0 ,Low
458,0.0 ,Low
459,0.0 ,Low
460,0.0 ,Low
461,0.0 ,Low
462,0.0 ,Low
463,0.0 ,Low
464,0.0 ,Low
465,0.0 ,Low
466,0.0 ,Low
467,0.0 ,Low
468,0.0 ,Low
469,0.0 ,Low
470,0.0 ,Low
471,0.0 ,Low
472,0.0 ,Low
473,0.0 ,Low
474,0.0 ,Low
475,0.0 ,Low
476,0.0 ,Low
477,0.0 ,Low
478,0.0 ,Low
479,0.0 ,Low
480,0.0 ,Low
481,1.6 ,Low
482,3.1 ,Low
483,4.5 ,Low
484,6.1 ,Low
485,7.6 ,Low
486,9.4 ,Low
487,11.3 ,Low
488,13.3 ,Low
489,15.0 ,Low
490,16.9 ,Low
491,18.5 ,Low
492,20.1 ,Low
493,21.7 ,Low
494,23.2 ,Low
495,24.6 ,Low
496,25.8 ,Low
497,27.5 ,Low
498,28.9 ,Low
499,30.5 ,Low
500,32.1 ,Low
501,33.8 ,Low
502,35.3 ,Low
503,36.8 ,Low
504,38.3 ,Low
505,39.6 ,Low
506,40.6 ,Low
507,41.3 ,Low
508,42.0 ,Low
509,42.5 ,Low
510,43.2 ,Low
511,44.1 ,Low
512,44.8 ,Low
513,45.3 ,Low
514,45.5 ,Low
515,45.5 ,Low
516,45.2 ,Low
517,44.7 ,Low
518,44.2 ,Low
519,43.6 ,Low
520,43.1 ,Low
521,42.8 ,Low
522,42.7 ,Low
523,42.8 ,Low
524,43.3 ,Low
525,43.9 ,Low
526,44.6 ,Low
527,45.4 ,Low
528,46.3 ,Low
529,47.2 ,Low
530,47.8 ,Low
531,48.2 ,Low
532,48.5 ,Low
533,48.7 ,Low
534,48.9 ,Low
535,49.1 ,Low
536,49.1 ,Low
537,49.0 ,Low
538,48.8 ,Low
539,48.6 ,Low
540,48.5 ,Low
541,48.6 ,Low
542,48.7 ,Low
543,48.6 ,Low
544,48.2 ,Low
545,47.5 ,Low
546,46.7 ,Low
547,45.7 ,Low
548,44.6 ,Low
549,42.9 ,Low
550,40.8 ,Low
551,38.2 ,Low
552,35.3 ,Low
553,31.8 ,Low
554,28.7 ,Low
555,25.8 ,Low
556,22.9 ,Low
557,20.2 ,Low
558,17.8 ,Low
559,15.5 ,Low
560,13.3 ,Low
561,11.3 ,Low
562,9.3 ,Low
563,7.4 ,Low
564,5.5 ,Low
565,3.7 ,Low
566,2.2 ,Low
567,0.0 ,Low
568,0.0 ,Low
569,0.0 ,Low
570,0.0 ,Low
571,0.0 ,Low
572,0.0 ,Low
573,0.0 ,Low
574,0.0 ,Low
575,0.0 ,Low
576,0.0 ,Low
577,0.0 ,Low
578,0.0 ,Low
579,0.0 ,Low
580,0.0 ,Low
581,0.0 ,Low
582,0.0 ,Low
583,0.0 ,Low
584,0.0 ,Low
585,0.0 ,Low
586,0.0 ,Low
587,0.0 ,Low
588,0.0 ,Low
589,0.0 ,Low
590,0.0 ,Medium
591,0.0 ,Medium
592,0.0 ,Medium
593,0.0 ,Medium
594,0.0 ,Medium
595,0.0 ,Medium
596,0.0 ,Medium
597,0.0 ,Medium
598,0.0 ,Medium
599,0.0 ,Medium
600,0.6 ,Medium
601,1.9 ,Medium
602,2.7 ,Medium
603,5.2 ,Medium
604,7.0 ,Medium
605,9.4 ,Medium
606,11.5 ,Medium
607,13.8 ,Medium
608,15.9 ,Medium
609,18.1 ,Medium
610,19.9 ,Medium
611,21.8 ,Medium
612,23.4 ,Medium
613,24.7 ,Medium
614,25.8 ,Medium
615,26.7 ,Medium
616,27.2 ,Medium
617,27.7 ,Medium
618,28.1 ,Medium
619,28.4 ,Medium
620,28.7 ,Medium
621,29.0 ,Medium
622,29.2 ,Medium
623,29.4 ,Medium
624,29.4 ,Medium
625,29.3 ,Medium
626,28.9 ,Medium
627,28.5 ,Medium
628,28.1 ,Medium
629,27.6 ,Medium
630,26.9 ,Medium
631,26.0 ,Medium
632,24.6 ,Medium
633,22.8 ,Medium
634,21.0 ,Medium
635,19.5 ,Medium
636,18.6 ,Medium
637,18.4 ,Medium
638,19.0 ,Medium
639,20.1 ,Medium
640,21.5 ,Medium
641,23.1 ,Medium
642,24.9 ,Medium
643,26.4 ,Medium
644,27.9 ,Medium
645,29.2 ,Medium
646,30.5 ,Medium
647,31.6 ,Medium
648,32.8 ,Medium
649,33.9 ,Medium
650,35.2 ,Medium
651,36.3 ,Medium
652,37.5 ,Medium
653,38.5 ,Medium
654,39.7 ,Medium
655,40.8 ,Medium
656,41.7 ,Medium
657,42.5 ,Medium
658,43.2 ,Medium
659,43.7 ,Medium
660,44.1 ,Medium
661,44.4 ,Medium
662,44.8 ,Medium
663,45.1 ,Medium
664,45.6 ,Medium
665,46.0 ,Medium
666,46.5 ,Medium
667,47.0 ,Medium
668,47.5 ,Medium
669,48.0 ,Medium
670,48.6 ,Medium
671,49.1 ,Medium
672,49.7 ,Medium
673,50.3 ,Medium
674,50.8 ,Medium
675,51.2 ,Medium
676,51.8 ,Medium
677,52.3 ,Medium
678,52.9 ,Medium
679,53.4 ,Medium
680,54.0 ,Medium
681,54.5 ,Medium
682,55.0 ,Medium
683,55.6 ,Medium
684,56.2 ,Medium
685,56.7 ,Medium
686,57.3 ,Medium
687,57.9 ,Medium
688,58.4 ,Medium
689,58.8 ,Medium
690,58.9 ,Medium
691,58.4 ,Medium
692,58.1 ,Medium
693,57.6 ,Medium
694,56.9 ,Medium
695,56.3 ,Medium
696,55.7 ,Medium
697,55.2 ,Medium
698,54.9 ,Medium
699,54.6 ,Medium
700,54.4 ,Medium
701,54.4 ,Medium
702,54.4 ,Medium
703,54.3 ,Medium
704,54.2 ,Medium
705,53.9 ,Medium
706,53.5 ,Medium
707,53.1 ,Medium
708,52.6 ,Medium
709,52.1 ,Medium
710,51.7 ,Medium
711,51.6 ,Medium
712,51.5 ,Medium
713,51.7 ,Medium
714,52.0 ,Medium
715,52.3 ,Medium
716,52.7 ,Medium
717,52.9 ,Medium
718,53.1 ,Medium
719,53.3 ,Medium
720,53.3 ,Medium
721,53.3 ,Medium
722,53.3 ,Medium
723,53.4 ,Medium
724,53.5 ,Medium
725,53.8 ,Medium
726,54.3 ,Medium
727,54.8 ,Medium
728,55.5 ,Medium
729,56.3 ,Medium
730,57.1 ,Medium
731,57.9 ,Medium
732,58.8 ,Medium
733,59.6 ,Medium
734,60.4 ,Medium
735,61.1 ,Medium
736,61.5 ,Medium
737,61.7 ,Medium
738,61.8 ,Medium
739,61.8 ,Medium
740,61.6 ,Medium
741,61.2 ,Medium
742,60.8 ,Medium
743,60.4 ,Medium
744,59.8 ,Medium
745,59.4 ,Medium
746,58.9 ,Medium
747,58.5 ,Medium
748,58.1 ,Medium
749,57.9 ,Medium
750,57.7 ,Medium
751,57.5 ,Medium
752,57.3 ,Medium
753,57.0 ,Medium
754,56.7 ,Medium
755,56.4 ,Medium
756,56.4 ,Medium
757,56.6 ,Medium
758,56.9 ,Medium
759,57.4 ,Medium
760,58.1 ,Medium
761,58.9 ,Medium
762,59.8 ,Medium
763,60.6 ,Medium
764,61.4 ,Medium
765,62.2 ,Medium
766,63.0 ,Medium
767,63.7 ,Medium
768,64.2 ,Medium
769,64.4 ,Medium
770,64.4 ,Medium
771,64.0 ,Medium
772,63.5 ,Medium
773,62.9 ,Medium
774,62.3 ,Medium
775,61.8 ,Medium
776,61.5 ,Medium
777,61.3 ,Medium
778,61.3 ,Medium
779,61.2 ,Medium
780,60.9 ,Medium
781,60.4 ,Medium
782,59.7 ,Medium
783,59.0 ,Medium
784,58.2 ,Medium
785,57.2 ,Medium
786,56.2 ,Medium
787,55.3 ,Medium
788,54.4 ,Medium
789,53.5 ,Medium
790,52.5 ,Medium
791,51.4 ,Medium
792,50.4 ,Medium
793,49.4 ,Medium
794,48.5 ,Medium
795,47.5 ,Medium
796,46.5 ,Medium
797,45.5 ,Medium
798,44.3 ,Medium
799,43.2 ,Medium
800,42.0 ,Medium
801,40.7 ,Medium
802,39.6 ,Medium
803,38.6 ,Medium
804,37.8 ,Medium
805,37.4 ,Medium
806,37.1 ,Medium
807,36.9 ,Medium
808,37.0 ,Medium
809,37.4 ,Medium
810,37.8 ,Medium
811,38.2 ,Medium
812,38.6 ,Medium
813,39.0 ,Medium
814,39.5 ,Medium
815,40.1 ,Medium
816,40.6 ,Medium
817,41.2 ,Medium
818,41.9 ,Medium
819,42.6 ,Medium
820,43.4 ,Medium
821,44.2 ,Medium
822,45.0 ,Medium
823,45.8 ,Medium
824,46.8 ,Medium
825,47.7 ,Medium
826,48.7 ,Medium
827,49.7 ,Medium
828,50.7 ,Medium
829,51.6 ,Medium
830,52.5 ,Medium
831,53.4 ,Medium
832,54.2 ,Medium
833,54.9 ,Medium
834,55.4 ,Medium
835,55.8 ,Medium
836,56.2 ,Medium
837,56.4 ,Medium
838,56.7 ,Medium
839,57.0 ,Medium
840,57.4 ,Medium
841,57.9 ,Medium
842,58.6 ,Medium
843,59.3 ,Medium
844,60.1 ,Medium
845,60.8 ,Medium
846,61.3 ,Medium
847,61.5 ,Medium
848,61.5 ,Medium
849,61.4 ,Medium
850,61.2 ,Medium
851,60.6 ,Medium
852,60.0 ,Medium
853,59.4 ,Medium
854,58.9 ,Medium
855,58.4 ,Medium
856,57.9 ,Medium
857,57.5 ,Medium
858,57.0 ,Medium
859,56.7 ,Medium
860,56.3 ,Medium
861,56.0 ,Medium
862,55.8 ,Medium
863,55.6 ,Medium
864,55.3 ,Medium
865,55.0 ,Medium
866,54.6 ,Medium
867,54.4 ,Medium
868,54.2 ,Medium
869,54.0 ,Medium
870,53.9 ,Medium
871,53.7 ,Medium
872,53.6 ,Medium
873,53.5 ,Medium
874,53.4 ,Medium
875,53.3 ,Medium
876,53.1 ,Medium
877,53.0 ,Medium
878,53.0 ,Medium
879,53.0 ,Medium
880,53.1 ,Medium
881,53.3 ,Medium
882,53.3 ,Medium
883,53.3 ,Medium
884,53.1 ,Medium
885,52.8 ,Medium
886,52.2 ,Medium
887,51.3 ,Medium
888,50.2 ,Medium
889,49.2 ,Medium
890,48.2 ,Medium
891,47.2 ,Medium
892,46.3 ,Medium
893,45.5 ,Medium
894,44.9 ,Medium
895,44.3 ,Medium
896,43.8 ,Medium
897,43.2 ,Medium
898,42.8 ,Medium
899,42.4 ,Medium
900,42.0 ,Medium
901,41.7 ,Medium
902,41.3 ,Medium
903,40.7 ,Medium
904,39.6 ,Medium
905,38.4 ,Medium
906,37.5 ,Medium
907,36.7 ,Medium
908,36.2 ,Medium
909,36.0 ,Medium
910,36.2 ,Medium
911,37.0 ,Medium
912,38.0 ,Medium
913,39.0 ,Medium
914,39.7 ,Medium
915,40.2 ,Medium
916,40.7 ,Medium
917,41.2 ,Medium
918,41.7 ,Medium
919,42.3 ,Medium
920,42.7 ,Medium
921,43.2 ,Medium
922,43.6 ,Medium
923,44.0 ,Medium
924,44.2 ,Medium
925,44.1 ,Medium
926,44.1 ,Medium
927,44.1 ,Medium
928,44.3 ,Medium
929,44.4 ,Medium
930,44.5 ,Medium
931,44.4 ,Medium
932,44.3 ,Medium
933,44.1 ,Medium
934,43.7 ,Medium
935,43.3 ,Medium
936,42.9 ,Medium
937,42.5 ,Medium
938,41.8 ,Medium
939,40.9 ,Medium
940,39.8 ,Medium
941,38.7 ,Medium
942,37.7 ,Medium
943,36.7 ,Medium
944,35.9 ,Medium
945,35.3 ,Medium
946,34.9 ,Medium
947,34.6 ,Medium
948,34.4 ,Medium
949,34.2 ,Medium
950,33.9 ,Medium
951,33.6 ,Medium
952,33.3 ,Medium
953,33.0 ,Medium
954,32.8 ,Medium
955,32.4 ,Medium
956,31.9 ,Medium
957,31.4 ,Medium
958,31.0 ,Medium
959,30.6 ,Medium
960,30.3 ,Medium
961,29.8 ,Medium
962,29.1 ,Medium
963,28.5 ,Medium
964,27.7 ,Medium
965,26.8 ,Medium
966,25.8 ,Medium
967,24.9 ,Medium
968,24.2 ,Medium
969,23.8 ,Medium
970,23.4 ,Medium
971,22.9 ,Medium
972,22.2 ,Medium
973,21.1 ,Medium
974,19.6 ,Medium
975,18.1 ,Medium
976,16.0 ,Medium
977,14.0 ,Medium
978,12.0 ,Medium
979,10.3 ,Medium
980,8.5 ,Medium
981,6.5 ,Medium
982,4.6 ,Medium
983,3.1 ,Medium
984,1.9 ,Medium
985,1.0 ,Medium
986,0.0 ,Medium
987,0.0 ,Medium
988,0.0 ,Medium
989,0.0 ,Medium
990,0.0 ,Medium
991,0.0 ,Medium
992,0.0 ,Medium
993,0.0 ,Medium
994,0.0 ,Medium
995,0.0 ,Medium
996,0.0 ,Medium
997,0.0 ,Medium
998,0.0 ,Medium
999,0.0 ,Medium
1000,0.0 ,Medium
1001,0.0 ,Medium
1002,0.0 ,Medium
1003,0.0 ,Medium
1004,0.0 ,Medium
1005,0.0 ,Medium
1006,0.0 ,Medium
1007,0.0 ,Medium
1008,0.0 ,Medium
1009,0.0 ,Medium
1010,0.0 ,Medium
1011,0.0 ,Medium
1012,0.0 ,Medium
1013,0.0 ,Medium
1014,0.0 ,Medium
1015,0.0 ,Medium
1016,0.0 ,Medium
1017,0.0 ,Medium
1018,0.0 ,Medium
1019,0.0 ,Medium
1020,0.0 ,Medium
1021,0.0 ,Medium
1022,0.0 ,Medium
